searchText,query,budgetMin,budgetMax,brand,color,sortBy,intent
please worth it speaker Lenovo in red ₹4158-48706 new with good quality,speaker,4158,48706,Lenovo,red,value,value
affordable speaker between ₹9915 and ₹10540 lightweight with good quality,speaker,9915,10540,,silver,value,value
best iphone ₹31911-62219 wireless,phone,31911,62219,Sony,,ranking,best
good reviews mouse Asics in blue between ₹1153 and ₹8981 gaming,mouse,1153,8981,Asics,blue,reviews,reviews
please recommended speaker ₹18302-42394 durable,speaker,18302,42394,,,ranking,best
customer reviews shoes Puma between ₹2993 and ₹5361 for students,shoe,2993,5361,Puma,,reviews,reviews
please affordable wireless headphones SteelSeries between ₹19955 and ₹34193 premium with good quality,headphone,19955,34193,SteelSeries,,value,value
good reviews android phone Xiaomi starting from 27543-31906,phone,27543,31906,Xiaomi,,reviews,reviews
top rated sneakers in gold between ₹7096 and ₹17797 for students,shoe,7096,17797,,gold,reviews,reviews
best overall mechanical keyboard starting from 7631-18075 gaming,keyboard,7631,18075,,,ranking,best
please highest rated mechanical keyboard below 4524 new,keyboard,0,4524,,,reviews,reviews
recommended iphone between ₹12207 and ₹74703 for office,phone,12207,74703,,,ranking,best
please good reviews external drive starting from 12004-33499 lightweight,storage,12004,33499,,,reviews,reviews
please best mouse under ₹3210 with good quality,mouse,0,3210,,,ranking,best
affordable bluetooth speaker Corsair in purple below 32413 for office with good quality,speaker,0,32413,Corsair,purple,value,value
budget speaker in gray below 19279 premium with good quality,speaker,0,19279,,gray,value,value
please budget smartphone ₹8483-20907 lightweight with good quality,phone,8483,20907,SteelSeries,orange,value,value
budget camera Nikon in brown between ₹84845 and ₹212622 latest with good quality,camera,84845,212622,Nikon,brown,value,value
best overall mouse Razer under ₹10718 lightweight,mouse,0,10718,Razer,gold,ranking,best
budget sneakers in purple between ₹5082 and ₹10465 for office,shoe,5082,10465,,purple,value,value
suggest iphone below 38538,phone,0,38538,Crucial,,ranking,best
please value for money macbook starting from 89477-195465 new with good quality,laptop,89477,195465,Corsair,,value,value
budget mobile between ₹14901 and ₹62130 wireless with good quality,phone,14901,62130,,green,value,value
please pick for me camera in yellow starting from 95507-164377,camera,95507,164377,,yellow,ranking,best
good reviews hdd below 28848 gaming,storage,0,28848,,,reviews,reviews
please affordable boots starting from 1642-13431 with good quality,shoe,1642,13431,,blue,value,value
please best reviews computer in brown between ₹76274 and ₹198477 new,laptop,76274,198477,,brown,reviews,reviews
best reviews tablet ₹22915-52334 new,tablet,22915,52334,,,reviews,reviews
best bluetooth speaker Corsair in black under ₹21261 gaming,speaker,0,21261,Corsair,black,ranking,best
worth it mirrorless camera below 69797 new,camera,0,69797,,black,value,value
please highest rated bluetooth speaker ₹17417-27751 durable,speaker,17417,27751,,,reviews,reviews
worth it dslr under ₹165685 lightweight,camera,0,165685,,,value,value
please cheap speaker Canon starting from 16305-27625 gaming,speaker,16305,27625,Canon,blue,value,value
please worth it ipad Puma in silver below 72664,tablet,0,72664,Puma,silver,value,value
please worth it phone in navy below 55616,phone,0,55616,,navy,value,value
customer reviews mechanical keyboard ₹5518-19071,keyboard,5518,19071,,,reviews,reviews
please highest rated headphone ₹17881-33960 wireless,headphone,17881,33960,,,reviews,reviews
pick for me keyboard Google in brown ₹6286-9991 for students,keyboard,6286,9991,Google,brown,ranking,best
cheap mouse between ₹3616 and ₹11630,mouse,3616,11630,,navy,value,value
pick for me external drive ₹8999-16389 gaming,storage,8999,16389,,,ranking,best
please worth it storage Nikon starting from 9751-10834 new,storage,9751,10834,Nikon,,value,value
please good reviews sneakers MSI between ₹7035 and ₹13446,shoe,7035,13446,MSI,yellow,reviews,reviews
budget tablet below 109696 with good quality,tablet,0,109696,,,value,value
suggest display below 65278 new with good quality,monitor,0,65278,,,ranking,best
value for money headphone Adidas starting from 13098-39293 lightweight,headphone,13098,39293,Adidas,,value,value
worth it gaming mouse ₹6911-7783 new,mouse,6911,7783,,,value,value
budget dslr in yellow starting from 72258-112563,camera,72258,112563,,yellow,value,value
pick for me monitor Western Digital in blue starting from 13139-72426 for office,monitor,13139,72426,Western Digital,blue,ranking,best
value for money fitness watch in purple starting from 30039-48344,watch,30039,48344,,purple,value,value
highest rated tablet below 39831 lightweight,tablet,0,39831,,,reviews,reviews
please affordable screen in brown between ₹14839 and ₹38095 lightweight with good quality,monitor,14839,38095,,brown,value,value
best overall mechanical keyboard starting from 2272-18338 new,keyboard,2272,18338,,,ranking,best
best overall smartwatch Nike between ₹10188 and ₹16353 premium with good quality,watch,10188,16353,Nike,,ranking,best
highest rated shoe ₹3591-6811 new with good quality,shoe,3591,6811,,,reviews,reviews
value for money speaker in navy starting from 10756-16538 with good quality,speaker,10756,16538,,navy,value,value
please best reviews keyboard Canon in purple below 5174 new with good quality,keyboard,0,5174,Canon,purple,reviews,reviews
suggest screen ₹11585-49547 lightweight,monitor,11585,49547,,,ranking,best
please recommended speaker between ₹14730 and ₹22451 with good quality,speaker,14730,22451,,,ranking,best
highest rated earphones ₹15190-23539,headphone,15190,23539,,,reviews,reviews
value for money mobile under ₹58325 latest,phone,0,58325,,,value,value
recommended earbuds starting from 16217-45398 for students,headphone,16217,45398,,,ranking,best
highest rated dslr Fossil in red ₹65955-247997,camera,65955,247997,Fossil,red,reviews,reviews
pick for me dslr under ₹240637 gaming,camera,0,240637,,,ranking,best
pick for me screen under ₹71062 lightweight with good quality,monitor,0,71062,,gold,ranking,best
suggest dslr Samsung starting from 96896-137458,camera,96896,137458,Samsung,,ranking,best
please cheap monitor in purple ₹28454-37600 durable,monitor,28454,37600,,purple,value,value
suggest gaming mouse between ₹4158 and ₹13182 durable,mouse,4158,13182,,,ranking,best
please pick for me ipad in gray ₹34920-40840 premium,tablet,34920,40840,,gray,ranking,best
top rated gaming mouse Apple below 18750 premium,mouse,0,18750,Apple,,reviews,reviews
please highest rated gaming mouse ₹7482-18730 with good quality,mouse,7482,18730,,,reviews,reviews
please value for money speaker ₹3761-32401 wireless,speaker,3761,32401,,blue,value,value
best reviews headphone Marshall in gold below 41885 for office with good quality,headphone,0,41885,Marshall,gold,reviews,reviews
worth it display below 65488 gaming,monitor,0,65488,,,value,value
top rated dslr below 139156 gaming,camera,0,139156,,,reviews,reviews
cheap earphones Fossil in black below 42348 gaming,headphone,0,42348,Fossil,black,value,value
value for money bluetooth speaker in white starting from 2091-22537 premium,speaker,2091,22537,,white,value,value
best reviews ultrabook between ₹59789 and ₹191531,laptop,59789,191531,Corsair,,reviews,reviews
please pick for me fitness watch starting from 5812-35583 for office,watch,5812,35583,,,ranking,best
budget screen HP ₹16172-23472 durable,monitor,16172,23472,HP,,value,value
please top rated speaker under ₹22025 for students with good quality,speaker,0,22025,,,reviews,reviews
affordable keyboard Nikon under ₹11991,keyboard,0,11991,Nikon,brown,value,value
suggest android tablet under ₹103637 lightweight,tablet,0,103637,Dell,,ranking,best
please budget mobile below 15528,phone,0,15528,,,value,value
suggest keyboard POCO below 8226 with good quality,keyboard,0,8226,POCO,,ranking,best
recommended shoe Sony between ₹5623 and ₹11127 for office,shoe,5623,11127,Sony,,ranking,best
best overall smartwatch Apple between ₹32179 and ₹72690 latest,watch,32179,72690,Apple,,ranking,best
highest rated speaker Canon in white starting from 5660-10164 durable,speaker,5660,10164,Canon,white,reviews,reviews
pick for me keyboard in brown ₹7486-18412,keyboard,7486,18412,,brown,ranking,best
please top rated ssd Marshall in green under ₹34781 new with good quality,storage,0,34781,Marshall,green,reviews,reviews
highest rated keyboard starting from 3396-17454 new with good quality,keyboard,3396,17454,,,reviews,reviews
good reviews speaker in gold starting from 4564-23020 with good quality,speaker,4564,23020,Apple,gold,reviews,reviews
top rated bluetooth speaker in red below 33394 with good quality,speaker,0,33394,,red,reviews,reviews
suggest bluetooth speaker below 40841 gaming with good quality,speaker,0,40841,,gold,ranking,best
good reviews footwear Crucial in white starting from 4429-15474 wireless with good quality,shoe,4429,15474,Crucial,white,reviews,reviews
affordable speaker starting from 10906-14082 lightweight with good quality,speaker,10906,14082,,,value,value
recommended notebook in white ₹57596-170689 lightweight,laptop,57596,170689,,white,ranking,best
please best overall android phone Puma in silver ₹18258-56190,phone,18258,56190,Puma,silver,ranking,best
best overall gaming mouse Bose in white under ₹13917 wireless with good quality,mouse,0,13917,Bose,white,ranking,best
top rated speaker Logitech below 22183 premium with good quality,speaker,0,22183,Logitech,navy,reviews,reviews
highest rated bluetooth speaker Seagate below 40566 for students,speaker,0,40566,Seagate,,reviews,reviews
best sneakers Asics in silver under ₹13548 durable,shoe,0,13548,Asics,silver,ranking,best
please best reviews boots under ₹13748 gaming,shoe,0,13748,Seagate,,reviews,reviews
cheap shoes Canon between ₹5082 and ₹15273,shoe,5082,15273,Canon,,value,value
pick for me boots between ₹3500 and ₹5248 premium,shoe,3500,5248,,,ranking,best
worth it notebook in orange under ₹171342 for office with good quality,laptop,0,171342,,orange,value,value
affordable ssd starting from 15949-33397 gaming,storage,15949,33397,,,value,value
suggest smartwatch under ₹26215 durable,watch,0,26215,,,ranking,best
budget shoes below 14417,shoe,0,14417,,,value,value
please worth it computer between ₹72158 and ₹103491 with good quality,laptop,72158,103491,,yellow,value,value
affordable display starting from 18437-48893 premium with good quality,monitor,18437,48893,,orange,value,value
cheap headphones Panasonic under ₹38171 with good quality,headphone,0,38171,Panasonic,,value,value
good reviews camera starting from 15495-124457 for office with good quality,camera,15495,124457,Motorola,,reviews,reviews
pick for me mobile below 17728,phone,0,17728,,,ranking,best
please affordable iphone POCO under ₹71933 with good quality,phone,0,71933,POCO,,value,value
best overall speaker starting from 17178-36931 premium with good quality,speaker,17178,36931,,,ranking,best
best overall smartwatch Audio-Technica in orange starting from 18353-42185 durable,watch,18353,42185,Audio-Technica,orange,ranking,best
highest rated fitness watch Adidas in white below 22888 durable,watch,0,22888,Adidas,white,reviews,reviews
best storage between ₹12731 and ₹38365 lightweight,storage,12731,38365,Huawei,,ranking,best
best reviews mirrorless camera between ₹16799 and ₹214469 latest,camera,16799,214469,,,reviews,reviews
budget mobile ₹22409-47948 gaming,phone,22409,47948,,gray,value,value
best external drive Marshall under ₹19763 wireless,storage,0,19763,Marshall,,ranking,best
value for money ssd in yellow ₹8126-17322 premium,storage,8126,17322,Canon,yellow,value,value
top rated boots starting from 3766-10238 for students,shoe,3766,10238,Dell,,reviews,reviews
best reviews mouse Bose ₹2544-6461 durable with good quality,mouse,2544,6461,Bose,orange,reviews,reviews
best gaming mouse Fujifilm in red between ₹4203 and ₹7231 new with good quality,mouse,4203,7231,Fujifilm,red,ranking,best
please best reviews ssd below 16882 for students,storage,0,16882,,,reviews,reviews
pick for me fitness watch in white starting from 11334-63721 for office,watch,11334,63721,SteelSeries,white,ranking,best
budget monitor in navy ₹24964-63685 latest with good quality,monitor,24964,63685,Razer,navy,value,value
please recommended external drive Razer between ₹5105 and ₹18169 new,storage,5105,18169,Razer,,ranking,best
value for money laptop Crucial under ₹195075 wireless,laptop,0,195075,Crucial,,value,value
affordable speaker Fitbit between ₹10699 and ₹42549 latest,speaker,10699,42549,Fitbit,,value,value
best reviews watch in brown between ₹25258 and ₹48092 new,watch,25258,48092,,brown,reviews,reviews
cheap tablet Reebok in gray starting from 35402-68143,tablet,35402,68143,Reebok,gray,value,value
worth it headphone New Balance between ₹15782 and ₹31758 wireless,headphone,15782,31758,New Balance,,value,value
highest rated screen Nike ₹8388-43252 for office,monitor,8388,43252,Nike,,reviews,reviews
value for money headphone Logitech ₹9965-17951 gaming with good quality,headphone,9965,17951,Logitech,,value,value
best overall gaming mouse Logitech ₹6345-12001 durable,mouse,6345,12001,Logitech,black,ranking,best
worth it gaming mouse in yellow between ₹7285 and ₹15836 latest,mouse,7285,15836,,yellow,value,value
top rated mouse Fitbit in silver starting from 5870-18897 durable with good quality,mouse,5870,18897,Fitbit,silver,reviews,reviews
suggest bluetooth speaker Seagate ₹7051-8492 lightweight,speaker,7051,8492,Seagate,,ranking,best
worth it storage ₹4397-25899 premium,storage,4397,25899,,,value,value
best reviews keyboard between ₹5497 and ₹13629 lightweight,keyboard,5497,13629,Garmin,,reviews,reviews
value for money external drive in yellow starting from 16297-25457 for office,storage,16297,25457,Fujifilm,yellow,value,value
pick for me ultrabook ASUS below 163865 durable,laptop,0,163865,ASUS,,ranking,best
recommended smartphone under ₹79467 gaming with good quality,phone,0,79467,,,ranking,best
please recommended computer between ₹51667 and ₹176568 latest,laptop,51667,176568,SteelSeries,,ranking,best
recommended mechanical keyboard under ₹11049,keyboard,0,11049,,,ranking,best
suggest ssd between ₹1151 and ₹20906 durable,storage,1151,20906,,,ranking,best
please recommended ultrabook ₹78006-92970 premium,laptop,78006,92970,,,ranking,best
please suggest wireless headphones under ₹42316 new with good quality,headphone,0,42316,,,ranking,best
suggest watch in gray between ₹15838 and ₹65436 latest with good quality,watch,15838,65436,,gray,ranking,best
cheap bluetooth speaker Acer in orange starting from 10990-18884 premium,speaker,10990,18884,Acer,orange,value,value
please worth it hdd Panasonic under ₹21882 durable,storage,0,21882,Panasonic,,value,value
recommended shoes between ₹5491 and ₹14483,shoe,5491,14483,,,ranking,best
best reviews storage in gold starting from 14249-16272 latest,storage,14249,16272,,gold,reviews,reviews
please cheap footwear under ₹3082 latest,shoe,0,3082,Nike,,value,value
cheap footwear Huawei ₹6774-17556 for office,shoe,6774,17556,Huawei,,value,value
top rated keyboard Sony under ₹7118,keyboard,0,7118,Sony,gold,reviews,reviews
please affordable android tablet in blue starting from 15395-19817 with good quality,tablet,15395,19817,Sony,blue,value,value
best reviews boots Reebok under ₹8434 wireless,shoe,0,8434,Reebok,black,reviews,reviews
cheap bluetooth speaker in red between ₹17880 and ₹25323 premium,speaker,17880,25323,,red,value,value
budget watch between ₹11644 and ₹66412 durable,watch,11644,66412,,,value,value
best overall earphones in silver starting from 19228-32950 lightweight with good quality,headphone,19228,32950,,silver,ranking,best
best overall display in brown starting from 5688-41075 new,monitor,5688,41075,,brown,ranking,best
best reviews keyboard under ₹3685,keyboard,0,3685,POCO,,reviews,reviews
highest rated external drive Dell between ₹7236 and ₹22714 for students,storage,7236,22714,Dell,,reviews,reviews
please recommended smartwatch in gray under ₹76460 for office with good quality,watch,0,76460,,gray,ranking,best
please affordable gaming mouse ₹6110-11840 gaming,mouse,6110,11840,,,value,value
please best monitor Corsair under ₹23584 lightweight with good quality,monitor,0,23584,Corsair,,ranking,best
value for money display Crucial under ₹63239 for office,monitor,0,63239,Crucial,,value,value
recommended wireless headphones Marshall below 10818 durable,headphone,0,10818,Marshall,,ranking,best
best mobile Sennheiser under ₹45848 for office,phone,0,45848,Sennheiser,,ranking,best
worth it ssd Fujifilm under ₹24906 for students,storage,0,24906,Fujifilm,,value,value
recommended headphones starting from 6677-27487 for office,headphone,6677,27487,,,ranking,best
please value for money mouse JBL starting from 3217-15994 with good quality,mouse,3217,15994,JBL,,value,value
highest rated phone Crucial ₹33347-54936 gaming with good quality,phone,33347,54936,Crucial,,reviews,reviews
top rated mouse between ₹7037 and ₹11274 premium with good quality,mouse,7037,11274,,purple,reviews,reviews
please best reviews shoe in navy ₹1637-6178 durable with good quality,shoe,1637,6178,,navy,reviews,reviews
good reviews mechanical keyboard Kingston under ₹10364 with good quality,keyboard,0,10364,Kingston,,reviews,reviews
top rated keyboard JBL below 19056 for office,keyboard,0,19056,JBL,green,reviews,reviews
suggest hdd under ₹12206,storage,0,12206,,,ranking,best
cheap watch Marshall starting from 20677-29798,watch,20677,29798,Marshall,,value,value
please affordable watch Fitbit between ₹26823 and ₹42910,watch,26823,42910,Fitbit,,value,value
affordable mouse in navy between ₹720 and ₹16046,mouse,720,16046,,navy,value,value
value for money bluetooth speaker Fitbit in green ₹5850-33780,speaker,5850,33780,Fitbit,green,value,value
top rated ssd Puma below 39312 gaming,storage,0,39312,Puma,,reviews,reviews
top rated speaker in navy between ₹14905 and ₹22048 durable with good quality,speaker,14905,22048,,navy,reviews,reviews
best watch Western Digital between ₹12503 and ₹15922 new with good quality,watch,12503,15922,Western Digital,,ranking,best
please good reviews earphones between ₹16402 and ₹22999 latest,headphone,16402,22999,POCO,,reviews,reviews
please worth it speaker below 42808 for office,speaker,0,42808,Xiaomi,,value,value
worth it computer Fossil ₹65246-117173 lightweight with good quality,laptop,65246,117173,Fossil,black,value,value
top rated android phone between ₹18681 and ₹31796 for students,phone,18681,31796,,,reviews,reviews
please highest rated mouse Sennheiser starting from 3383-18586 premium with good quality,mouse,3383,18586,Sennheiser,,reviews,reviews
good reviews fitness watch ₹20743-29978 durable,watch,20743,29978,,,reviews,reviews
best overall computer under ₹119926,laptop,0,119926,,,ranking,best
affordable ipad ₹50799-115875 with good quality,tablet,50799,115875,,,value,value
please pick for me mouse in green starting from 4904-9833 with good quality,mouse,4904,9833,Motorola,green,ranking,best
best overall mechanical keyboard in navy below 18704,keyboard,0,18704,,navy,ranking,best
best reviews headphones in green below 32624,headphone,0,32624,,green,reviews,reviews
best overall bluetooth speaker Crucial between ₹2745 and ₹40305 premium,speaker,2745,40305,Crucial,blue,ranking,best
please suggest keyboard below 15297 with good quality,keyboard,0,15297,,,ranking,best
worth it smartwatch between ₹14068 and ₹78422 for office,watch,14068,78422,,,value,value
please customer reviews mobile under ₹55083,phone,0,55083,Lenovo,,reviews,reviews
budget bluetooth speaker in white ₹13832-28307 wireless,speaker,13832,28307,,white,value,value
pick for me screen under ₹18756 premium with good quality,monitor,0,18756,,,ranking,best
highest rated camera OnePlus between ₹32837 and ₹104869 premium,camera,32837,104869,OnePlus,,reviews,reviews
recommended tablet New Balance starting from 21986-84682 for students,tablet,21986,84682,New Balance,,ranking,best
please best mirrorless camera under ₹85826 wireless,camera,0,85826,,,ranking,best
recommended macbook ₹59767-62188 lightweight with good quality,laptop,59767,62188,,,ranking,best
please best overall camera in blue ₹25168-62071 for office,camera,25168,62071,,blue,ranking,best
cheap phone Kingston below 68586 durable,phone,0,68586,Kingston,,value,value
cheap tablet Samsung between ₹12653 and ₹82096 for office,tablet,12653,82096,Samsung,orange,value,value
suggest iphone Asics in blue starting from 9981-62344,phone,9981,62344,Asics,blue,ranking,best
please best overall computer Acer under ₹146007 for office with good quality,laptop,0,146007,Acer,blue,ranking,best
top rated camera Crucial below 145548,camera,0,145548,Crucial,,reviews,reviews
highest rated ssd Bose ₹13008-17076 new,storage,13008,17076,Bose,navy,reviews,reviews
best mechanical keyboard Fujifilm starting from 3512-6289 new with good quality,keyboard,3512,6289,Fujifilm,,ranking,best
pick for me boots in red below 8603 for office,shoe,0,8603,Panasonic,red,ranking,best
affordable phone Reebok in navy between ₹9504 and ₹62254,phone,9504,62254,Reebok,navy,value,value
pick for me wireless headphones in purple below 40336 with good quality,headphone,0,40336,,purple,ranking,best
pick for me mirrorless camera in brown between ₹55911 and ₹56494 durable,camera,55911,56494,Corsair,brown,ranking,best
value for money computer in blue starting from 52070-149916 premium,laptop,52070,149916,,blue,value,value
highest rated running shoes OnePlus in green between ₹7360 and ₹13998 lightweight,shoe,7360,13998,OnePlus,green,reviews,reviews
please best reviews ultrabook ₹32912-173601 wireless,laptop,32912,173601,Canon,,reviews,reviews
best headphone below 29527 with good quality,headphone,0,29527,,,ranking,best
best reviews wireless headphones Huawei in gray under ₹43730 premium with good quality,headphone,0,43730,Huawei,gray,reviews,reviews
cheap android tablet in orange under ₹90033 new,tablet,0,90033,,orange,value,value
top rated android phone below 17810,phone,0,17810,,,reviews,reviews
recommended display Marshall in blue under ₹49891 lightweight,monitor,0,49891,Marshall,blue,ranking,best
value for money iphone OnePlus in orange ₹16164-57701,phone,16164,57701,OnePlus,orange,value,value
value for money mechanical keyboard in yellow ₹2294-3454 lightweight,keyboard,2294,3454,Lenovo,yellow,value,value
please best reviews hdd starting from 6813-18397 gaming,storage,6813,18397,Motorola,,reviews,reviews
please recommended gaming mouse ₹7354-15618 latest with good quality,mouse,7354,15618,,,ranking,best
recommended mechanical keyboard Microsoft between ₹7106 and ₹9443 premium,keyboard,7106,9443,Microsoft,,ranking,best
please customer reviews mechanical keyboard under ₹17319 gaming with good quality,keyboard,0,17319,,,reviews,reviews
please worth it mirrorless camera starting from 53586-99452,camera,53586,99452,,,value,value
please pick for me macbook starting from 87179-179392 gaming,laptop,87179,179392,ASUS,brown,ranking,best
suggest screen Asics in yellow ₹24846-30860 lightweight with good quality,monitor,24846,30860,Asics,yellow,ranking,best
pick for me footwear between ₹8046 and ₹15029 new,shoe,8046,15029,Canon,,ranking,best
top rated bluetooth speaker Canon in black under ₹22544 for office,speaker,0,22544,Canon,black,reviews,reviews
please best reviews watch starting from 24285-26516 with good quality,watch,24285,26516,,,reviews,reviews
cheap android tablet in gold between ₹43397 and ₹78365 latest,tablet,43397,78365,,gold,value,value
please value for money shoes in orange under ₹13785 wireless,shoe,0,13785,Marshall,orange,value,value
please affordable display Fossil in orange between ₹16698 and ₹29014 latest,monitor,16698,29014,Fossil,orange,value,value
customer reviews footwear in orange below 16491 for office,shoe,0,16491,Fossil,orange,reviews,reviews
best screen starting from 16936-76300 durable,monitor,16936,76300,,green,ranking,best
best smartphone in red ₹34491-47321 for office with good quality,phone,34491,47321,,red,ranking,best
customer reviews gaming mouse Asics ₹5022-10565,mouse,5022,10565,Asics,gold,reviews,reviews
worth it phone under ₹39616,phone,0,39616,Google,,value,value
good reviews earbuds Fujifilm below 13512 for office,headphone,0,13512,Fujifilm,,reviews,reviews
highest rated ipad between ₹9325 and ₹53809,tablet,9325,53809,Panasonic,,reviews,reviews
top rated android tablet Canon below 80483 for office,tablet,0,80483,Canon,,reviews,reviews
worth it boots in brown under ₹6526 lightweight,shoe,0,6526,Xiaomi,brown,value,value
value for money ssd Bose below 28524 for students,storage,0,28524,Bose,,value,value
affordable smartwatch under ₹41725 lightweight,watch,0,41725,HP,,value,value
please budget headphone starting from 1091-32361,headphone,1091,32361,,,value,value
good reviews earbuds between ₹14687 and ₹39559 wireless,headphone,14687,39559,,,reviews,reviews
highest rated mirrorless camera in orange between ₹85591 and ₹241444 for students,camera,85591,241444,,orange,reviews,reviews
affordable wireless headphones Garmin between ₹8674 and ₹12594 latest,headphone,8674,12594,Garmin,red,value,value
budget mirrorless camera starting from 36892-127051 for students,camera,36892,127051,,,value,value
affordable keyboard Xiaomi below 11809,keyboard,0,11809,Xiaomi,,value,value
pick for me bluetooth speaker between ₹12441 and ₹27277 wireless with good quality,speaker,12441,27277,,,ranking,best
worth it shoes under ₹17056,shoe,0,17056,,,value,value
please best reviews footwear in blue between ₹4152 and ₹13681,shoe,4152,13681,,blue,reviews,reviews
best overall notebook Reebok in green below 176474 new,laptop,0,176474,Reebok,green,ranking,best
please cheap monitor Puma starting from 16225-78688 latest,monitor,16225,78688,Puma,,value,value
highest rated smartwatch Apple in purple between ₹6672 and ₹15429 durable,watch,6672,15429,Apple,purple,reviews,reviews
please recommended smartwatch below 59675,watch,0,59675,,,ranking,best
please best overall gaming mouse Samsung starting from 3573-18134 latest,mouse,3573,18134,Samsung,orange,ranking,best
top rated camera Samsung between ₹103995 and ₹144336 new,camera,103995,144336,Samsung,,reviews,reviews
value for money laptop ₹32715-107024 lightweight,laptop,32715,107024,Apple,,value,value
affordable smartwatch between ₹17464 and ₹77325 latest,watch,17464,77325,,black,value,value
please pick for me speaker New Balance between ₹4119 and ₹21089 latest with good quality,speaker,4119,21089,New Balance,,ranking,best
recommended headphone in white between ₹2303 and ₹3136 for students,headphone,2303,3136,MSI,white,ranking,best
please good reviews fitness watch Sennheiser ₹28584-54062 premium,watch,28584,54062,Sennheiser,silver,reviews,reviews
worth it notebook Western Digital ₹69459-127089,laptop,69459,127089,Western Digital,,value,value
best storage in silver under ₹29218 gaming,storage,0,29218,,silver,ranking,best
please affordable ssd below 26590 for office,storage,0,26590,,,value,value
budget gaming mouse Garmin under ₹15341,mouse,0,15341,Garmin,,value,value
please best mechanical keyboard ₹4260-11737 new,keyboard,4260,11737,Garmin,blue,ranking,best
worth it sneakers starting from 5871-16516 for students with good quality,shoe,5871,16516,,white,value,value
cheap android tablet in navy ₹47318-109532 lightweight,tablet,47318,109532,,navy,value,value
pick for me headphone Bose under ₹38650 lightweight,headphone,0,38650,Bose,,ranking,best
best overall monitor in yellow under ₹56172,monitor,0,56172,,yellow,ranking,best
pick for me macbook starting from 61256-174914 with good quality,laptop,61256,174914,,brown,ranking,best
customer reviews computer below 159074 gaming with good quality,laptop,0,159074,Fossil,,reviews,reviews
please cheap mirrorless camera starting from 51179-235271 lightweight,camera,51179,235271,,,value,value
value for money bluetooth speaker OnePlus between ₹6626 and ₹39849 for office,speaker,6626,39849,OnePlus,,value,value
best camera below 100217 premium,camera,0,100217,,,ranking,best
highest rated laptop ₹38369-180434 durable,laptop,38369,180434,,,reviews,reviews
affordable mechanical keyboard ₹2856-4595,keyboard,2856,4595,Logitech,,value,value
highest rated running shoes starting from 7599-11494 lightweight,shoe,7599,11494,,navy,reviews,reviews
value for money computer in red ₹58675-90162 wireless,laptop,58675,90162,,red,value,value
worth it watch Google starting from 2866-42538 gaming,watch,2866,42538,Google,yellow,value,value
suggest ultrabook Corsair in yellow between ₹82894 and ₹111058 durable,laptop,82894,111058,Corsair,yellow,ranking,best
cheap phone ₹28353-44532,phone,28353,44532,,orange,value,value
please good reviews wireless headphones Razer ₹17652-44158 lightweight with good quality,headphone,17652,44158,Razer,,reviews,reviews
value for money mechanical keyboard Fitbit below 10529 for office with good quality,keyboard,0,10529,Fitbit,orange,value,value
best screen starting from 9832-43050,monitor,9832,43050,,white,ranking,best
please worth it mirrorless camera Adidas under ₹181118,camera,0,181118,Adidas,white,value,value
good reviews android phone Acer under ₹61959 durable,phone,0,61959,Acer,,reviews,reviews
worth it keyboard Fitbit in orange starting from 5807-12120 latest,keyboard,5807,12120,Fitbit,orange,value,value
budget headphone Sony in orange starting from 5467-16215,headphone,5467,16215,Sony,orange,value,value
please best overall keyboard SteelSeries ₹2553-5970,keyboard,2553,5970,SteelSeries,orange,ranking,best
customer reviews mobile below 71611 gaming with good quality,phone,0,71611,,silver,reviews,reviews
budget watch Motorola between ₹15490 and ₹33822,watch,15490,33822,Motorola,,value,value
highest rated keyboard under ₹10027,keyboard,0,10027,Garmin,,reviews,reviews
best overall gaming mouse starting from 7924-8724 premium with good quality,mouse,7924,8724,,,ranking,best
cheap gaming mouse starting from 4681-6364 lightweight,mouse,4681,6364,,silver,value,value
suggest computer in red under ₹100641 for students with good quality,laptop,0,100641,,red,ranking,best
best bluetooth speaker in silver starting from 2107-44808 wireless with good quality,speaker,2107,44808,Bose,silver,ranking,best
recommended bluetooth speaker Western Digital starting from 17730-26173 gaming,speaker,17730,26173,Western Digital,,ranking,best
recommended mechanical keyboard in blue below 15457 gaming,keyboard,0,15457,,blue,ranking,best
please best reviews dslr starting from 100503-226221 for office with good quality,camera,100503,226221,,,reviews,reviews
best mouse in gold below 17373 premium,mouse,0,17373,,gold,ranking,best
pick for me bluetooth speaker Fossil below 37535 for office,speaker,0,37535,Fossil,,ranking,best
pick for me ultrabook starting from 72460-162521 lightweight with good quality,laptop,72460,162521,,,ranking,best
please pick for me shoes Logitech starting from 5760-7537 durable,shoe,5760,7537,Logitech,,ranking,best
best overall computer ₹83783-185546 latest,laptop,83783,185546,,,ranking,best
value for money screen ₹28954-74813 for students with good quality,monitor,28954,74813,,purple,value,value
please best overall mouse in blue starting from 6309-18692 latest,mouse,6309,18692,,blue,ranking,best
customer reviews dslr in purple between ₹46249 and ₹186985 for office,camera,46249,186985,Google,purple,reviews,reviews
good reviews fitness watch below 42895,watch,0,42895,,,reviews,reviews
please suggest display starting from 11027-77856 latest,monitor,11027,77856,,,ranking,best
top rated shoe between ₹5717 and ₹13050 new,shoe,5717,13050,,,reviews,reviews
affordable camera ₹90311-105574 durable with good quality,camera,90311,105574,,,value,value
value for money mouse below 12782 wireless,mouse,0,12782,Motorola,,value,value
best overall gaming mouse Nike starting from 8029-9706 wireless,mouse,8029,9706,Nike,,ranking,best
worth it camera between ₹25954 and ₹172595 new,camera,25954,172595,,gray,value,value
cheap mouse Canon ₹4461-17276 latest,mouse,4461,17276,Canon,,value,value
top rated android tablet in yellow between ₹31140 and ₹99039 new,tablet,31140,99039,,yellow,reviews,reviews
please best reviews keyboard ₹2290-11307 with good quality,keyboard,2290,11307,,,reviews,reviews
value for money headphones Realme under ₹22889 for students,headphone,0,22889,Realme,,value,value
good reviews sneakers below 17769 with good quality,shoe,0,17769,,yellow,reviews,reviews
please customer reviews mouse Razer between ₹8197 and ₹17256 premium,mouse,8197,17256,Razer,,reviews,reviews
highest rated watch in blue starting from 20238-27040,watch,20238,27040,,blue,reviews,reviews
suggest gaming mouse Huawei ₹3933-15613 premium,mouse,3933,15613,Huawei,,ranking,best
budget android phone below 78481,phone,0,78481,,,value,value
please affordable sneakers Fujifilm between ₹5174 and ₹17179 latest,shoe,5174,17179,Fujifilm,orange,value,value
please customer reviews display in brown starting from 12512-60024 with good quality,monitor,12512,60024,,brown,reviews,reviews
cheap bluetooth speaker between ₹18443 and ₹24362 for students with good quality,speaker,18443,24362,,purple,value,value
pick for me gaming mouse Fitbit starting from 5747-19180 new,mouse,5747,19180,Fitbit,,ranking,best
please customer reviews bluetooth speaker Lenovo starting from 9688-39044 with good quality,speaker,9688,39044,Lenovo,,reviews,reviews
budget hdd ₹13283-16106 new with good quality,storage,13283,16106,HP,,value,value
suggest dslr New Balance in purple below 194910 wireless with good quality,camera,0,194910,New Balance,purple,ranking,best
customer reviews footwear between ₹7879 and ₹15880 premium,shoe,7879,15880,,,reviews,reviews
worth it macbook between ₹66671 and ₹180897 with good quality,laptop,66671,180897,,,value,value
best reviews iphone Bose between ₹8345 and ₹8557 durable,phone,8345,8557,Bose,red,reviews,reviews
cheap boots below 3130 durable with good quality,shoe,0,3130,,,value,value
recommended storage starting from 5308-10699,storage,5308,10699,,gray,ranking,best
best reviews headphones below 26850 for students,headphone,0,26850,,,reviews,reviews
please cheap mouse MSI in black between ₹681 and ₹6973 for students,mouse,681,6973,MSI,black,value,value
please highest rated smartwatch under ₹76103,watch,0,76103,Fujifilm,,reviews,reviews
please best reviews phone Huawei ₹35140-36166,phone,35140,36166,Huawei,green,reviews,reviews
please budget mobile POCO under ₹79782,phone,0,79782,POCO,,value,value
suggest earphones Reebok under ₹20164 wireless with good quality,headphone,0,20164,Reebok,,ranking,best
value for money sneakers below 8423 new,shoe,0,8423,,,value,value
budget speaker ₹18375-44509 durable,speaker,18375,44509,Sony,,value,value
top rated display in gray ₹27737-36766,monitor,27737,36766,,gray,reviews,reviews
top rated mouse in silver starting from 7607-17615 wireless,mouse,7607,17615,Sony,silver,reviews,reviews
please cheap keyboard under ₹13684 durable,keyboard,0,13684,Huawei,,value,value
please top rated keyboard ASUS in orange below 4758 latest,keyboard,0,4758,ASUS,orange,reviews,reviews
please cheap camera below 156663 new,camera,0,156663,,,value,value
please cheap bluetooth speaker New Balance under ₹26642 with good quality,speaker,0,26642,New Balance,,value,value
pick for me wireless headphones POCO below 19455 lightweight,headphone,0,19455,POCO,,ranking,best
affordable mechanical keyboard Apple under ₹14682 premium,keyboard,0,14682,Apple,,value,value
please good reviews mechanical keyboard in yellow ₹5006-10525,keyboard,5006,10525,,yellow,reviews,reviews
good reviews dslr under ₹177981,camera,0,177981,,,reviews,reviews
please suggest keyboard Acer in blue starting from 7510-12869 premium,keyboard,7510,12869,Acer,blue,ranking,best
best mouse HP between ₹5173 and ₹11923,mouse,5173,11923,HP,,ranking,best
top rated gaming mouse in orange under ₹19889,mouse,0,19889,,orange,reviews,reviews
cheap phone in orange starting from 8374-58707 durable,phone,8374,58707,,orange,value,value
budget laptop Sennheiser ₹62699-195210 for office,laptop,62699,195210,Sennheiser,,value,value
budget hdd Sennheiser in gray ₹8118-33674 for students,storage,8118,33674,Sennheiser,gray,value,value
top rated keyboard Asics in gray ₹6109-15746 gaming,keyboard,6109,15746,Asics,gray,reviews,reviews
please top rated computer below 104265 gaming,laptop,0,104265,,,reviews,reviews
suggest phone Reebok in purple under ₹53927 for students with good quality,phone,0,53927,Reebok,purple,ranking,best
affordable keyboard starting from 6479-8994,keyboard,6479,8994,,,value,value
cheap footwear Crucial between ₹868 and ₹3250 with good quality,shoe,868,3250,Crucial,silver,value,value
best reviews camera Apple below 229808 for students with good quality,camera,0,229808,Apple,,reviews,reviews
please suggest mechanical keyboard in red below 15071,keyboard,0,15071,Fujifilm,red,ranking,best
recommended camera between ₹84737 and ₹158388 with good quality,camera,84737,158388,,,ranking,best
worth it camera below 151410 wireless,camera,0,151410,Crucial,,value,value
worth it ipad below 39560 premium,tablet,0,39560,,,value,value
budget ultrabook under ₹81227,laptop,0,81227,SteelSeries,,value,value
budget monitor under ₹46336 latest,monitor,0,46336,,,value,value
please cheap headphones under ₹23741 for students,headphone,0,23741,,,value,value
best reviews monitor below 28739 latest with good quality,monitor,0,28739,,gray,reviews,reviews
suggest bluetooth speaker ₹6602-35590,speaker,6602,35590,,,ranking,best
please customer reviews mouse under ₹17873 latest,mouse,0,17873,,yellow,reviews,reviews
affordable external drive ₹1807-14449 with good quality,storage,1807,14449,JBL,,value,value
best overall headphones in gold under ₹45792 durable,headphone,0,45792,,gold,ranking,best
please best notebook Realme under ₹126543 for students,laptop,0,126543,Realme,,ranking,best
best storage below 25437,storage,0,25437,,,ranking,best
please pick for me ultrabook between ₹52497 and ₹133453 new,laptop,52497,133453,Google,brown,ranking,best
please recommended shoes Fujifilm starting from 5780-14064 for students,shoe,5780,14064,Fujifilm,,ranking,best
please budget tablet in orange under ₹28218 latest,tablet,0,28218,,orange,value,value
pick for me mouse New Balance in gray starting from 1821-11339 latest,mouse,1821,11339,New Balance,gray,ranking,best
best smartphone between ₹17595 and ₹48650 for office,phone,17595,48650,,,ranking,best
worth it gaming mouse Seagate between ₹4833 and ₹6469 gaming,mouse,4833,6469,Seagate,,value,value
budget computer starting from 66409-197088 wireless with good quality,laptop,66409,197088,,,value,value
please pick for me footwear under ₹17631 durable,shoe,0,17631,Samsung,,ranking,best
cheap ssd in gold between ₹6307 and ₹6908 latest,storage,6307,6908,Asics,gold,value,value
affordable monitor starting from 8448-71758,monitor,8448,71758,,,value,value
worth it hdd in brown between ₹6169 and ₹7595,storage,6169,7595,Razer,brown,value,value
recommended footwear JBL starting from 5477-15600 wireless with good quality,shoe,5477,15600,JBL,,ranking,best
best camera between ₹80825 and ₹160275 with good quality,camera,80825,160275,Dell,green,ranking,best
highest rated display in yellow below 62516,monitor,0,62516,,yellow,reviews,reviews
value for money laptop Puma between ₹81676 and ₹150340 with good quality,laptop,81676,150340,Puma,,value,value
please worth it monitor in navy between ₹28430 and ₹49108 lightweight,monitor,28430,49108,,navy,value,value
top rated watch under ₹26935 with good quality,watch,0,26935,,,reviews,reviews
please top rated keyboard MSI in brown between ₹5202 and ₹9413 gaming,keyboard,5202,9413,MSI,brown,reviews,reviews
pick for me boots starting from 6572-16538 gaming,shoe,6572,16538,Reebok,gray,ranking,best
cheap display in navy ₹19344-25918 lightweight,monitor,19344,25918,,navy,value,value
good reviews smartwatch in yellow under ₹19357 for students,watch,0,19357,Fossil,yellow,reviews,reviews
pick for me mechanical keyboard Apple starting from 6991-12140 lightweight,keyboard,6991,12140,Apple,orange,ranking,best
customer reviews external drive below 36292 new,storage,0,36292,,,reviews,reviews
cheap monitor Kingston ₹7199-65754 new,monitor,7199,65754,Kingston,,value,value
best fitness watch Fossil in blue below 68534 for students with good quality,watch,0,68534,Fossil,blue,ranking,best
please value for money bluetooth speaker in navy starting from 10779-39469 durable,speaker,10779,39469,,navy,value,value
please best watch between ₹24247 and ₹61149,watch,24247,61149,,,ranking,best
best reviews mirrorless camera below 176294 lightweight,camera,0,176294,,,reviews,reviews
best smartwatch in orange below 7320,watch,0,7320,,orange,ranking,best
budget iphone ₹27805-55903 durable with good quality,phone,27805,55903,Audio-Technica,,value,value
cheap mirrorless camera ₹43031-229911 with good quality,camera,43031,229911,,,value,value
best running shoes below 13642,shoe,0,13642,,,ranking,best
please value for money earphones New Balance starting from 3698-19969,headphone,3698,19969,New Balance,,value,value
cheap footwear Logitech between ₹6811 and ₹12442 latest,shoe,6811,12442,Logitech,,value,value
please best overall gaming mouse Fitbit under ₹6237 new,mouse,0,6237,Fitbit,,ranking,best
best overall headphone in green below 44227 gaming,headphone,0,44227,Lenovo,green,ranking,best
pick for me keyboard in white ₹5378-19041,keyboard,5378,19041,,white,ranking,best
best tablet below 84945 for students,tablet,0,84945,,,ranking,best
best mechanical keyboard JBL between ₹4845 and ₹19303,keyboard,4845,19303,JBL,,ranking,best
cheap bluetooth speaker in gold between ₹12394 and ₹40891 new,speaker,12394,40891,,gold,value,value
budget bluetooth speaker between ₹7187 and ₹41462 latest with good quality,speaker,7187,41462,,,value,value
top rated phone in brown starting from 16254-29107 lightweight with good quality,phone,16254,29107,Canon,brown,reviews,reviews
please value for money mouse Fossil below 18496 for students,mouse,0,18496,Fossil,,value,value
value for money headphone between ₹11397 and ₹28461,headphone,11397,28461,,,value,value
good reviews shoes HP in white under ₹15508 for office,shoe,0,15508,HP,white,reviews,reviews
good reviews phone below 62889 latest,phone,0,62889,Asics,,reviews,reviews
please affordable storage Sennheiser ₹12593-38056 new,storage,12593,38056,Sennheiser,,value,value
good reviews display Corsair under ₹59810 new,monitor,0,59810,Corsair,,reviews,reviews
recommended display in blue between ₹22169 and ₹24946 new with good quality,monitor,22169,24946,,blue,ranking,best
pick for me bluetooth speaker Realme in blue under ₹28243,speaker,0,28243,Realme,blue,ranking,best
best overall shoes in brown ₹4121-6257 with good quality,shoe,4121,6257,Reebok,brown,ranking,best
recommended phone below 64165 latest with good quality,phone,0,64165,Google,,ranking,best
best mouse Western Digital below 14520 for office with good quality,mouse,0,14520,Western Digital,white,ranking,best
best reviews ipad ₹12143-28169 gaming,tablet,12143,28169,,,reviews,reviews
please value for money mouse Apple ₹5517-11879 latest,mouse,5517,11879,Apple,,value,value
please best overall earbuds Panasonic ₹5488-47619 premium with good quality,headphone,5488,47619,Panasonic,,ranking,best
customer reviews monitor below 43043 durable,monitor,0,43043,,navy,reviews,reviews
budget keyboard Nikon under ₹11461,keyboard,0,11461,Nikon,,value,value
highest rated ultrabook in yellow starting from 38735-152881,laptop,38735,152881,Puma,yellow,reviews,reviews
best overall computer Adidas starting from 29643-91525 lightweight with good quality,laptop,29643,91525,Adidas,,ranking,best
best smartphone in gray ₹20305-78921 latest,phone,20305,78921,Apple,gray,ranking,best
please cheap camera Nikon below 129899 latest,camera,0,129899,Nikon,,value,value
worth it mirrorless camera in green below 239724 durable,camera,0,239724,Microsoft,green,value,value
best reviews ipad below 104834 lightweight,tablet,0,104834,,,reviews,reviews
good reviews laptop starting from 89237-95233 durable,laptop,89237,95233,,,reviews,reviews
please pick for me ssd below 39162 wireless,storage,0,39162,,,ranking,best
affordable shoe in silver ₹6921-16683,shoe,6921,16683,Acer,silver,value,value
suggest screen starting from 16611-75363 for office,monitor,16611,75363,,orange,ranking,best
please best overall mouse between ₹5582 and ₹11282,mouse,5582,11282,,,ranking,best
budget mouse Bose between ₹1048 and ₹19622 new,mouse,1048,19622,Bose,gold,value,value
please value for money external drive Motorola in green under ₹26202 for students,storage,0,26202,Motorola,green,value,value
good reviews speaker under ₹17363 premium,speaker,0,17363,,,reviews,reviews
top rated iphone between ₹12931 and ₹39903 durable,phone,12931,39903,Samsung,,reviews,reviews
pick for me external drive in white starting from 15283-23095 gaming,storage,15283,23095,,white,ranking,best
please good reviews keyboard between ₹1906 and ₹10625,keyboard,1906,10625,Acer,,reviews,reviews
recommended display below 62606,monitor,0,62606,,,ranking,best
please cheap ultrabook Samsung below 149064 latest,laptop,0,149064,Samsung,yellow,value,value
good reviews notebook between ₹86018 and ₹151677 durable,laptop,86018,151677,Samsung,,reviews,reviews
affordable screen between ₹25852 and ₹35691 for students with good quality,monitor,25852,35691,,,value,value
top rated mechanical keyboard Adidas starting from 3427-5142 durable with good quality,keyboard,3427,5142,Adidas,blue,reviews,reviews
pick for me keyboard between ₹4692 and ₹11354 durable,keyboard,4692,11354,,,ranking,best
suggest watch Marshall ₹10527-55936,watch,10527,55936,Marshall,yellow,ranking,best
please best reviews monitor between ₹8573 and ₹20055 durable,monitor,8573,20055,Marshall,,reviews,reviews
please good reviews mirrorless camera Audio-Technica starting from 66331-112378,camera,66331,112378,Audio-Technica,,reviews,reviews
best reviews mechanical keyboard Acer under ₹13910,keyboard,0,13910,Acer,,reviews,reviews
best reviews bluetooth speaker Garmin under ₹26424 wireless,speaker,0,26424,Garmin,,reviews,reviews
top rated watch between ₹21778 and ₹66929 latest with good quality,watch,21778,66929,,,reviews,reviews
suggest shoe Nikon between ₹3727 and ₹6602 gaming,shoe,3727,6602,Nikon,,ranking,best
cheap iphone Fitbit in white between ₹32662 and ₹43815,phone,32662,43815,Fitbit,white,value,value
please pick for me mobile Sony ₹12487-49572 premium with good quality,phone,12487,49572,Sony,,ranking,best
please worth it android tablet under ₹112391 new with good quality,tablet,0,112391,,,value,value
best overall boots Acer between ₹7493 and ₹14933 wireless with good quality,shoe,7493,14933,Acer,,ranking,best
please best ssd in blue under ₹30327,storage,0,30327,Motorola,blue,ranking,best
top rated mechanical keyboard under ₹3224 with good quality,keyboard,0,3224,,,reviews,reviews
cheap ipad in red below 102367 with good quality,tablet,0,102367,Sony,red,value,value
please worth it mouse under ₹11504 with good quality,mouse,0,11504,,,value,value
value for money mechanical keyboard below 8561,keyboard,0,8561,,,value,value
customer reviews keyboard Samsung below 16978 gaming with good quality,keyboard,0,16978,Samsung,,reviews,reviews
worth it smartwatch JBL in purple ₹11423-69813 for office,watch,11423,69813,JBL,purple,value,value
customer reviews bluetooth speaker Nike under ₹30422 for office with good quality,speaker,0,30422,Nike,,reviews,reviews
good reviews computer in purple between ₹33045 and ₹94290,laptop,33045,94290,Realme,purple,reviews,reviews
please best reviews dslr Fossil ₹75508-209772 wireless,camera,75508,209772,Fossil,,reviews,reviews
good reviews shoes Reebok starting from 6355-6993 premium,shoe,6355,6993,Reebok,,reviews,reviews
good reviews bluetooth speaker starting from 7416-26854 gaming,speaker,7416,26854,,,reviews,reviews
pick for me sneakers in gray ₹3942-11516 latest,shoe,3942,11516,,gray,ranking,best
customer reviews ssd Marshall in brown ₹8986-34221 durable,storage,8986,34221,Marshall,brown,reviews,reviews
cheap dslr Western Digital under ₹193342 latest,camera,0,193342,Western Digital,,value,value
please highest rated gaming mouse Fitbit in white under ₹15237 lightweight,mouse,0,15237,Fitbit,white,reviews,reviews
best overall wireless headphones Xiaomi ₹15903-43790 for students,headphone,15903,43790,Xiaomi,yellow,ranking,best
recommended gaming mouse Fujifilm in orange starting from 3252-19728 for office with good quality,mouse,3252,19728,Fujifilm,orange,ranking,best
customer reviews keyboard HP under ₹10991 wireless with good quality,keyboard,0,10991,HP,purple,reviews,reviews
highest rated iphone in navy below 65865 wireless,phone,0,65865,,navy,reviews,reviews
affordable macbook below 106188 for students,laptop,0,106188,,,value,value
please worth it mouse below 16920 premium,mouse,0,16920,,,value,value
please cheap earbuds in white below 34699 lightweight with good quality,headphone,0,34699,,white,value,value
value for money android tablet in silver below 92096 premium,tablet,0,92096,,silver,value,value
top rated keyboard between ₹6908 and ₹7434 new,keyboard,6908,7434,Puma,,reviews,reviews
best overall speaker starting from 8534-16069,speaker,8534,16069,,brown,ranking,best
please good reviews android tablet below 106368 with good quality,tablet,0,106368,,,reviews,reviews
please cheap android tablet in green under ₹76137 for office,tablet,0,76137,,green,value,value
recommended laptop Bose between ₹67296 and ₹76621 wireless,laptop,67296,76621,Bose,,ranking,best
highest rated bluetooth speaker under ₹27011,speaker,0,27011,Dell,,reviews,reviews
value for money ultrabook ₹51626-60707 for office,laptop,51626,60707,,,value,value
best mirrorless camera between ₹103551 and ₹172162 durable,camera,103551,172162,,,ranking,best
recommended running shoes under ₹13426 wireless with good quality,shoe,0,13426,,,ranking,best
please affordable ultrabook Garmin ₹69941-123921,laptop,69941,123921,Garmin,,value,value
customer reviews watch below 58936 latest,watch,0,58936,,gray,reviews,reviews
please pick for me iphone starting from 9631-62395 new,phone,9631,62395,,brown,ranking,best
budget shoes below 6989,shoe,0,6989,,silver,value,value
best reviews dslr POCO ₹100760-150600 with good quality,camera,100760,150600,POCO,,reviews,reviews
affordable monitor below 24831 with good quality,monitor,0,24831,,orange,value,value
top rated mirrorless camera under ₹46751 lightweight,camera,0,46751,,,reviews,reviews
value for money mouse between ₹6312 and ₹18771 for office,mouse,6312,18771,,,value,value
highest rated watch SteelSeries in red ₹6766-72993 gaming,watch,6766,72993,SteelSeries,red,reviews,reviews
highest rated macbook Lenovo starting from 43541-112741 premium,laptop,43541,112741,Lenovo,,reviews,reviews
please budget laptop below 135182 premium,laptop,0,135182,,,value,value
customer reviews external drive ₹1668-30803 new with good quality,storage,1668,30803,Samsung,,reviews,reviews
worth it mobile ASUS in red starting from 24670-78778 latest with good quality,phone,24670,78778,ASUS,red,value,value
please suggest display starting from 13315-29504,monitor,13315,29504,,,ranking,best
value for money sneakers Fossil starting from 3006-3396,shoe,3006,3396,Fossil,,value,value
please customer reviews mouse Reebok starting from 3147-5166 for office,mouse,3147,5166,Reebok,,reviews,reviews
best reviews mirrorless camera POCO under ₹219198 for office,camera,0,219198,POCO,navy,reviews,reviews
please affordable watch ₹7749-72124 for office,watch,7749,72124,,,value,value
pick for me watch below 70009 premium,watch,0,70009,,gray,ranking,best
highest rated smartphone Marshall in navy below 27782 wireless,phone,0,27782,Marshall,navy,reviews,reviews
cheap mechanical keyboard Apple between ₹5156 and ₹18673 durable,keyboard,5156,18673,Apple,,value,value
affordable macbook in gray ₹44506-127005 wireless,laptop,44506,127005,,gray,value,value
best tablet Kingston in orange ₹36429-106670 premium,tablet,36429,106670,Kingston,orange,ranking,best
please affordable external drive between ₹14322 and ₹34731 premium with good quality,storage,14322,34731,,,value,value
recommended shoes ₹4741-15568 with good quality,shoe,4741,15568,,black,ranking,best
pick for me display Marshall in red ₹28208-74453 for students,monitor,28208,74453,Marshall,red,ranking,best
please worth it footwear starting from 4337-11347,shoe,4337,11347,Apple,,value,value
value for money keyboard starting from 7914-16107 gaming,keyboard,7914,16107,,,value,value
value for money bluetooth speaker Panasonic in purple below 41743 lightweight,speaker,0,41743,Panasonic,purple,value,value
affordable bluetooth speaker Kingston ₹16150-24945,speaker,16150,24945,Kingston,,value,value
recommended notebook in brown below 195502 for students,laptop,0,195502,,brown,ranking,best
please best reviews headphone SteelSeries in black starting from 9346-32945 new,headphone,9346,32945,SteelSeries,black,reviews,reviews
recommended display Microsoft starting from 29234-65939 new,monitor,29234,65939,Microsoft,,ranking,best
please best screen starting from 29613-69827 new with good quality,monitor,29613,69827,,,ranking,best
please value for money ipad below 103443 gaming with good quality,tablet,0,103443,,green,value,value
best reviews mirrorless camera in navy under ₹132108 for office with good quality,camera,0,132108,,navy,reviews,reviews
customer reviews mechanical keyboard Motorola between ₹8020 and ₹14926,keyboard,8020,14926,Motorola,gray,reviews,reviews
best android phone MSI in navy below 26451,phone,0,26451,MSI,navy,ranking,best
cheap mechanical keyboard between ₹5035 and ₹19547 wireless with good quality,keyboard,5035,19547,,orange,value,value
please cheap mirrorless camera ₹93027-209132,camera,93027,209132,POCO,,value,value
recommended dslr under ₹222183 wireless,camera,0,222183,,,ranking,best
pick for me ultrabook starting from 79540-181210 latest,laptop,79540,181210,Corsair,,ranking,best
good reviews phone between ₹17763 and ₹55478,phone,17763,55478,Garmin,,reviews,reviews
best overall bluetooth speaker below 32087 with good quality,speaker,0,32087,,,ranking,best
please good reviews smartwatch Realme ₹16086-22707 latest with good quality,watch,16086,22707,Realme,,reviews,reviews
worth it mobile Razer ₹33520-59592 for students,phone,33520,59592,Razer,gold,value,value
top rated macbook OnePlus below 168207 latest,laptop,0,168207,OnePlus,,reviews,reviews
customer reviews phone below 45913 wireless,phone,0,45913,,white,reviews,reviews
top rated computer in green under ₹87320 new,laptop,0,87320,Western Digital,green,reviews,reviews
budget smartwatch starting from 28518-68413 for students with good quality,watch,28518,68413,,,value,value
highest rated storage Crucial starting from 7344-15173 for students,storage,7344,15173,Crucial,,reviews,reviews
budget ssd starting from 6060-14372 latest,storage,6060,14372,Fitbit,,value,value
recommended keyboard in gold starting from 655-9864 durable with good quality,keyboard,655,9864,,gold,ranking,best
please top rated shoe Huawei in gold under ₹8342 wireless,shoe,0,8342,Huawei,gold,reviews,reviews
suggest camera in yellow ₹15561-202748 premium,camera,15561,202748,,yellow,ranking,best
worth it iphone Dell ₹15749-48256,phone,15749,48256,Dell,,value,value
please best iphone Audio-Technica below 53330,phone,0,53330,Audio-Technica,,ranking,best
recommended monitor starting from 16232-51850 with good quality,monitor,16232,51850,Fitbit,,ranking,best
affordable monitor between ₹9484 and ₹9755 for office,monitor,9484,9755,,,value,value
best overall android tablet under ₹115664 for office,tablet,0,115664,,,ranking,best
suggest external drive between ₹11001 and ₹27742,storage,11001,27742,,gray,ranking,best
top rated fitness watch Nikon starting from 1720-19447 latest,watch,1720,19447,Nikon,,reviews,reviews
affordable ssd under ₹14410 for office with good quality,storage,0,14410,Sennheiser,,value,value
best hdd in yellow between ₹8283 and ₹8789 gaming,storage,8283,8789,,yellow,ranking,best
please best hdd Fujifilm below 38097,storage,0,38097,Fujifilm,,ranking,best
value for money keyboard SteelSeries starting from 6006-17386 new,keyboard,6006,17386,SteelSeries,brown,value,value
best overall external drive in orange ₹12353-34761 for office with good quality,storage,12353,34761,,orange,ranking,best
worth it watch Audio-Technica in orange under ₹49166,watch,0,49166,Audio-Technica,orange,value,value
please pick for me running shoes Microsoft in purple under ₹10737,shoe,0,10737,Microsoft,purple,ranking,best
budget sneakers under ₹17508 gaming,shoe,0,17508,Adidas,,value,value
affordable android tablet starting from 36739-49478 latest,tablet,36739,49478,,,value,value
top rated storage OnePlus under ₹21854 durable,storage,0,21854,OnePlus,navy,reviews,reviews
affordable dslr Kingston ₹13390-132449,camera,13390,132449,Kingston,,value,value
best boots Microsoft starting from 1641-2243,shoe,1641,2243,Microsoft,,ranking,best
top rated headphone Panasonic under ₹23027 for office,headphone,0,23027,Panasonic,,reviews,reviews
suggest gaming mouse between ₹4346 and ₹9603,mouse,4346,9603,,,ranking,best
please cheap computer Logitech below 88632 with good quality,laptop,0,88632,Logitech,,value,value
customer reviews android tablet between ₹47306 and ₹90909 for office with good quality,tablet,47306,90909,,,reviews,reviews
budget boots below 18173 gaming,shoe,0,18173,Nike,,value,value
please recommended footwear Asics starting from 1966-11687,shoe,1966,11687,Asics,gold,ranking,best
best reviews tablet under ₹76779 wireless with good quality,tablet,0,76779,,,reviews,reviews
pick for me bluetooth speaker Garmin below 25866 gaming,speaker,0,25866,Garmin,,ranking,best
recommended mouse below 6402 gaming,mouse,0,6402,,,ranking,best
budget bluetooth speaker between ₹6996 and ₹42288 wireless,speaker,6996,42288,Puma,,value,value
worth it monitor New Balance ₹24148-28599,monitor,24148,28599,New Balance,,value,value
highest rated display Bose starting from 27450-60076 latest,monitor,27450,60076,Bose,,reviews,reviews
please worth it ipad Acer in gray under ₹67536 new with good quality,tablet,0,67536,Acer,gray,value,value
highest rated mechanical keyboard in silver between ₹3850 and ₹10071 premium with good quality,keyboard,3850,10071,,silver,reviews,reviews
value for money smartphone Logitech under ₹46992 latest,phone,0,46992,Logitech,,value,value
best earbuds in purple between ₹18597 and ₹48693 gaming,headphone,18597,48693,Lenovo,purple,ranking,best
recommended speaker ₹13825-28939 durable,speaker,13825,28939,Garmin,,ranking,best
customer reviews android phone Realme under ₹43816 premium,phone,0,43816,Realme,brown,reviews,reviews
please customer reviews fitness watch Audio-Technica in navy between ₹26196 and ₹77425 latest,watch,26196,77425,Audio-Technica,navy,reviews,reviews
please affordable watch below 77020,watch,0,77020,,,value,value
budget monitor Seagate under ₹53483 premium,monitor,0,53483,Seagate,,value,value
top rated computer JBL between ₹68225 and ₹86769 premium,laptop,68225,86769,JBL,blue,reviews,reviews
best reviews notebook Panasonic between ₹87593 and ₹114856 for students,laptop,87593,114856,Panasonic,,reviews,reviews
best overall ipad Nikon in black below 45795 for students,tablet,0,45795,Nikon,black,ranking,best
best overall monitor Acer in navy ₹17600-34127 premium with good quality,monitor,17600,34127,Acer,navy,ranking,best
affordable notebook Fitbit ₹85050-93998 with good quality,laptop,85050,93998,Fitbit,,value,value
good reviews phone MSI under ₹48160 for students,phone,0,48160,MSI,red,reviews,reviews
top rated shoe OnePlus starting from 4771-12529 for students with good quality,shoe,4771,12529,OnePlus,brown,reviews,reviews
please value for money shoes in white under ₹13476 premium,shoe,0,13476,,white,value,value
affordable speaker Canon between ₹17933 and ₹39137 latest with good quality,speaker,17933,39137,Canon,,value,value
please best reviews ipad under ₹11939 new with good quality,tablet,0,11939,Dell,black,reviews,reviews
please pick for me mirrorless camera MSI in orange ₹93877-148372 lightweight,camera,93877,148372,MSI,orange,ranking,best
top rated sneakers Nikon under ₹16546,shoe,0,16546,Nikon,orange,reviews,reviews
please cheap hdd below 31979 gaming with good quality,storage,0,31979,Seagate,white,value,value
recommended mouse Logitech under ₹14449 new,mouse,0,14449,Logitech,,ranking,best
best mouse OnePlus below 14254,mouse,0,14254,OnePlus,green,ranking,best
highest rated headphone Puma between ₹10252 and ₹12004 durable,headphone,10252,12004,Puma,,reviews,reviews
please value for money bluetooth speaker in gray under ₹23567,speaker,0,23567,,gray,value,value
worth it notebook in red under ₹114744 for students with good quality,laptop,0,114744,,red,value,value
please highest rated notebook in purple ₹88420-171929 gaming,laptop,88420,171929,,purple,reviews,reviews
please top rated mechanical keyboard in red between ₹662 and ₹13360 premium,keyboard,662,13360,,red,reviews,reviews
good reviews headphone JBL below 25195 lightweight,headphone,0,25195,JBL,,reviews,reviews
please cheap watch starting from 13427-63963 latest,watch,13427,63963,Audio-Technica,,value,value
please cheap computer Marshall under ₹181634 for office with good quality,laptop,0,181634,Marshall,,value,value
cheap smartwatch starting from 23012-65504 premium,watch,23012,65504,,,value,value
best overall speaker in navy below 39655,speaker,0,39655,,navy,ranking,best
top rated mechanical keyboard under ₹10546 gaming,keyboard,0,10546,,,reviews,reviews
best tablet in green under ₹83687,tablet,0,83687,,green,ranking,best
please best mirrorless camera Bose in red ₹75762-123668 lightweight,camera,75762,123668,Bose,red,ranking,best
top rated headphone between ₹4378 and ₹46287 new,headphone,4378,46287,,,reviews,reviews
please best gaming mouse Fujifilm starting from 577-2777,mouse,577,2777,Fujifilm,,ranking,best
customer reviews dslr ₹75691-199945 gaming,camera,75691,199945,,,reviews,reviews
top rated smartwatch in black ₹29809-51652,watch,29809,51652,,black,reviews,reviews
highest rated shoes ₹6528-19039 for students,shoe,6528,19039,,,reviews,reviews
highest rated shoe ₹936-12939 for students,shoe,936,12939,,,reviews,reviews
worth it mobile below 61935,phone,0,61935,Panasonic,,value,value
please pick for me hdd OnePlus under ₹36729 durable,storage,0,36729,OnePlus,,ranking,best
suggest bluetooth speaker below 27647,speaker,0,27647,,brown,ranking,best
best reviews bluetooth speaker Corsair starting from 3763-49299,speaker,3763,49299,Corsair,,reviews,reviews
please budget storage below 37445 wireless with good quality,storage,0,37445,,,value,value
affordable external drive in white starting from 7025-15575 with good quality,storage,7025,15575,,white,value,value
worth it mirrorless camera in yellow starting from 28555-165004 for office,camera,28555,165004,,yellow,value,value
best reviews earbuds under ₹45247 wireless,headphone,0,45247,,,reviews,reviews
good reviews earbuds under ₹40509,headphone,0,40509,,,reviews,reviews
pick for me tablet ₹11444-113360 premium,tablet,11444,113360,,,ranking,best
highest rated fitness watch Panasonic between ₹14014 and ₹23628 lightweight with good quality,watch,14014,23628,Panasonic,,reviews,reviews
pick for me watch below 75749 for students,watch,0,75749,,,ranking,best
recommended laptop Realme ₹48738-199849,laptop,48738,199849,Realme,,ranking,best
please best overall mobile Panasonic in black ₹24889-67693 with good quality,phone,24889,67693,Panasonic,black,ranking,best
value for money screen Kingston ₹28418-53218,monitor,28418,53218,Kingston,,value,value
value for money smartwatch Samsung starting from 23114-56720 for students with good quality,watch,23114,56720,Samsung,silver,value,value
highest rated monitor under ₹31131,monitor,0,31131,,,reviews,reviews
please worth it camera starting from 81479-209752 new,camera,81479,209752,,gold,value,value
please best mobile Kingston under ₹55686 lightweight,phone,0,55686,Kingston,,ranking,best
top rated footwear below 8270 durable,shoe,0,8270,Samsung,,reviews,reviews
worth it macbook starting from 84689-131041 new with good quality,laptop,84689,131041,,,value,value
suggest boots Acer between ₹1899 and ₹9178 for office,shoe,1899,9178,Acer,,ranking,best
budget macbook under ₹90625 wireless with good quality,laptop,0,90625,New Balance,,value,value
budget watch between ₹21022 and ₹31972 with good quality,watch,21022,31972,,,value,value
cheap mouse in white under ₹11856 gaming,mouse,0,11856,Lenovo,white,value,value
pick for me iphone Motorola in white under ₹54138 wireless with good quality,phone,0,54138,Motorola,white,ranking,best
please highest rated camera Corsair under ₹229973 premium,camera,0,229973,Corsair,,reviews,reviews
affordable earphones below 49053 gaming,headphone,0,49053,Fitbit,,value,value
please top rated camera in white under ₹147464,camera,0,147464,Motorola,white,reviews,reviews
pick for me keyboard ₹3973-15265 durable,keyboard,3973,15265,,,ranking,best
budget gaming mouse Nike starting from 4877-17359 latest,mouse,4877,17359,Nike,,value,value
pick for me keyboard ₹4708-10696 gaming,keyboard,4708,10696,,yellow,ranking,best
please highest rated mechanical keyboard below 18981 for office,keyboard,0,18981,,,reviews,reviews
please value for money bluetooth speaker Puma starting from 16799-20767 wireless,speaker,16799,20767,Puma,,value,value
recommended macbook Nike ₹30553-169452 for students,laptop,30553,169452,Nike,silver,ranking,best
please affordable smartwatch Marshall ₹27792-45652 gaming,watch,27792,45652,Marshall,,value,value
please top rated external drive below 32474 for students,storage,0,32474,Realme,red,reviews,reviews
customer reviews display ₹28611-78906 new with good quality,monitor,28611,78906,,,reviews,reviews
good reviews smartwatch Dell in yellow ₹20765-69293 for students,watch,20765,69293,Dell,yellow,reviews,reviews
please affordable notebook Samsung under ₹153911,laptop,0,153911,Samsung,,value,value
please recommended gaming mouse in white below 4615 lightweight,mouse,0,4615,,white,ranking,best
best earphones starting from 11815-39938 latest,headphone,11815,39938,,,ranking,best
please best headphone under ₹14596 gaming,headphone,0,14596,,,ranking,best
top rated mouse Huawei under ₹13411 premium,mouse,0,13411,Huawei,silver,reviews,reviews
best keyboard in green below 11778 new,keyboard,0,11778,,green,ranking,best
please pick for me ipad Canon below 88964 premium,tablet,0,88964,Canon,,ranking,best
value for money earphones ₹12181-36367 for office,headphone,12181,36367,,,value,value
best boots Lenovo below 4861,shoe,0,4861,Lenovo,,ranking,best
best reviews mobile Logitech in navy below 61129 lightweight,phone,0,61129,Logitech,navy,reviews,reviews
please highest rated mechanical keyboard starting from 7483-11292 lightweight with good quality,keyboard,7483,11292,,,reviews,reviews
best reviews shoe below 10950 latest,shoe,0,10950,,,reviews,reviews
highest rated watch in red under ₹70910 latest with good quality,watch,0,70910,SteelSeries,red,reviews,reviews
cheap running shoes Western Digital in brown starting from 3929-19622 for students,shoe,3929,19622,Western Digital,brown,value,value
please top rated dslr ₹60318-99402 premium,camera,60318,99402,Motorola,,reviews,reviews
best hdd ASUS in red below 27510 lightweight,storage,0,27510,ASUS,red,ranking,best
value for money computer under ₹130792,laptop,0,130792,,,value,value
worth it shoe New Balance in orange between ₹910 and ₹1417,shoe,910,1417,New Balance,orange,value,value
value for money macbook Panasonic in black under ₹105609,laptop,0,105609,Panasonic,black,value,value
please best reviews ultrabook Motorola ₹34658-127476 new,laptop,34658,127476,Motorola,gray,reviews,reviews
recommended headphone Crucial in yellow ₹2220-42036 premium,headphone,2220,42036,Crucial,yellow,ranking,best
value for money headphones Apple in silver below 30488,headphone,0,30488,Apple,silver,value,value
cheap monitor in gray below 32286 for office,monitor,0,32286,,gray,value,value
pick for me dslr starting from 97715-162378 durable,camera,97715,162378,,,ranking,best
please value for money android tablet below 74819 lightweight,tablet,0,74819,Western Digital,,value,value
highest rated notebook ₹80623-192146 durable with good quality,laptop,80623,192146,,yellow,reviews,reviews
value for money android tablet OnePlus in brown ₹17376-67050 new,tablet,17376,67050,OnePlus,brown,value,value
recommended footwear Google below 19278 premium,shoe,0,19278,Google,white,ranking,best
please top rated smartwatch Garmin starting from 4845-25477,watch,4845,25477,Garmin,,reviews,reviews
budget bluetooth speaker ₹9255-46945 with good quality,speaker,9255,46945,,,value,value
good reviews camera below 108018 with good quality,camera,0,108018,,blue,reviews,reviews
please top rated hdd MSI between ₹14553 and ₹27220 lightweight,storage,14553,27220,MSI,,reviews,reviews
recommended watch ASUS in white starting from 8143-9781 latest with good quality,watch,8143,9781,ASUS,white,ranking,best
pick for me display MSI starting from 15686-65148 for office with good quality,monitor,15686,65148,MSI,green,ranking,best
affordable mirrorless camera ₹31685-38093 latest with good quality,camera,31685,38093,,,value,value
recommended screen Fitbit below 47312,monitor,0,47312,Fitbit,brown,ranking,best
affordable smartwatch in yellow below 57686 new with good quality,watch,0,57686,OnePlus,yellow,value,value
suggest footwear Acer below 6628,shoe,0,6628,Acer,,ranking,best
top rated smartphone in silver starting from 33006-62175 gaming,phone,33006,62175,Nikon,silver,reviews,reviews
customer reviews computer Logitech ₹49489-71575 latest,laptop,49489,71575,Logitech,,reviews,reviews
please recommended ipad starting from 14900-53197 new,tablet,14900,53197,,,ranking,best
budget speaker under ₹23383 with good quality,speaker,0,23383,Nikon,,value,value
please highest rated smartwatch ₹8167-70786 premium with good quality,watch,8167,70786,Microsoft,,reviews,reviews
pick for me gaming mouse below 14293 latest,mouse,0,14293,Kingston,,ranking,best
best overall bluetooth speaker Google in gray below 40359 wireless,speaker,0,40359,Google,gray,ranking,best
highest rated earphones Sony starting from 16381-27111 latest with good quality,headphone,16381,27111,Sony,,reviews,reviews
top rated external drive below 39064,storage,0,39064,,,reviews,reviews
pick for me smartwatch Audio-Technica in brown starting from 15963-77984 lightweight,watch,15963,77984,Audio-Technica,brown,ranking,best
cheap gaming mouse Sony under ₹5660 wireless,mouse,0,5660,Sony,blue,value,value
top rated display Sony in gold below 71483 gaming,monitor,0,71483,Sony,gold,reviews,reviews
value for money speaker in green under ₹9993 for office,speaker,0,9993,,green,value,value
please recommended mechanical keyboard Canon below 10918,keyboard,0,10918,Canon,,ranking,best
cheap phone in orange below 59849 wireless,phone,0,59849,Nikon,orange,value,value
suggest camera in gray starting from 14035-21115,camera,14035,21115,,gray,ranking,best
good reviews mirrorless camera Sennheiser below 229024,camera,0,229024,Sennheiser,orange,reviews,reviews
pick for me macbook Apple between ₹58046 and ₹89276 with good quality,laptop,58046,89276,Apple,,ranking,best
best overall shoe ₹1027-19042 premium,shoe,1027,19042,Fitbit,,ranking,best
suggest computer Motorola in gold under ₹175038 premium with good quality,laptop,0,175038,Motorola,gold,ranking,best
please top rated monitor ₹12585-36460 with good quality,monitor,12585,36460,,red,reviews,reviews
please suggest footwear Fujifilm ₹2522-16481 with good quality,shoe,2522,16481,Fujifilm,,ranking,best
best overall gaming mouse starting from 3308-14871 premium,mouse,3308,14871,,,ranking,best
please budget smartphone Adidas between ₹24768 and ₹74838 lightweight with good quality,phone,24768,74838,Adidas,,value,value
pick for me external drive ₹2506-25548 for office with good quality,storage,2506,25548,,silver,ranking,best
affordable hdd Sennheiser ₹6105-17161,storage,6105,17161,Sennheiser,navy,value,value
good reviews mouse below 18421,mouse,0,18421,Realme,,reviews,reviews
value for money mouse below 16636 with good quality,mouse,0,16636,,,value,value
top rated ipad in red between ₹16015 and ₹17477 gaming,tablet,16015,17477,Fossil,red,reviews,reviews
cheap mechanical keyboard in purple between ₹1112 and ₹15131 latest,keyboard,1112,15131,SteelSeries,purple,value,value
best mobile in gray starting from 26887-28480,phone,26887,28480,Kingston,gray,ranking,best
pick for me keyboard in orange between ₹1068 and ₹16665 gaming,keyboard,1068,16665,,orange,ranking,best
please highest rated mouse Acer starting from 4541-18645 lightweight with good quality,mouse,4541,18645,Acer,,reviews,reviews
suggest smartwatch starting from 6776-18512,watch,6776,18512,,,ranking,best
customer reviews earbuds ₹3258-20741 premium with good quality,headphone,3258,20741,,black,reviews,reviews
top rated fitness watch starting from 22070-51550 for students,watch,22070,51550,,,reviews,reviews
best fitness watch between ₹9844 and ₹48872 lightweight,watch,9844,48872,,,ranking,best
please recommended android tablet in silver ₹21924-23844 with good quality,tablet,21924,23844,,silver,ranking,best
please best reviews gaming mouse starting from 6729-12037 premium,mouse,6729,12037,,,reviews,reviews
please good reviews display below 19354 new,monitor,0,19354,,,reviews,reviews
please best overall storage ₹5370-7443 new,storage,5370,7443,Adidas,,ranking,best
please best ultrabook Marshall under ₹125580 for office with good quality,laptop,0,125580,Marshall,,ranking,best
please best headphone Fujifilm below 44992 latest,headphone,0,44992,Fujifilm,,ranking,best
best reviews headphones between ₹13642 and ₹39590 premium,headphone,13642,39590,Crucial,,reviews,reviews
budget gaming mouse Nike in gold below 13607 new,mouse,0,13607,Nike,gold,value,value
please pick for me bluetooth speaker Microsoft in green starting from 6394-7231 lightweight,speaker,6394,7231,Microsoft,green,ranking,best
suggest headphones between ₹5603 and ₹11957 gaming,headphone,5603,11957,,,ranking,best
customer reviews screen Nikon in yellow ₹27270-49341 durable,monitor,27270,49341,Nikon,yellow,reviews,reviews
suggest bluetooth speaker in black below 44207,speaker,0,44207,,black,ranking,best
highest rated earbuds between ₹18065 and ₹23997 for office,headphone,18065,23997,,,reviews,reviews
worth it ipad Razer between ₹16058 and ₹73072 latest,tablet,16058,73072,Razer,,value,value
please cheap computer ASUS under ₹115454,laptop,0,115454,ASUS,,value,value
top rated mouse in gray between ₹5908 and ₹19774 wireless,mouse,5908,19774,Fujifilm,gray,reviews,reviews
suggest phone in brown below 60710 gaming,phone,0,60710,,brown,ranking,best
please customer reviews camera ₹90255-171912 gaming,camera,90255,171912,,green,reviews,reviews
best overall earphones SteelSeries in green below 47879 for office,headphone,0,47879,SteelSeries,green,ranking,best
please good reviews bluetooth speaker under ₹43845,speaker,0,43845,,,reviews,reviews
customer reviews iphone between ₹33776 and ₹49878 durable,phone,33776,49878,,,reviews,reviews
affordable boots under ₹16213 wireless,shoe,0,16213,,gray,value,value
value for money phone starting from 18856-75699 latest,phone,18856,75699,,,value,value
suggest keyboard between ₹7832 and ₹19102,keyboard,7832,19102,,,ranking,best
recommended mouse below 7629 latest with good quality,mouse,0,7629,,black,ranking,best
please pick for me iphone Panasonic starting from 25914-43171 premium,phone,25914,43171,Panasonic,,ranking,best
cheap bluetooth speaker Logitech between ₹7365 and ₹38770 for students,speaker,7365,38770,Logitech,,value,value
customer reviews phone Marshall between ₹11936 and ₹63179 for students,phone,11936,63179,Marshall,green,reviews,reviews
please highest rated hdd Nike starting from 9202-37446 new,storage,9202,37446,Nike,,reviews,reviews
affordable mouse OnePlus in navy ₹2981-16089,mouse,2981,16089,OnePlus,navy,value,value
value for money bluetooth speaker OnePlus under ₹31435 premium,speaker,0,31435,OnePlus,,value,value
affordable speaker Motorola ₹8553-15662 with good quality,speaker,8553,15662,Motorola,,value,value
best external drive Bose ₹16131-22034 durable,storage,16131,22034,Bose,,ranking,best
best headphones in gold below 41967 premium,headphone,0,41967,Xiaomi,gold,ranking,best
best overall android phone between ₹14798 and ₹52377 durable,phone,14798,52377,Garmin,,ranking,best
please best speaker Asics ₹17749-27721 durable,speaker,17749,27721,Asics,,ranking,best
please best reviews wireless headphones Sony in red starting from 3250-38473,headphone,3250,38473,Sony,red,reviews,reviews
highest rated phone ₹29405-31569 gaming with good quality,phone,29405,31569,,,reviews,reviews
value for money ipad Microsoft starting from 12084-43166 with good quality,tablet,12084,43166,Microsoft,,value,value
cheap smartphone under ₹73593 for students,phone,0,73593,,,value,value
please pick for me mirrorless camera Motorola in black under ₹177945 latest,camera,0,177945,Motorola,black,ranking,best
good reviews mechanical keyboard Canon in purple under ₹9926 new,keyboard,0,9926,Canon,purple,reviews,reviews
please best keyboard under ₹19646 for students with good quality,keyboard,0,19646,,,ranking,best
please top rated watch under ₹57792 durable,watch,0,57792,,,reviews,reviews
please customer reviews watch between ₹24567 and ₹44605,watch,24567,44605,,,reviews,reviews
best overall fitness watch ₹12558-66606 lightweight,watch,12558,66606,,,ranking,best
budget keyboard in yellow ₹7187-9712 for students,keyboard,7187,9712,SteelSeries,yellow,value,value
good reviews gaming mouse New Balance ₹4557-5065 lightweight,mouse,4557,5065,New Balance,purple,reviews,reviews
worth it sneakers Sony below 12688,shoe,0,12688,Sony,,value,value
suggest dslr starting from 26314-171556 durable,camera,26314,171556,,,ranking,best
suggest screen under ₹41488,monitor,0,41488,,,ranking,best
please cheap mouse in green starting from 2552-3156 wireless with good quality,mouse,2552,3156,Crucial,green,value,value
worth it shoe under ₹16173 durable with good quality,shoe,0,16173,,,value,value
best overall notebook Lenovo in silver under ₹85846 latest,laptop,0,85846,Lenovo,silver,ranking,best
customer reviews mechanical keyboard in brown under ₹3336 gaming with good quality,keyboard,0,3336,,brown,reviews,reviews
cheap android phone MSI below 26508 gaming,phone,0,26508,MSI,,value,value
recommended display starting from 16068-19191 lightweight,monitor,16068,19191,,black,ranking,best
recommended keyboard ₹3603-17413,keyboard,3603,17413,,,ranking,best
value for money android tablet starting from 43928-98926,tablet,43928,98926,,,value,value
please best reviews mechanical keyboard Lenovo in purple between ₹7963 and ₹12161 gaming,keyboard,7963,12161,Lenovo,purple,reviews,reviews
best overall dslr Sony below 230952 for office,camera,0,230952,Sony,,ranking,best
cheap mechanical keyboard Audio-Technica between ₹1631 and ₹10359 for office,keyboard,1631,10359,Audio-Technica,,value,value
good reviews speaker between ₹1308 and ₹12437 with good quality,speaker,1308,12437,,red,reviews,reviews
please pick for me boots ₹1884-18956 for office,shoe,1884,18956,,red,ranking,best
value for money smartwatch under ₹61758,watch,0,61758,,,value,value
best reviews dslr below 248733,camera,0,248733,,,reviews,reviews
good reviews mechanical keyboard Nike between ₹6020 and ₹16859 durable,keyboard,6020,16859,Nike,,reviews,reviews
cheap ipad in gold between ₹45999 and ₹112813 premium,tablet,45999,112813,Microsoft,gold,value,value
best reviews external drive Razer under ₹25592 for students,storage,0,25592,Razer,purple,reviews,reviews
budget mouse starting from 2782-7602 with good quality,mouse,2782,7602,,,value,value
suggest shoe below 17056 for office,shoe,0,17056,,,ranking,best
pick for me display between ₹18562 and ₹77015 premium with good quality,monitor,18562,77015,Samsung,,ranking,best
recommended watch starting from 25034-30106 for students,watch,25034,30106,,,ranking,best
best reviews mobile starting from 11291-79818 latest with good quality,phone,11291,79818,,black,reviews,reviews
please best reviews gaming mouse Motorola ₹4351-7032 lightweight,mouse,4351,7032,Motorola,,reviews,reviews
best reviews hdd in white under ₹30365 wireless with good quality,storage,0,30365,,white,reviews,reviews
good reviews watch Fossil ₹28747-44144,watch,28747,44144,Fossil,,reviews,reviews
top rated android phone ASUS in silver below 59718 gaming with good quality,phone,0,59718,ASUS,silver,reviews,reviews
value for money monitor between ₹17500 and ₹62737 lightweight,monitor,17500,62737,,,value,value
good reviews footwear in orange ₹4168-10780 latest,shoe,4168,10780,,orange,reviews,reviews
worth it boots Audio-Technica between ₹2489 and ₹6303 durable with good quality,shoe,2489,6303,Audio-Technica,red,value,value
cheap hdd starting from 2039-5464 premium,storage,2039,5464,Sony,,value,value
best reviews wireless headphones under ₹28676 latest,headphone,0,28676,,,reviews,reviews
top rated keyboard in green between ₹698 and ₹8434,keyboard,698,8434,Fujifilm,green,reviews,reviews
worth it headphones in gold starting from 14411-15931,headphone,14411,15931,,gold,value,value
highest rated mouse between ₹4697 and ₹17078 new,mouse,4697,17078,,,reviews,reviews
worth it display starting from 13127-76680 latest,monitor,13127,76680,Marshall,gray,value,value
pick for me hdd Motorola between ₹7510 and ₹32980 new,storage,7510,32980,Motorola,,ranking,best
affordable smartphone Xiaomi starting from 16190-21887 with good quality,phone,16190,21887,Xiaomi,silver,value,value
please best overall screen Acer starting from 5196-47528 latest,monitor,5196,47528,Acer,,ranking,best
pick for me screen starting from 14545-44981 new with good quality,monitor,14545,44981,MSI,,ranking,best
best computer in brown under ₹87829,laptop,0,87829,,brown,ranking,best
good reviews laptop between ₹25606 and ₹103597,laptop,25606,103597,,,reviews,reviews
recommended fitness watch in orange starting from 5837-44073,watch,5837,44073,,orange,ranking,best
please affordable android tablet under ₹38596 premium with good quality,tablet,0,38596,,,value,value
value for money shoe Realme in white starting from 4556-10179 premium,shoe,4556,10179,Realme,white,value,value
worth it sneakers in gray ₹6774-11983 with good quality,shoe,6774,11983,,gray,value,value
cheap gaming mouse POCO in green starting from 1338-5689,mouse,1338,5689,POCO,green,value,value
recommended speaker in black below 14077 latest with good quality,speaker,0,14077,,black,ranking,best
best reviews keyboard starting from 2978-19574 for office,keyboard,2978,19574,,silver,reviews,reviews
recommended watch Kingston ₹32181-73915 for students with good quality,watch,32181,73915,Kingston,,ranking,best
please good reviews mirrorless camera in yellow below 190722 lightweight,camera,0,190722,,yellow,reviews,reviews
please best sneakers Bose between ₹5602 and ₹10887,shoe,5602,10887,Bose,,ranking,best
worth it speaker under ₹27259,speaker,0,27259,Panasonic,brown,value,value
cheap monitor under ₹37465 premium with good quality,monitor,0,37465,,,value,value
please worth it laptop Samsung in orange between ₹29084 and ₹111659,laptop,29084,111659,Samsung,orange,value,value
value for money fitness watch in purple ₹32142-56344 latest,watch,32142,56344,,purple,value,value
budget storage Huawei in green under ₹37581 durable,storage,0,37581,Huawei,green,value,value
suggest mouse starting from 6476-8091 latest with good quality,mouse,6476,8091,,white,ranking,best
budget fitness watch Dell in orange between ₹32088 and ₹44811 wireless with good quality,watch,32088,44811,Dell,orange,value,value
good reviews tablet in green between ₹36809 and ₹71683 gaming,tablet,36809,71683,Realme,green,reviews,reviews
cheap ultrabook Western Digital below 152737 durable,laptop,0,152737,Western Digital,gold,value,value
budget ipad Nikon ₹51144-75779 gaming,tablet,51144,75779,Nikon,white,value,value
please suggest android phone between ₹13201 and ₹68635 new,phone,13201,68635,,,ranking,best
please customer reviews computer Huawei starting from 78033-159053 for office,laptop,78033,159053,Huawei,,reviews,reviews
cheap gaming mouse Sennheiser in blue starting from 1383-15377 latest,mouse,1383,15377,Sennheiser,blue,value,value
best ssd in purple between ₹3128 and ₹25161,storage,3128,25161,,purple,ranking,best
best reviews monitor Google in red below 24811 lightweight with good quality,monitor,0,24811,Google,red,reviews,reviews
please good reviews computer ₹70795-98846 with good quality,laptop,70795,98846,Panasonic,,reviews,reviews
worth it computer MSI ₹72865-187449 gaming,laptop,72865,187449,MSI,,value,value
top rated android tablet starting from 31742-76486 for office with good quality,tablet,31742,76486,,blue,reviews,reviews
best reviews ipad Acer between ₹50863 and ₹74639 for students with good quality,tablet,50863,74639,Acer,yellow,reviews,reviews
best bluetooth speaker Apple below 18992 durable,speaker,0,18992,Apple,,ranking,best
worth it bluetooth speaker Reebok between ₹4599 and ₹44358 with good quality,speaker,4599,44358,Reebok,green,value,value
please best reviews laptop under ₹170672 wireless,laptop,0,170672,,,reviews,reviews
good reviews storage in silver between ₹1652 and ₹9817 gaming,storage,1652,9817,,silver,reviews,reviews
please best sneakers Huawei in gray starting from 4459-9977 latest,shoe,4459,9977,Huawei,gray,ranking,best
good reviews ultrabook starting from 83505-119709 durable with good quality,laptop,83505,119709,,,reviews,reviews
affordable smartwatch Google starting from 22099-75545,watch,22099,75545,Google,,value,value
top rated dslr Huawei below 118559 wireless,camera,0,118559,Huawei,,reviews,reviews
recommended external drive in silver between ₹13463 and ₹27980 latest,storage,13463,27980,,silver,ranking,best
please affordable earbuds POCO in gray starting from 5052-23259,headphone,5052,23259,POCO,gray,value,value
please worth it ipad between ₹38188 and ₹115447 for students,tablet,38188,115447,ASUS,,value,value
best reviews fitness watch ₹8102-78063 latest with good quality,watch,8102,78063,,brown,reviews,reviews
cheap display in blue between ₹21353 and ₹45748 for students with good quality,monitor,21353,45748,,blue,value,value
pick for me fitness watch in navy below 44625 durable,watch,0,44625,,navy,ranking,best
affordable smartphone POCO starting from 17481-29387 lightweight,phone,17481,29387,POCO,,value,value
please cheap fitness watch starting from 21946-72068 for office,watch,21946,72068,,,value,value
highest rated screen Canon ₹13450-14087 new,monitor,13450,14087,Canon,red,reviews,reviews
please value for money bluetooth speaker Motorola in purple between ₹3438 and ₹42931 premium,speaker,3438,42931,Motorola,purple,value,value
please best reviews hdd ₹10044-26999 lightweight,storage,10044,26999,,,reviews,reviews
recommended ipad starting from 45853-106500 lightweight with good quality,tablet,45853,106500,ASUS,black,ranking,best
best mouse under ₹17850 for office,mouse,0,17850,,,ranking,best
worth it mirrorless camera Audio-Technica starting from 82430-114344 with good quality,camera,82430,114344,Audio-Technica,,value,value
please best overall mirrorless camera ₹59628-164536 new,camera,59628,164536,,,ranking,best
please best reviews gaming mouse in red below 14838,mouse,0,14838,,red,reviews,reviews
highest rated android phone Fujifilm ₹19221-38773 wireless with good quality,phone,19221,38773,Fujifilm,,reviews,reviews
please worth it headphone Bose between ₹10342 and ₹30639 for students,headphone,10342,30639,Bose,,value,value
best reviews laptop ASUS starting from 66730-126677 latest,laptop,66730,126677,ASUS,,reviews,reviews
customer reviews mechanical keyboard Crucial between ₹5774 and ₹8527 for students,keyboard,5774,8527,Crucial,,reviews,reviews
best reviews monitor in white below 52108 new,monitor,0,52108,,white,reviews,reviews
value for money bluetooth speaker ₹8283-21756 gaming,speaker,8283,21756,,,value,value
best overall mechanical keyboard starting from 7036-8153 wireless with good quality,keyboard,7036,8153,,,ranking,best
customer reviews bluetooth speaker between ₹6614 and ₹9450 lightweight,speaker,6614,9450,,brown,reviews,reviews
please affordable computer Reebok in blue under ₹151305 latest with good quality,laptop,0,151305,Reebok,blue,value,value
best overall mobile Apple under ₹59735 new,phone,0,59735,Apple,,ranking,best
customer reviews gaming mouse between ₹504 and ₹8953 premium,mouse,504,8953,,,reviews,reviews
best overall wireless headphones between ₹11978 and ₹30219 new,headphone,11978,30219,,gold,ranking,best
good reviews smartwatch between ₹6545 and ₹30180 for students,watch,6545,30180,,,reviews,reviews
please suggest ultrabook starting from 45132-176870 wireless,laptop,45132,176870,Apple,,ranking,best
suggest smartwatch Sennheiser starting from 21192-64815,watch,21192,64815,Sennheiser,,ranking,best
highest rated earbuds HP between ₹12950 and ₹22651,headphone,12950,22651,HP,,reviews,reviews
highest rated dslr Sennheiser under ₹133526,camera,0,133526,Sennheiser,gray,reviews,reviews
worth it boots JBL in gold ₹2433-9677,shoe,2433,9677,JBL,gold,value,value
please pick for me storage below 35606 for office with good quality,storage,0,35606,,,ranking,best
best fitness watch Bose between ₹16661 and ₹25661,watch,16661,25661,Bose,green,ranking,best
worth it gaming mouse New Balance in yellow starting from 4977-17674,mouse,4977,17674,New Balance,yellow,value,value
highest rated hdd in yellow ₹13243-20481 gaming,storage,13243,20481,,yellow,reviews,reviews
pick for me earphones ₹4705-46994,headphone,4705,46994,,,ranking,best
best overall shoe between ₹5434 and ₹12797,shoe,5434,12797,,,ranking,best
worth it speaker Asics under ₹39529 for students,speaker,0,39529,Asics,,value,value
value for money bluetooth speaker Lenovo below 48614 gaming,speaker,0,48614,Lenovo,,value,value
please best camera in green below 196170 premium,camera,0,196170,,green,ranking,best
please worth it fitness watch Garmin below 54964 premium with good quality,watch,0,54964,Garmin,,value,value
cheap gaming mouse in red below 5824 lightweight,mouse,0,5824,,red,value,value
please recommended ipad in silver ₹32583-36115 for students,tablet,32583,36115,,silver,ranking,best
budget phone Huawei below 65790 for students,phone,0,65790,Huawei,,value,value
top rated mirrorless camera ₹74649-141770 for office,camera,74649,141770,New Balance,,reviews,reviews
please best reviews watch under ₹75125 for office,watch,0,75125,Acer,,reviews,reviews
please best overall hdd below 4712 for students,storage,0,4712,,red,ranking,best
please best overall hdd below 13717,storage,0,13717,,gray,ranking,best
highest rated mobile in blue starting from 21226-62406 latest with good quality,phone,21226,62406,,blue,reviews,reviews
budget notebook in gray under ₹141390 lightweight with good quality,laptop,0,141390,,gray,value,value
value for money screen Audio-Technica between ₹18431 and ₹27439 wireless,monitor,18431,27439,Audio-Technica,,value,value
please budget mouse in silver below 16867 premium with good quality,mouse,0,16867,,silver,value,value
highest rated mirrorless camera Crucial in blue between ₹36199 and ₹227772,camera,36199,227772,Crucial,blue,reviews,reviews
please good reviews headphones under ₹43727,headphone,0,43727,,gray,reviews,reviews
customer reviews android tablet MSI in silver ₹30537-55345 lightweight,tablet,30537,55345,MSI,silver,reviews,reviews
good reviews bluetooth speaker starting from 6905-23835 new,speaker,6905,23835,,,reviews,reviews
affordable keyboard Bose in black under ₹4833 wireless,keyboard,0,4833,Bose,black,value,value
please recommended iphone below 74968 with good quality,phone,0,74968,,,ranking,best
please best overall ssd between ₹10222 and ₹38600 durable with good quality,storage,10222,38600,,,ranking,best
recommended bluetooth speaker Fitbit between ₹5782 and ₹41425 for office,speaker,5782,41425,Fitbit,,ranking,best
customer reviews display OnePlus between ₹4011 and ₹14024 new with good quality,monitor,4011,14024,OnePlus,,reviews,reviews
please pick for me computer starting from 50640-92637 gaming,laptop,50640,92637,,,ranking,best
budget earphones Sennheiser in brown between ₹5775 and ₹19464 with good quality,headphone,5775,19464,Sennheiser,brown,value,value
best reviews bluetooth speaker under ₹40562,speaker,0,40562,,silver,reviews,reviews
good reviews running shoes HP between ₹5592 and ₹8551 new,shoe,5592,8551,HP,silver,reviews,reviews
value for money tablet between ₹36342 and ₹91811,tablet,36342,91811,,,value,value
top rated speaker Audio-Technica ₹12487-18132 for students,speaker,12487,18132,Audio-Technica,,reviews,reviews
please top rated storage Kingston starting from 10938-28143 new,storage,10938,28143,Kingston,,reviews,reviews
value for money watch between ₹15022 and ₹68652 for students,watch,15022,68652,,,value,value
value for money mechanical keyboard Sennheiser below 19538 latest,keyboard,0,19538,Sennheiser,,value,value
highest rated dslr below 238247 latest,camera,0,238247,,,reviews,reviews
budget bluetooth speaker Xiaomi in navy ₹11347-37847,speaker,11347,37847,Xiaomi,navy,value,value
best overall ipad Acer ₹49907-103330 for office,tablet,49907,103330,Acer,brown,ranking,best
recommended monitor starting from 14576-15819 durable,monitor,14576,15819,,,ranking,best
best overall keyboard Sennheiser ₹2127-5386,keyboard,2127,5386,Sennheiser,,ranking,best
please best reviews ultrabook in brown ₹65201-86952,laptop,65201,86952,,brown,reviews,reviews
best reviews shoes in blue under ₹19603 latest,shoe,0,19603,Motorola,blue,reviews,reviews
cheap gaming mouse Huawei between ₹3773 and ₹14249,mouse,3773,14249,Huawei,,value,value
please best overall android tablet Sony in brown below 61641 durable,tablet,0,61641,Sony,brown,ranking,best
cheap ipad starting from 44311-73866,tablet,44311,73866,,,value,value
affordable gaming mouse Xiaomi below 6969 gaming,mouse,0,6969,Xiaomi,silver,value,value
budget storage Kingston ₹13523-18092 wireless,storage,13523,18092,Kingston,,value,value
value for money mirrorless camera Corsair between ₹53216 and ₹55192 new,camera,53216,55192,Corsair,,value,value
pick for me ssd under ₹20830 new,storage,0,20830,Kingston,,ranking,best
suggest camera between ₹56996 and ₹105165 for office with good quality,camera,56996,105165,,silver,ranking,best
please value for money dslr starting from 22691-111946 latest,camera,22691,111946,Sony,,value,value
customer reviews macbook in yellow between ₹45071 and ₹52520 with good quality,laptop,45071,52520,Razer,yellow,reviews,reviews
please recommended android tablet ₹47303-96545 with good quality,tablet,47303,96545,,orange,ranking,best
please best display Puma between ₹30450 and ₹51075 durable with good quality,monitor,30450,51075,Puma,,ranking,best
good reviews macbook ₹85857-172366 with good quality,laptop,85857,172366,,,reviews,reviews
highest rated tablet under ₹73533,tablet,0,73533,Dell,,reviews,reviews
worth it storage below 23697 premium with good quality,storage,0,23697,,,value,value
best overall bluetooth speaker Marshall ₹16896-23932 wireless,speaker,16896,23932,Marshall,silver,ranking,best
please customer reviews running shoes Puma in white starting from 8108-17933 gaming,shoe,8108,17933,Puma,white,reviews,reviews
customer reviews tablet in orange between ₹41316 and ₹110195 latest,tablet,41316,110195,Corsair,orange,reviews,reviews
please value for money ssd ₹11492-31779 new with good quality,storage,11492,31779,POCO,,value,value
recommended smartwatch below 66267 wireless,watch,0,66267,,,ranking,best
top rated gaming mouse ₹2178-11311,mouse,2178,11311,,,reviews,reviews
please affordable android tablet under ₹91004 for students,tablet,0,91004,,,value,value
highest rated iphone in navy below 34412,phone,0,34412,,navy,reviews,reviews
please good reviews camera ASUS in purple below 225908,camera,0,225908,ASUS,purple,reviews,reviews
pick for me monitor Samsung starting from 6739-15773 premium,monitor,6739,15773,Samsung,gray,ranking,best
suggest tablet between ₹45276 and ₹47338 with good quality,tablet,45276,47338,,,ranking,best
budget speaker JBL in green between ₹2885 and ₹17846 for students,speaker,2885,17846,JBL,green,value,value
pick for me headphones starting from 4449-49525 premium with good quality,headphone,4449,49525,,yellow,ranking,best
value for money iphone in black below 60907 with good quality,phone,0,60907,,black,value,value
good reviews display below 67039 wireless,monitor,0,67039,,,reviews,reviews
best reviews display ₹11334-30461 with good quality,monitor,11334,30461,Google,,reviews,reviews
recommended earbuds Nikon in gold ₹13980-22373 for office,headphone,13980,22373,Nikon,gold,ranking,best
recommended fitness watch in gold starting from 9261-37898 gaming,watch,9261,37898,Sennheiser,gold,ranking,best
value for money bluetooth speaker below 35502 durable,speaker,0,35502,Sennheiser,white,value,value
pick for me screen POCO in orange starting from 12956-33584,monitor,12956,33584,POCO,orange,ranking,best
please worth it macbook under ₹186405 new with good quality,laptop,0,186405,,,value,value
suggest shoes New Balance under ₹9558 gaming,shoe,0,9558,New Balance,yellow,ranking,best
best overall wireless headphones SteelSeries ₹14404-22366 durable,headphone,14404,22366,SteelSeries,red,ranking,best
please recommended tablet ₹37157-50080 for students with good quality,tablet,37157,50080,,,ranking,best
value for money storage in silver ₹10370-16528,storage,10370,16528,,silver,value,value
budget smartwatch OnePlus between ₹14098 and ₹33891 new,watch,14098,33891,OnePlus,,value,value
please customer reviews mouse between ₹7473 and ₹11813,mouse,7473,11813,,red,reviews,reviews
top rated ultrabook between ₹54421 and ₹168116 with good quality,laptop,54421,168116,Dell,,reviews,reviews
pick for me keyboard Crucial in purple ₹2979-15652 wireless,keyboard,2979,15652,Crucial,purple,ranking,best
affordable camera in yellow between ₹46286 and ₹191289 for students,camera,46286,191289,Microsoft,yellow,value,value
suggest keyboard under ₹5128 lightweight with good quality,keyboard,0,5128,,red,ranking,best
please suggest running shoes under ₹17377 latest,shoe,0,17377,,purple,ranking,best
value for money phone New Balance ₹15637-29613 durable,phone,15637,29613,New Balance,navy,value,value
budget storage starting from 15172-17379 premium,storage,15172,17379,ASUS,,value,value
please budget mouse between ₹6739 and ₹8180,mouse,6739,8180,,,value,value
please highest rated gaming mouse Audio-Technica below 16463 wireless with good quality,mouse,0,16463,Audio-Technica,,reviews,reviews
top rated monitor Reebok between ₹6619 and ₹65268 gaming,monitor,6619,65268,Reebok,,reviews,reviews
affordable gaming mouse MSI between ₹7143 and ₹15214 with good quality,mouse,7143,15214,MSI,,value,value
please good reviews gaming mouse Sony in silver ₹8064-14870 for office,mouse,8064,14870,Sony,silver,reviews,reviews
please budget speaker Bose in navy under ₹16559 for students,speaker,0,16559,Bose,navy,value,value
customer reviews earphones ₹8262-20910 premium,headphone,8262,20910,,,reviews,reviews
budget watch below 56853 for students with good quality,watch,0,56853,,yellow,value,value
budget wireless headphones starting from 14857-23042 gaming,headphone,14857,23042,,green,value,value
suggest monitor Canon in blue ₹14688-59995 with good quality,monitor,14688,59995,Canon,blue,ranking,best
please worth it macbook below 118849,laptop,0,118849,,,value,value
please affordable boots Apple in red ₹3434-4966 wireless,shoe,3434,4966,Apple,red,value,value
suggest external drive starting from 11372-11672 premium,storage,11372,11672,Reebok,,ranking,best
value for money watch below 23342 durable,watch,0,23342,,,value,value
please highest rated camera under ₹99948 for office,camera,0,99948,,,reviews,reviews
cheap laptop JBL ₹54107-136643 for students,laptop,54107,136643,JBL,,value,value
good reviews running shoes MSI starting from 1961-12491 for office,shoe,1961,12491,MSI,,reviews,reviews
please budget shoe in navy ₹1122-18089 new with good quality,shoe,1122,18089,,navy,value,value
top rated external drive Bose ₹2329-29571 latest,storage,2329,29571,Bose,,reviews,reviews
best reviews ultrabook New Balance below 65835 durable,laptop,0,65835,New Balance,,reviews,reviews
suggest screen Motorola between ₹32523 and ₹41745 for office,monitor,32523,41745,Motorola,,ranking,best
please recommended speaker in white below 46201 latest,speaker,0,46201,,white,ranking,best
please suggest mechanical keyboard in blue starting from 4892-5212 for office,keyboard,4892,5212,,blue,ranking,best
customer reviews watch HP in orange starting from 15999-18087 with good quality,watch,15999,18087,HP,orange,reviews,reviews
highest rated ipad Seagate ₹22047-100006 lightweight,tablet,22047,100006,Seagate,,reviews,reviews
highest rated mechanical keyboard Nike in red ₹2190-18760,keyboard,2190,18760,Nike,red,reviews,reviews
best headphones under ₹43939 latest,headphone,0,43939,,,ranking,best
recommended headphone Seagate ₹2554-26874,headphone,2554,26874,Seagate,,ranking,best
best reviews earphones under ₹22864,headphone,0,22864,,,reviews,reviews
recommended shoe ₹917-4806,shoe,917,4806,,,ranking,best
affordable headphones Seagate ₹5823-20144 for students with good quality,headphone,5823,20144,Seagate,,value,value
good reviews running shoes in white below 11428,shoe,0,11428,,white,reviews,reviews
worth it ipad ₹10891-84912,tablet,10891,84912,,,value,value
worth it earbuds Kingston in silver starting from 6170-30832 gaming,headphone,6170,30832,Kingston,silver,value,value
customer reviews headphones Fujifilm between ₹12607 and ₹41099,headphone,12607,41099,Fujifilm,,reviews,reviews
customer reviews keyboard between ₹4648 and ₹19893 premium,keyboard,4648,19893,,black,reviews,reviews
best overall tablet under ₹112360 wireless with good quality,tablet,0,112360,,gray,ranking,best
highest rated android tablet starting from 15662-58524,tablet,15662,58524,,,reviews,reviews
affordable android tablet below 44771 with good quality,tablet,0,44771,,,value,value
suggest shoe below 7421 with good quality,shoe,0,7421,,,ranking,best
top rated speaker Realme in black under ₹18538 new,speaker,0,18538,Realme,black,reviews,reviews
worth it wireless headphones Bose in gray under ₹35999 latest,headphone,0,35999,Bose,gray,value,value
good reviews mirrorless camera under ₹194481 for students with good quality,camera,0,194481,,,reviews,reviews
cheap earphones New Balance in brown below 33878 for students,headphone,0,33878,New Balance,brown,value,value
pick for me android tablet in orange under ₹50790 for students,tablet,0,50790,,orange,ranking,best
recommended mechanical keyboard in purple ₹6219-14885 premium,keyboard,6219,14885,,purple,ranking,best
pick for me speaker Asics under ₹26568 lightweight with good quality,speaker,0,26568,Asics,silver,ranking,best
recommended monitor starting from 7327-29079 for students,monitor,7327,29079,,,ranking,best
good reviews camera Razer ₹95208-237879 for office with good quality,camera,95208,237879,Razer,,reviews,reviews
best reviews headphone under ₹47384 new,headphone,0,47384,,,reviews,reviews
please budget monitor starting from 12618-75454 durable with good quality,monitor,12618,75454,,,value,value
cheap wireless headphones in black starting from 1198-8787 wireless,headphone,1198,8787,Sennheiser,black,value,value
best overall ipad Panasonic starting from 14491-37290,tablet,14491,37290,Panasonic,,ranking,best
pick for me notebook between ₹62103 and ₹105486,laptop,62103,105486,,gold,ranking,best
please pick for me footwear starting from 2377-14821,shoe,2377,14821,,,ranking,best
best reviews screen below 74876 wireless with good quality,monitor,0,74876,,,reviews,reviews
cheap mouse Asics between ₹7804 and ₹10388 for students,mouse,7804,10388,Asics,,value,value
customer reviews mechanical keyboard starting from 4689-12880,keyboard,4689,12880,,,reviews,reviews
please highest rated mouse in silver between ₹4864 and ₹13534,mouse,4864,13534,Microsoft,silver,reviews,reviews
customer reviews watch ₹11238-36583 for office with good quality,watch,11238,36583,,,reviews,reviews
please worth it gaming mouse in navy starting from 2916-9340 for students,mouse,2916,9340,,navy,value,value
cheap earphones below 24053 wireless,headphone,0,24053,,navy,value,value
budget headphones in gray between ₹13680 and ₹14094,headphone,13680,14094,,gray,value,value
good reviews earphones Audio-Technica in black ₹16841-24124 premium with good quality,headphone,16841,24124,Audio-Technica,black,reviews,reviews
please recommended android phone SteelSeries under ₹40169,phone,0,40169,SteelSeries,,ranking,best
please recommended gaming mouse below 11245 gaming,mouse,0,11245,,blue,ranking,best
please pick for me dslr Crucial in red under ₹248064 for office with good quality,camera,0,248064,Crucial,red,ranking,best
please best reviews ipad Nike in green below 96872 new,tablet,0,96872,Nike,green,reviews,reviews
customer reviews gaming mouse in navy between ₹2180 and ₹18486 for students,mouse,2180,18486,,navy,reviews,reviews
budget ipad Asics below 55020 for office,tablet,0,55020,Asics,,value,value
please best camera ₹101979-249847,camera,101979,249847,,,ranking,best
highest rated watch Fujifilm in silver below 61656 wireless,watch,0,61656,Fujifilm,silver,reviews,reviews
please top rated mouse Realme below 4472 durable,mouse,0,4472,Realme,,reviews,reviews
please good reviews monitor Google between ₹32541 and ₹44932 new with good quality,monitor,32541,44932,Google,,reviews,reviews
affordable bluetooth speaker below 25655 lightweight with good quality,speaker,0,25655,,,value,value
please best reviews mobile Huawei below 76198 premium,phone,0,76198,Huawei,,reviews,reviews
best headphone Adidas ₹13704-22748 premium,headphone,13704,22748,Adidas,,ranking,best
value for money wireless headphones Nikon in white under ₹19755,headphone,0,19755,Nikon,white,value,value
cheap mirrorless camera starting from 73160-243059 for office,camera,73160,243059,,,value,value
please suggest dslr Fujifilm in black under ₹179055 for office,camera,0,179055,Fujifilm,black,ranking,best
please best reviews running shoes Fitbit between ₹7887 and ₹17760 premium,shoe,7887,17760,Fitbit,,reviews,reviews
please best reviews monitor in blue below 62972,monitor,0,62972,Nikon,blue,reviews,reviews
please best overall dslr starting from 90412-167669 for students,camera,90412,167669,,,ranking,best
best headphones in white starting from 19202-28236 durable,headphone,19202,28236,,white,ranking,best
pick for me mouse Crucial ₹7063-15733 durable,mouse,7063,15733,Crucial,yellow,ranking,best
highest rated android phone in gray below 76657 lightweight,phone,0,76657,,gray,reviews,reviews
please pick for me shoes below 13754 wireless,shoe,0,13754,Nike,,ranking,best
pick for me notebook under ₹162321 for students,laptop,0,162321,,silver,ranking,best
highest rated fitness watch between ₹20108 and ₹56914 durable,watch,20108,56914,,,reviews,reviews
please good reviews ipad Adidas under ₹80943 with good quality,tablet,0,80943,Adidas,green,reviews,reviews
customer reviews android tablet in blue starting from 18043-31166 for office with good quality,tablet,18043,31166,,blue,reviews,reviews
please affordable laptop ₹29346-111847,laptop,29346,111847,,,value,value
please customer reviews footwear Bose in blue below 16259 lightweight with good quality,shoe,0,16259,Bose,blue,reviews,reviews
best fitness watch below 14878 for students,watch,0,14878,,,ranking,best
recommended ssd between ₹8720 and ₹14738,storage,8720,14738,,,ranking,best
please customer reviews ssd Seagate under ₹13160 with good quality,storage,0,13160,Seagate,red,reviews,reviews
customer reviews mirrorless camera under ₹166370 with good quality,camera,0,166370,,,reviews,reviews
worth it gaming mouse in navy below 6491 latest with good quality,mouse,0,6491,,navy,value,value
please best reviews display in gold between ₹13622 and ₹66394 lightweight with good quality,monitor,13622,66394,,gold,reviews,reviews
suggest mobile Samsung in silver between ₹12893 and ₹22719 for students,phone,12893,22719,Samsung,silver,ranking,best
please suggest keyboard in brown below 15789 gaming,keyboard,0,15789,,brown,ranking,best
highest rated headphone Fujifilm ₹11403-41068 premium,headphone,11403,41068,Fujifilm,,reviews,reviews
suggest dslr Microsoft below 237725,camera,0,237725,Microsoft,red,ranking,best
cheap mouse starting from 2152-9268 for office,mouse,2152,9268,Nike,navy,value,value
suggest mirrorless camera starting from 71631-226751,camera,71631,226751,,,ranking,best
please pick for me footwear starting from 4687-18478 gaming,shoe,4687,18478,Fitbit,,ranking,best
please cheap bluetooth speaker under ₹28318 latest,speaker,0,28318,,,value,value
top rated ipad Marshall starting from 43078-114914,tablet,43078,114914,Marshall,white,reviews,reviews
please affordable speaker Western Digital starting from 10222-18015,speaker,10222,18015,Western Digital,orange,value,value
suggest fitness watch below 21682 wireless,watch,0,21682,,,ranking,best
customer reviews android tablet under ₹99564 premium with good quality,tablet,0,99564,,navy,reviews,reviews
best overall tablet Lenovo starting from 37575-82015 new,tablet,37575,82015,Lenovo,,ranking,best
please best fitness watch starting from 19068-35670 with good quality,watch,19068,35670,,gray,ranking,best
value for money ultrabook between ₹37725 and ₹163410,laptop,37725,163410,Razer,,value,value
best reviews mirrorless camera Realme ₹88854-106591 for students with good quality,camera,88854,106591,Realme,,reviews,reviews
suggest running shoes Realme in yellow ₹6244-12547 with good quality,shoe,6244,12547,Realme,yellow,ranking,best
pick for me android phone starting from 27427-36524,phone,27427,36524,,,ranking,best
please worth it gaming mouse ₹3097-11359 new,mouse,3097,11359,,,value,value
best computer starting from 43393-132706 for students,laptop,43393,132706,,,ranking,best
best overall boots ASUS in brown starting from 7922-10373,shoe,7922,10373,ASUS,brown,ranking,best
please suggest mobile starting from 15586-19002,phone,15586,19002,POCO,,ranking,best
please affordable mouse under ₹10963 for office,mouse,0,10963,,,value,value
pick for me ssd Asics in purple between ₹2750 and ₹34209 new,storage,2750,34209,Asics,purple,ranking,best
affordable phone Huawei below 37967,phone,0,37967,Huawei,,value,value
please good reviews speaker Audio-Technica starting from 19697-45936 for office,speaker,19697,45936,Audio-Technica,gold,reviews,reviews
top rated fitness watch Western Digital in purple ₹10026-42866 for students,watch,10026,42866,Western Digital,purple,reviews,reviews
value for money hdd Huawei below 19469,storage,0,19469,Huawei,,value,value
please value for money notebook in white under ₹196263 gaming,laptop,0,196263,,white,value,value
good reviews mobile in gray below 63815 with good quality,phone,0,63815,,gray,reviews,reviews
please top rated bluetooth speaker between ₹16820 and ₹34970 for students,speaker,16820,34970,,,reviews,reviews
recommended sneakers between ₹4186 and ₹6195 for office,shoe,4186,6195,,,ranking,best
please pick for me mechanical keyboard Nikon ₹4181-7672 for students with good quality,keyboard,4181,7672,Nikon,orange,ranking,best
suggest screen SteelSeries starting from 7598-42882 new,monitor,7598,42882,SteelSeries,,ranking,best
recommended external drive Asics starting from 4952-23686,storage,4952,23686,Asics,,ranking,best
top rated bluetooth speaker Razer ₹18949-32902 new,speaker,18949,32902,Razer,black,reviews,reviews
value for money earbuds ₹19320-38001 lightweight,headphone,19320,38001,,,value,value
top rated fitness watch Dell under ₹65325 premium with good quality,watch,0,65325,Dell,,reviews,reviews
best reviews mirrorless camera Asics below 87852 latest,camera,0,87852,Asics,gold,reviews,reviews
best speaker in blue between ₹11967 and ₹27679,speaker,11967,27679,,blue,ranking,best
value for money running shoes Lenovo ₹7004-18605,shoe,7004,18605,Lenovo,,value,value
please highest rated mobile Motorola ₹8003-64184 premium,phone,8003,64184,Motorola,,reviews,reviews
recommended running shoes in red below 7781 with good quality,shoe,0,7781,,red,ranking,best
cheap screen in brown ₹10690-58946 new with good quality,monitor,10690,58946,OnePlus,brown,value,value
pick for me shoes Audio-Technica in navy under ₹5133 premium,shoe,0,5133,Audio-Technica,navy,ranking,best
customer reviews mouse starting from 7761-15383 lightweight,mouse,7761,15383,,,reviews,reviews
please best reviews mouse in yellow ₹5466-9174 durable,mouse,5466,9174,,yellow,reviews,reviews
please affordable storage in brown starting from 15043-18951,storage,15043,18951,Reebok,brown,value,value
worth it notebook Reebok starting from 60629-80272 durable,laptop,60629,80272,Reebok,,value,value
best overall laptop in silver below 92160 new with good quality,laptop,0,92160,,silver,ranking,best
please top rated smartwatch Lenovo under ₹6720 with good quality,watch,0,6720,Lenovo,,reviews,reviews
best storage ₹12271-18710,storage,12271,18710,,,ranking,best
affordable bluetooth speaker under ₹29063,speaker,0,29063,,,value,value
suggest earphones New Balance ₹19686-37581 new,headphone,19686,37581,New Balance,,ranking,best
best gaming mouse under ₹11975 latest,mouse,0,11975,,silver,ranking,best
good reviews bluetooth speaker Bose starting from 18168-23281 for office with good quality,speaker,18168,23281,Bose,,reviews,reviews
value for money fitness watch Reebok in red ₹13498-19186 lightweight,watch,13498,19186,Reebok,red,value,value
budget smartwatch under ₹67091 latest,watch,0,67091,,purple,value,value
budget mechanical keyboard SteelSeries starting from 540-9312,keyboard,540,9312,SteelSeries,,value,value
recommended camera in orange under ₹134792 for office with good quality,camera,0,134792,,orange,ranking,best
top rated mouse below 8914 with good quality,mouse,0,8914,,,reviews,reviews
best external drive ₹2705-23193,storage,2705,23193,,,ranking,best
good reviews speaker Sony below 13295 with good quality,speaker,0,13295,Sony,,reviews,reviews
suggest ipad ₹13544-75325,tablet,13544,75325,,,ranking,best
worth it keyboard Adidas starting from 1392-13662 wireless,keyboard,1392,13662,Adidas,,value,value
budget hdd Microsoft in orange below 21237 gaming,storage,0,21237,Microsoft,orange,value,value
pick for me iphone Motorola starting from 10951-23547 new with good quality,phone,10951,23547,Motorola,,ranking,best
recommended gaming mouse under ₹14568,mouse,0,14568,Realme,,ranking,best
customer reviews gaming mouse ₹3689-5450,mouse,3689,5450,,,reviews,reviews
pick for me sneakers in black under ₹7549 durable,shoe,0,7549,Huawei,black,ranking,best
please worth it ssd ASUS below 30391 gaming,storage,0,30391,ASUS,,value,value
value for money mobile starting from 33292-71177 lightweight,phone,33292,71177,,,value,value
please best reviews running shoes below 8185 durable with good quality,shoe,0,8185,,,reviews,reviews
please best overall wireless headphones Audio-Technica in green ₹10432-19155,headphone,10432,19155,Audio-Technica,green,ranking,best
value for money android tablet Sennheiser under ₹79308,tablet,0,79308,Sennheiser,navy,value,value
please budget footwear POCO in gray ₹1524-2617 lightweight,shoe,1524,2617,POCO,gray,value,value
please pick for me smartwatch Marshall ₹15494-53183 durable with good quality,watch,15494,53183,Marshall,,ranking,best
please best overall keyboard in black ₹2483-12644,keyboard,2483,12644,,black,ranking,best
please highest rated keyboard starting from 877-8022,keyboard,877,8022,,,reviews,reviews
value for money screen between ₹16066 and ₹53258 premium,monitor,16066,53258,,black,value,value
worth it earphones starting from 19569-40208,headphone,19569,40208,,navy,value,value
budget bluetooth speaker starting from 15748-21823,speaker,15748,21823,,,value,value
customer reviews gaming mouse starting from 674-17272,mouse,674,17272,Microsoft,,reviews,reviews
top rated iphone in red ₹21245-58401 latest with good quality,phone,21245,58401,Motorola,red,reviews,reviews
recommended mirrorless camera starting from 40299-121633 gaming,camera,40299,121633,,silver,ranking,best
value for money ipad between ₹44775 and ₹47268 with good quality,tablet,44775,47268,,,value,value
best reviews macbook ₹47370-55418 gaming with good quality,laptop,47370,55418,,,reviews,reviews
top rated speaker SteelSeries starting from 14134-19105 for office,speaker,14134,19105,SteelSeries,gray,reviews,reviews
pick for me mechanical keyboard starting from 2563-9055 wireless,keyboard,2563,9055,Microsoft,,ranking,best
please best overall running shoes in navy ₹808-1221 for office,shoe,808,1221,,navy,ranking,best
please value for money camera Asics in blue ₹55888-62768 wireless,camera,55888,62768,Asics,blue,value,value
affordable running shoes Huawei below 17130 gaming with good quality,shoe,0,17130,Huawei,,value,value
please pick for me monitor Kingston in red ₹27406-57033 premium,monitor,27406,57033,Kingston,red,ranking,best
please customer reviews hdd starting from 16123-17885 wireless,storage,16123,17885,,,reviews,reviews
best speaker Asics below 37384 with good quality,speaker,0,37384,Asics,,ranking,best
please value for money watch below 36968 with good quality,watch,0,36968,,silver,value,value
best reviews gaming mouse JBL in navy ₹2449-19468 gaming,mouse,2449,19468,JBL,navy,reviews,reviews
please budget keyboard ₹1881-12665 latest,keyboard,1881,12665,HP,,value,value
best boots POCO below 11970,shoe,0,11970,POCO,,ranking,best
customer reviews macbook Xiaomi below 191368 lightweight,laptop,0,191368,Xiaomi,,reviews,reviews
affordable mouse Fujifilm below 12843,mouse,0,12843,Fujifilm,,value,value
please pick for me laptop MSI starting from 62514-180585 for office,laptop,62514,180585,MSI,yellow,ranking,best
please cheap shoe Fujifilm under ₹9788 premium,shoe,0,9788,Fujifilm,gray,value,value
value for money watch between ₹29821 and ₹73245 for students,watch,29821,73245,,gray,value,value
suggest notebook starting from 29767-179551 for students,laptop,29767,179551,,,ranking,best
please customer reviews mechanical keyboard under ₹16714,keyboard,0,16714,,,reviews,reviews
worth it fitness watch ₹25108-40368,watch,25108,40368,,,value,value
customer reviews mechanical keyboard starting from 7729-17851 new,keyboard,7729,17851,,,reviews,reviews
please best display between ₹26782 and ₹69897,monitor,26782,69897,,,ranking,best
please affordable screen between ₹10119 and ₹13755 new,monitor,10119,13755,Realme,,value,value
affordable screen Corsair below 66320 with good quality,monitor,0,66320,Corsair,,value,value
budget storage below 9812 wireless,storage,0,9812,Garmin,,value,value
value for money mirrorless camera Crucial below 25252 durable,camera,0,25252,Crucial,silver,value,value
please customer reviews ultrabook in purple between ₹37852 and ₹74845 lightweight,laptop,37852,74845,,purple,reviews,reviews
suggest mouse ₹7596-10983 new,mouse,7596,10983,,,ranking,best
please best reviews computer starting from 36658-126865 lightweight,laptop,36658,126865,Microsoft,,reviews,reviews
cheap bluetooth speaker Motorola between ₹4280 and ₹41175 for students,speaker,4280,41175,Motorola,,value,value
value for money keyboard below 11628 new with good quality,keyboard,0,11628,Crucial,silver,value,value
please suggest iphone starting from 9536-35838 latest,phone,9536,35838,,,ranking,best
best reviews camera in white below 108190 lightweight,camera,0,108190,MSI,white,reviews,reviews
recommended ipad in yellow under ₹90617 new,tablet,0,90617,,yellow,ranking,best
worth it mouse Samsung below 13772 with good quality,mouse,0,13772,Samsung,,value,value
good reviews mechanical keyboard in red under ₹18522,keyboard,0,18522,Sony,red,reviews,reviews
best overall mechanical keyboard between ₹4536 and ₹16304,keyboard,4536,16304,Acer,,ranking,best
best reviews external drive starting from 13904-37456 new,storage,13904,37456,,,reviews,reviews
please suggest dslr in black below 58698 lightweight,camera,0,58698,,black,ranking,best
suggest mobile ₹14827-15392 lightweight,phone,14827,15392,,,ranking,best
affordable storage Apple starting from 9598-30012 for students,storage,9598,30012,Apple,green,value,value
budget dslr under ₹219156 durable,camera,0,219156,Fitbit,,value,value
recommended headphones Asics below 45271,headphone,0,45271,Asics,,ranking,best
best overall speaker Acer below 13889 for students,speaker,0,13889,Acer,,ranking,best
recommended shoes Panasonic between ₹6248 and ₹13919 gaming,shoe,6248,13919,Panasonic,brown,ranking,best
please customer reviews laptop Seagate ₹34335-196700 durable with good quality,laptop,34335,196700,Seagate,,reviews,reviews
affordable laptop below 101940 lightweight,laptop,0,101940,,,value,value
please customer reviews notebook starting from 36913-82344,laptop,36913,82344,,,reviews,reviews
best reviews ultrabook starting from 68073-88028 lightweight,laptop,68073,88028,,,reviews,reviews
cheap fitness watch between ₹7858 and ₹50027 for students,watch,7858,50027,,purple,value,value
worth it display Sennheiser in black ₹14899-32206 new,monitor,14899,32206,Sennheiser,black,value,value
please best overall monitor ₹5816-49415,monitor,5816,49415,Seagate,white,ranking,best
value for money smartwatch SteelSeries under ₹26489 gaming,watch,0,26489,SteelSeries,,value,value
customer reviews mechanical keyboard ₹6734-16014 durable,keyboard,6734,16014,Puma,,reviews,reviews
best reviews external drive below 28986 for office,storage,0,28986,,,reviews,reviews
best overall shoe Lenovo starting from 3977-14751 for students with good quality,shoe,3977,14751,Lenovo,,ranking,best
best overall tablet below 111793,tablet,0,111793,,,ranking,best
top rated smartwatch starting from 10282-77509,watch,10282,77509,,blue,reviews,reviews
please value for money android phone Western Digital below 31002,phone,0,31002,Western Digital,,value,value
please worth it ssd in navy under ₹6993 for office with good quality,storage,0,6993,,navy,value,value
affordable iphone in red below 62803 lightweight,phone,0,62803,,red,value,value
please customer reviews watch Nike under ₹66309 wireless with good quality,watch,0,66309,Nike,,reviews,reviews
please best overall keyboard between ₹8052 and ₹13775,keyboard,8052,13775,,,ranking,best
top rated laptop Western Digital in yellow below 122361,laptop,0,122361,Western Digital,yellow,reviews,reviews
pick for me shoes in silver between ₹1962 and ₹11188 durable,shoe,1962,11188,,silver,ranking,best
affordable tablet in white under ₹21795 gaming,tablet,0,21795,,white,value,value
customer reviews earphones Kingston under ₹32057 premium,headphone,0,32057,Kingston,,reviews,reviews
recommended phone HP between ₹35124 and ₹76725 latest,phone,35124,76725,HP,,ranking,best
cheap dslr starting from 71175-167992 for students,camera,71175,167992,,,value,value
recommended smartwatch Marshall between ₹9433 and ₹72491 latest,watch,9433,72491,Marshall,,ranking,best
please good reviews keyboard POCO in brown ₹5037-9002 new with good quality,keyboard,5037,9002,POCO,brown,reviews,reviews
top rated iphone under ₹31134,phone,0,31134,,,reviews,reviews
recommended android tablet between ₹11531 and ₹72279 latest,tablet,11531,72279,Audio-Technica,,ranking,best
best headphones Realme starting from 4542-17623 gaming,headphone,4542,17623,Realme,,ranking,best
customer reviews camera under ₹69714 lightweight with good quality,camera,0,69714,,,reviews,reviews
please top rated monitor between ₹18313 and ₹72461 durable with good quality,monitor,18313,72461,,,reviews,reviews
highest rated monitor between ₹17592 and ₹45681 latest with good quality,monitor,17592,45681,Reebok,,reviews,reviews
best overall mouse Nikon in green starting from 660-9467 wireless,mouse,660,9467,Nikon,green,ranking,best
cheap fitness watch starting from 17644-20327,watch,17644,20327,,purple,value,value
best display ₹19179-58066 durable with good quality,monitor,19179,58066,,,ranking,best
customer reviews dslr between ₹18436 and ₹145781 premium with good quality,camera,18436,145781,,silver,reviews,reviews
value for money storage under ₹13403 with good quality,storage,0,13403,,,value,value
best dslr starting from 15448-71836 durable with good quality,camera,15448,71836,,,ranking,best
cheap mirrorless camera under ₹181161,camera,0,181161,Xiaomi,,value,value
affordable iphone Crucial below 75850 with good quality,phone,0,75850,Crucial,,value,value
please worth it keyboard Western Digital ₹4663-5363,keyboard,4663,5363,Western Digital,,value,value
worth it monitor ₹20814-69343,monitor,20814,69343,,,value,value
top rated mechanical keyboard Adidas in black below 9831 with good quality,keyboard,0,9831,Adidas,black,reviews,reviews
budget bluetooth speaker starting from 17173-39469 durable with good quality,speaker,17173,39469,,,value,value
cheap ssd under ₹32074 lightweight,storage,0,32074,,,value,value
best reviews iphone in yellow below 74438 durable,phone,0,74438,,yellow,reviews,reviews
budget android phone between ₹29955 and ₹72175 for office,phone,29955,72175,,,value,value
affordable gaming mouse Corsair in green starting from 4016-4635 new,mouse,4016,4635,Corsair,green,value,value
suggest computer in navy starting from 79101-161917 latest,laptop,79101,161917,,navy,ranking,best
please affordable tablet Sennheiser below 103627,tablet,0,103627,Sennheiser,,value,value
cheap keyboard Seagate under ₹8562 new,keyboard,0,8562,Seagate,black,value,value
budget mouse ₹3837-5805,mouse,3837,5805,,blue,value,value
best running shoes below 9727 wireless,shoe,0,9727,,gold,ranking,best
best gaming mouse MSI starting from 6209-11146 new,mouse,6209,11146,MSI,,ranking,best
worth it ssd Razer starting from 9818-28801,storage,9818,28801,Razer,green,value,value
best overall mobile Canon below 48839,phone,0,48839,Canon,gold,ranking,best
cheap mechanical keyboard starting from 5265-11950 wireless,keyboard,5265,11950,,,value,value
please worth it smartwatch HP below 17517,watch,0,17517,HP,,value,value
value for money monitor in gray ₹5457-51697 latest,monitor,5457,51697,,gray,value,value
please best keyboard in yellow starting from 3865-15687 gaming,keyboard,3865,15687,,yellow,ranking,best
customer reviews sneakers Garmin starting from 7410-9836 latest,shoe,7410,9836,Garmin,,reviews,reviews
affordable earphones under ₹43519 for office with good quality,headphone,0,43519,,,value,value
customer reviews headphones Bose ₹11938-47364 with good quality,headphone,11938,47364,Bose,,reviews,reviews
please pick for me mechanical keyboard ₹7520-13774,keyboard,7520,13774,,red,ranking,best
please value for money hdd Apple in yellow under ₹22536 for office,storage,0,22536,Apple,yellow,value,value
please highest rated monitor Panasonic starting from 14178-66968 latest,monitor,14178,66968,Panasonic,,reviews,reviews
good reviews iphone Logitech under ₹77902 durable,phone,0,77902,Logitech,,reviews,reviews
best overall camera Fujifilm starting from 37674-58618,camera,37674,58618,Fujifilm,,ranking,best
best headphone Audio-Technica below 19915 durable,headphone,0,19915,Audio-Technica,,ranking,best
worth it watch Sony between ₹13844 and ₹20347,watch,13844,20347,Sony,,value,value
please cheap mechanical keyboard in gold between ₹6653 and ₹10663,keyboard,6653,10663,OnePlus,gold,value,value
top rated headphones Bose below 18670,headphone,0,18670,Bose,silver,reviews,reviews
good reviews mouse ₹6088-16459 with good quality,mouse,6088,16459,,,reviews,reviews
recommended speaker starting from 16832-28154 premium,speaker,16832,28154,Garmin,,ranking,best
value for money shoes in white between ₹7222 and ₹13763 lightweight,shoe,7222,13763,,white,value,value
suggest tablet Corsair below 107487,tablet,0,107487,Corsair,,ranking,best
worth it bluetooth speaker between ₹13787 and ₹42858 new,speaker,13787,42858,,,value,value
top rated computer starting from 42147-110999 durable,laptop,42147,110999,HP,,reviews,reviews
budget gaming mouse SteelSeries in orange starting from 5832-18412 durable,mouse,5832,18412,SteelSeries,orange,value,value
customer reviews hdd Crucial under ₹28097 gaming,storage,0,28097,Crucial,,reviews,reviews
please top rated phone Canon starting from 20348-35788 for office with good quality,phone,20348,35788,Canon,,reviews,reviews
please budget android tablet below 58989 new with good quality,tablet,0,58989,,,value,value
best reviews speaker starting from 5948-43279,speaker,5948,43279,,,reviews,reviews
recommended keyboard in white below 9302 latest,keyboard,0,9302,,white,ranking,best
affordable mirrorless camera Puma ₹94756-241260 durable,camera,94756,241260,Puma,,value,value
top rated smartphone starting from 18463-61253 latest,phone,18463,61253,Dell,,reviews,reviews
top rated mechanical keyboard in green under ₹17442 latest,keyboard,0,17442,,green,reviews,reviews
value for money footwear Lenovo between ₹5619 and ₹12031 latest,shoe,5619,12031,Lenovo,,value,value
top rated camera Asics in orange below 139227,camera,0,139227,Asics,orange,reviews,reviews
worth it gaming mouse Crucial below 5985 durable,mouse,0,5985,Crucial,,value,value
best storage starting from 7363-27450 for office,storage,7363,27450,,,ranking,best
value for money bluetooth speaker between ₹16702 and ₹21663,speaker,16702,21663,,,value,value
please recommended smartphone under ₹69889,phone,0,69889,,,ranking,best
please value for money watch Fitbit between ₹28431 and ₹40871,watch,28431,40871,Fitbit,,value,value
top rated gaming mouse OnePlus ₹3459-9157 wireless with good quality,mouse,3459,9157,OnePlus,,reviews,reviews
recommended wireless headphones between ₹18554 and ₹40806 for office with good quality,headphone,18554,40806,Huawei,,ranking,best
value for money computer between ₹63511 and ₹83227,laptop,63511,83227,,,value,value
highest rated phone in green ₹23928-78748 with good quality,phone,23928,78748,,green,reviews,reviews
pick for me smartwatch below 35401,watch,0,35401,Nike,,ranking,best
please best overall screen in silver between ₹20485 and ₹31364,monitor,20485,31364,OnePlus,silver,ranking,best
please recommended bluetooth speaker under ₹23430 for office,speaker,0,23430,,,ranking,best
top rated keyboard between ₹551 and ₹16527,keyboard,551,16527,,,reviews,reviews
value for money shoe Seagate in black between ₹2258 and ₹17656 new,shoe,2258,17656,Seagate,black,value,value
best overall display in black between ₹19151 and ₹23996 latest,monitor,19151,23996,Seagate,black,ranking,best
please highest rated mobile below 73228,phone,0,73228,,,reviews,reviews
highest rated screen between ₹15292 and ₹24110,monitor,15292,24110,SteelSeries,,reviews,reviews
please best overall gaming mouse under ₹7896 new,mouse,0,7896,,,ranking,best
good reviews laptop SteelSeries between ₹39534 and ₹87752 gaming,laptop,39534,87752,SteelSeries,,reviews,reviews
top rated ipad Google ₹25891-97613 durable,tablet,25891,97613,Google,black,reviews,reviews
please highest rated mechanical keyboard SteelSeries in red ₹7055-10988,keyboard,7055,10988,SteelSeries,red,reviews,reviews
please cheap headphones ₹11795-35092 premium with good quality,headphone,11795,35092,,silver,value,value
please top rated watch in black starting from 21809-67873 lightweight with good quality,watch,21809,67873,,black,reviews,reviews
please pick for me mechanical keyboard in orange ₹1665-12630 premium,keyboard,1665,12630,,orange,ranking,best
please budget fitness watch under ₹37667,watch,0,37667,,green,value,value
cheap mouse in gray under ₹9059 premium,mouse,0,9059,Reebok,gray,value,value
top rated gaming mouse Fitbit ₹762-15316 for students,mouse,762,15316,Fitbit,,reviews,reviews
budget keyboard Sony under ₹12220 for office with good quality,keyboard,0,12220,Sony,,value,value
cheap earbuds below 5079,headphone,0,5079,,brown,value,value
cheap hdd starting from 5913-12259 premium,storage,5913,12259,,white,value,value
good reviews ipad under ₹23791 for office,tablet,0,23791,,,reviews,reviews
affordable gaming mouse in gray ₹981-3595 lightweight with good quality,mouse,981,3595,Adidas,gray,value,value
highest rated android tablet below 104462 for office,tablet,0,104462,,,reviews,reviews
good reviews laptop Nike in orange below 80940,laptop,0,80940,Nike,orange,reviews,reviews
budget monitor Huawei between ₹10120 and ₹29908 new with good quality,monitor,10120,29908,Huawei,,value,value
value for money shoes starting from 1180-13050 for office with good quality,shoe,1180,13050,,,value,value
customer reviews notebook under ₹111959 gaming,laptop,0,111959,,gray,reviews,reviews
best reviews mouse starting from 3148-9445,mouse,3148,9445,,,reviews,reviews
recommended mirrorless camera Dell in navy ₹13110-245240 durable,camera,13110,245240,Dell,navy,ranking,best
recommended hdd in silver starting from 2488-25248 lightweight with good quality,storage,2488,25248,,silver,ranking,best
please value for money gaming mouse in yellow between ₹6936 and ₹9175 for office,mouse,6936,9175,,yellow,value,value
worth it mechanical keyboard SteelSeries ₹5321-19950 for students,keyboard,5321,19950,SteelSeries,,value,value
customer reviews mechanical keyboard Reebok starting from 8013-12085,keyboard,8013,12085,Reebok,,reviews,reviews
suggest ultrabook Western Digital between ₹77671 and ₹144595 with good quality,laptop,77671,144595,Western Digital,,ranking,best
best overall external drive in black below 17234 lightweight with good quality,storage,0,17234,,black,ranking,best
worth it smartphone Fujifilm under ₹63043 gaming,phone,0,63043,Fujifilm,,value,value
please best speaker Fitbit between ₹1983 and ₹43735 with good quality,speaker,1983,43735,Fitbit,,ranking,best
suggest hdd Sony below 15976 premium,storage,0,15976,Sony,,ranking,best
good reviews dslr Realme in black ₹89970-150675 new,camera,89970,150675,Realme,black,reviews,reviews
please affordable bluetooth speaker Kingston starting from 3225-34205 premium,speaker,3225,34205,Kingston,orange,value,value
recommended footwear below 12421 lightweight with good quality,shoe,0,12421,Corsair,,ranking,best
please top rated footwear ₹7693-14336 for office,shoe,7693,14336,SteelSeries,,reviews,reviews
please good reviews camera Reebok in green ₹51387-223560 lightweight with good quality,camera,51387,223560,Reebok,green,reviews,reviews
please best reviews camera below 153037 for office,camera,0,153037,Acer,,reviews,reviews
cheap ultrabook below 193151 durable,laptop,0,193151,Audio-Technica,,value,value
worth it keyboard ₹6129-16449 lightweight,keyboard,6129,16449,,,value,value
customer reviews hdd between ₹5319 and ₹19976,storage,5319,19976,Kingston,,reviews,reviews
best overall earbuds below 16756 wireless,headphone,0,16756,,,ranking,best
worth it running shoes ₹7635-13828 gaming,shoe,7635,13828,,white,value,value
customer reviews storage between ₹6420 and ₹36342,storage,6420,36342,Seagate,,reviews,reviews
please customer reviews ipad Dell starting from 25750-77464 new with good quality,tablet,25750,77464,Dell,purple,reviews,reviews
suggest wireless headphones Corsair starting from 19565-30645 gaming with good quality,headphone,19565,30645,Corsair,,ranking,best
pick for me smartwatch between ₹4897 and ₹36492 gaming with good quality,watch,4897,36492,,silver,ranking,best
best reviews notebook ASUS in orange ₹67641-119067,laptop,67641,119067,ASUS,orange,reviews,reviews
top rated running shoes Audio-Technica in navy under ₹6267 new with good quality,shoe,0,6267,Audio-Technica,navy,reviews,reviews
highest rated smartphone SteelSeries between ₹18431 and ₹28882,phone,18431,28882,SteelSeries,gold,reviews,reviews
affordable headphones below 18912 premium,headphone,0,18912,,,value,value
please affordable bluetooth speaker Razer in yellow ₹5636-20421 for office,speaker,5636,20421,Razer,yellow,value,value
recommended mobile Reebok ₹33008-74449,phone,33008,74449,Reebok,,ranking,best
highest rated speaker Puma in red below 15228 lightweight,speaker,0,15228,Puma,red,reviews,reviews
please pick for me ssd below 26743 with good quality,storage,0,26743,,,ranking,best
customer reviews mouse Google ₹1941-3018,mouse,1941,3018,Google,,reviews,reviews
please budget smartwatch below 39139 for students,watch,0,39139,,,value,value
highest rated keyboard in green below 15446 for office,keyboard,0,15446,,green,reviews,reviews
good reviews monitor starting from 5492-72728 new,monitor,5492,72728,Reebok,,reviews,reviews
best overall ipad Apple in white below 47257,tablet,0,47257,Apple,white,ranking,best
customer reviews display between ₹27181 and ₹77322,monitor,27181,77322,,,reviews,reviews
please best overall headphone POCO under ₹15287 wireless,headphone,0,15287,POCO,,ranking,best
please affordable bluetooth speaker under ₹18740 gaming,speaker,0,18740,,,value,value
top rated mirrorless camera Fitbit starting from 44065-61741 for office with good quality,camera,44065,61741,Fitbit,,reviews,reviews
highest rated android tablet Fossil in gold below 101813 new with good quality,tablet,0,101813,Fossil,gold,reviews,reviews
highest rated headphones in brown between ₹12772 and ₹38276,headphone,12772,38276,,brown,reviews,reviews
top rated ultrabook under ₹143095 gaming,laptop,0,143095,,,reviews,reviews
good reviews gaming mouse in brown starting from 5353-9018 premium,mouse,5353,9018,,brown,reviews,reviews
please affordable boots Marshall under ₹3452 new with good quality,shoe,0,3452,Marshall,,value,value
please good reviews android tablet in purple ₹38327-108254 durable,tablet,38327,108254,,purple,reviews,reviews
pick for me screen Kingston under ₹65909 gaming,monitor,0,65909,Kingston,,ranking,best
please value for money monitor in blue starting from 10815-51485 for office,monitor,10815,51485,,blue,value,value
best reviews speaker under ₹22234 new with good quality,speaker,0,22234,,,reviews,reviews
affordable watch JBL in green under ₹52264,watch,0,52264,JBL,green,value,value
good reviews wireless headphones Marshall between ₹19556 and ₹34430,headphone,19556,34430,Marshall,,reviews,reviews
suggest smartwatch Puma in yellow between ₹1955 and ₹55462 for students,watch,1955,55462,Puma,yellow,ranking,best
please customer reviews mirrorless camera between ₹22364 and ₹51376 for office with good quality,camera,22364,51376,,,reviews,reviews
recommended ssd Nikon starting from 7029-30151 for office with good quality,storage,7029,30151,Nikon,,ranking,best
cheap iphone starting from 28341-65214 wireless,phone,28341,65214,,,value,value
top rated earbuds between ₹8055 and ₹28400 for office,headphone,8055,28400,,,reviews,reviews
highest rated ipad below 102075 wireless,tablet,0,102075,,brown,reviews,reviews
best overall speaker between ₹5587 and ₹20501 premium,speaker,5587,20501,,,ranking,best
cheap android tablet under ₹118779 new,tablet,0,118779,,,value,value
pick for me mouse Reebok between ₹7548 and ₹15591 durable,mouse,7548,15591,Reebok,,ranking,best
best camera under ₹38445 for office with good quality,camera,0,38445,Panasonic,,ranking,best
recommended ssd under ₹26832 for students,storage,0,26832,,,ranking,best
please worth it smartwatch Kingston in yellow ₹12255-74236 with good quality,watch,12255,74236,Kingston,yellow,value,value
please top rated hdd Acer in brown under ₹20407 durable,storage,0,20407,Acer,brown,reviews,reviews
please budget tablet in orange between ₹16895 and ₹21484 premium with good quality,tablet,16895,21484,,orange,value,value
customer reviews earphones Canon under ₹41824 gaming,headphone,0,41824,Canon,,reviews,reviews
please pick for me earphones Western Digital between ₹3738 and ₹46315 wireless with good quality,headphone,3738,46315,Western Digital,,ranking,best
best reviews smartwatch Motorola starting from 32239-35514 wireless,watch,32239,35514,Motorola,,reviews,reviews
please best overall smartwatch below 34269 lightweight with good quality,watch,0,34269,,,ranking,best
suggest smartwatch Apple in black ₹1919-30884 new,watch,1919,30884,Apple,black,ranking,best
best overall fitness watch in gray between ₹26624 and ₹58175 with good quality,watch,26624,58175,,gray,ranking,best
suggest wireless headphones in white ₹8363-46686 latest,headphone,8363,46686,,white,ranking,best
please value for money laptop ₹78051-175427 with good quality,laptop,78051,175427,Corsair,white,value,value
top rated watch Audio-Technica ₹22845-58858 for students with good quality,watch,22845,58858,Audio-Technica,,reviews,reviews
best overall mouse in green ₹3664-9758 for students,mouse,3664,9758,,green,ranking,best
affordable mobile MSI ₹33622-78916,phone,33622,78916,MSI,,value,value
please budget ssd under ₹33854 new,storage,0,33854,Dell,,value,value
value for money keyboard ₹3907-17334,keyboard,3907,17334,Sony,,value,value
highest rated bluetooth speaker below 42912 new with good quality,speaker,0,42912,,,reviews,reviews
worth it notebook ₹41680-107356 latest,laptop,41680,107356,,,value,value
affordable macbook Huawei in yellow below 112509 with good quality,laptop,0,112509,Huawei,yellow,value,value
pick for me wireless headphones Canon starting from 10785-43897 gaming,headphone,10785,43897,Canon,,ranking,best
please highest rated running shoes under ₹15588 gaming,shoe,0,15588,,,reviews,reviews
cheap screen Huawei in orange ₹10855-32021 premium with good quality,monitor,10855,32021,Huawei,orange,value,value
customer reviews smartwatch in white below 23817 gaming with good quality,watch,0,23817,,white,reviews,reviews
please customer reviews headphone MSI between ₹7955 and ₹10910 for office,headphone,7955,10910,MSI,,reviews,reviews
please affordable laptop in purple ₹44441-91796 wireless,laptop,44441,91796,,purple,value,value
please best smartwatch POCO between ₹22653 and ₹58131 lightweight,watch,22653,58131,POCO,,ranking,best
best overall mobile Google under ₹69491,phone,0,69491,Google,red,ranking,best
best overall dslr starting from 81578-167424 wireless,camera,81578,167424,Nike,purple,ranking,best
good reviews boots in gold below 15079,shoe,0,15079,,gold,reviews,reviews
please budget bluetooth speaker Sennheiser below 43936 premium,speaker,0,43936,Sennheiser,,value,value
budget ultrabook in green starting from 29191-41311 lightweight,laptop,29191,41311,Realme,green,value,value
recommended gaming mouse ₹1237-16872 wireless,mouse,1237,16872,,,ranking,best
pick for me bluetooth speaker Realme in gold ₹2668-17242 premium with good quality,speaker,2668,17242,Realme,gold,ranking,best
suggest laptop Realme under ₹95040 premium,laptop,0,95040,Realme,,ranking,best
please worth it mechanical keyboard below 8996 latest,keyboard,0,8996,,,value,value
best overall hdd Nikon below 22696,storage,0,22696,Nikon,,ranking,best
please best android tablet starting from 41138-85407,tablet,41138,85407,Panasonic,brown,ranking,best
please recommended tablet Acer starting from 8053-18002,tablet,8053,18002,Acer,,ranking,best
please affordable smartphone starting from 15333-38426,phone,15333,38426,,,value,value
affordable storage ₹1324-28135 latest,storage,1324,28135,,,value,value
cheap fitness watch in orange below 25109,watch,0,25109,,orange,value,value
customer reviews mirrorless camera Logitech below 199818 wireless,camera,0,199818,Logitech,,reviews,reviews
suggest footwear ₹6546-13148 premium,shoe,6546,13148,,,ranking,best
please cheap smartphone Canon in purple between ₹27437 and ₹64697 wireless,phone,27437,64697,Canon,purple,value,value
affordable earbuds below 30902,headphone,0,30902,,,value,value
top rated wireless headphones Canon starting from 16673-18288,headphone,16673,18288,Canon,,reviews,reviews
customer reviews keyboard below 8540 with good quality,keyboard,0,8540,Crucial,,reviews,reviews
worth it display Nikon starting from 15251-28968,monitor,15251,28968,Nikon,,value,value
please value for money mechanical keyboard ASUS between ₹1865 and ₹18932,keyboard,1865,18932,ASUS,navy,value,value
please suggest monitor Sennheiser in purple starting from 4592-76142,monitor,4592,76142,Sennheiser,purple,ranking,best
best overall mechanical keyboard in orange starting from 3202-19211 for students,keyboard,3202,19211,,orange,ranking,best
top rated keyboard Dell below 8405 gaming,keyboard,0,8405,Dell,silver,reviews,reviews
customer reviews gaming mouse below 6279,mouse,0,6279,POCO,yellow,reviews,reviews
top rated screen starting from 27626-29104 for office,monitor,27626,29104,,,reviews,reviews
suggest sneakers POCO in brown between ₹1189 and ₹8955,shoe,1189,8955,POCO,brown,ranking,best
please cheap headphone under ₹38660 premium,headphone,0,38660,,,value,value
recommended mouse below 17224 latest with good quality,mouse,0,17224,,,ranking,best
pick for me bluetooth speaker ₹9274-42170 wireless,speaker,9274,42170,,navy,ranking,best
please affordable mouse Xiaomi under ₹12786 with good quality,mouse,0,12786,Xiaomi,blue,value,value
recommended gaming mouse Dell in orange below 3675 for students,mouse,0,3675,Dell,orange,ranking,best
budget external drive Sony below 22786 wireless with good quality,storage,0,22786,Sony,,value,value
top rated fitness watch ₹17231-41564 gaming,watch,17231,41564,Samsung,,reviews,reviews
highest rated smartwatch New Balance below 72037 premium,watch,0,72037,New Balance,silver,reviews,reviews
please highest rated headphone Nikon in purple between ₹19513 and ₹34768,headphone,19513,34768,Nikon,purple,reviews,reviews
best reviews running shoes Samsung below 3930 with good quality,shoe,0,3930,Samsung,,reviews,reviews
suggest shoe Logitech below 16774 for students,shoe,0,16774,Logitech,,ranking,best
highest rated computer Asics in white below 110590,laptop,0,110590,Asics,white,reviews,reviews
please good reviews mobile Apple in orange ₹14160-52703 for students,phone,14160,52703,Apple,orange,reviews,reviews
best overall mouse starting from 2219-15396 for office,mouse,2219,15396,,,ranking,best
best smartwatch Western Digital starting from 23793-26413 gaming,watch,23793,26413,Western Digital,,ranking,best
top rated android tablet starting from 18729-31407 durable,tablet,18729,31407,,,reviews,reviews
worth it bluetooth speaker between ₹17731 and ₹27680 durable,speaker,17731,27680,Lenovo,,value,value
best overall monitor Seagate in gold under ₹69804 new,monitor,0,69804,Seagate,gold,ranking,best
best overall speaker ₹10605-45461,speaker,10605,45461,,,ranking,best
pick for me mouse HP ₹6970-11526,mouse,6970,11526,HP,,ranking,best
pick for me mobile POCO starting from 25306-58456 new,phone,25306,58456,POCO,,ranking,best
please best keyboard Microsoft ₹6544-19768 latest,keyboard,6544,19768,Microsoft,,ranking,best
highest rated mirrorless camera starting from 23721-188548 latest,camera,23721,188548,,navy,reviews,reviews
best overall speaker OnePlus under ₹12968 durable,speaker,0,12968,OnePlus,,ranking,best
best overall laptop under ₹128529 gaming,laptop,0,128529,,white,ranking,best
good reviews hdd under ₹34890 with good quality,storage,0,34890,ASUS,red,reviews,reviews
please customer reviews dslr in brown below 236178 lightweight,camera,0,236178,Canon,brown,reviews,reviews
highest rated fitness watch ₹4160-52426 new,watch,4160,52426,,,reviews,reviews
good reviews camera Fujifilm between ₹57444 and ₹87971 latest,camera,57444,87971,Fujifilm,,reviews,reviews
affordable screen Nikon in red ₹23480-51324 lightweight,monitor,23480,51324,Nikon,red,value,value
pick for me iphone between ₹9145 and ₹23086 lightweight,phone,9145,23086,,,ranking,best
please recommended speaker in green starting from 13032-21387 premium,speaker,13032,21387,,green,ranking,best
suggest screen Marshall ₹12627-46796 lightweight,monitor,12627,46796,Marshall,gold,ranking,best
customer reviews mouse below 18783 durable,mouse,0,18783,,gray,reviews,reviews
please customer reviews display ₹7666-38947 for students,monitor,7666,38947,,,reviews,reviews
please affordable tablet between ₹15852 and ₹119446,tablet,15852,119446,Marshall,,value,value
best overall tablet ₹41243-106116 gaming with good quality,tablet,41243,106116,,,ranking,best
top rated ipad ASUS below 117823 with good quality,tablet,0,117823,ASUS,,reviews,reviews
pick for me smartwatch below 78931 premium with good quality,watch,0,78931,Fitbit,,ranking,best
please affordable ultrabook ₹27283-198498 wireless with good quality,laptop,27283,198498,,white,value,value
best reviews hdd between ₹2633 and ₹39862 lightweight with good quality,storage,2633,39862,Western Digital,,reviews,reviews
pick for me screen in orange under ₹45238 durable,monitor,0,45238,,orange,ranking,best
best reviews mouse Huawei in white between ₹7397 and ₹12488 lightweight,mouse,7397,12488,Huawei,white,reviews,reviews
best shoes JBL ₹6432-12882 durable with good quality,shoe,6432,12882,JBL,,ranking,best
best notebook starting from 50619-159374 for office with good quality,laptop,50619,159374,,yellow,ranking,best
please customer reviews display MSI in white under ₹30074 for students,monitor,0,30074,MSI,white,reviews,reviews
value for money bluetooth speaker Xiaomi ₹13273-16176 premium,speaker,13273,16176,Xiaomi,blue,value,value
best overall hdd under ₹12961 latest,storage,0,12961,,,ranking,best
highest rated camera Google below 85157 for office with good quality,camera,0,85157,Google,,reviews,reviews
cheap gaming mouse New Balance in brown ₹6483-6961 with good quality,mouse,6483,6961,New Balance,brown,value,value
pick for me computer Fitbit in white under ₹102797 wireless with good quality,laptop,0,102797,Fitbit,white,ranking,best
best reviews smartwatch in gold under ₹55172 new,watch,0,55172,,gold,reviews,reviews
customer reviews mobile Marshall starting from 32820-79099,phone,32820,79099,Marshall,,reviews,reviews
highest rated mechanical keyboard ₹981-1497 durable,keyboard,981,1497,,silver,reviews,reviews
best reviews iphone in black under ₹58367 latest,phone,0,58367,,black,reviews,reviews
recommended keyboard between ₹3719 and ₹13879,keyboard,3719,13879,,,ranking,best
pick for me mirrorless camera Puma between ₹41360 and ₹192052 premium with good quality,camera,41360,192052,Puma,,ranking,best
please cheap ultrabook under ₹38736 with good quality,laptop,0,38736,Fujifilm,,value,value
budget mechanical keyboard Dell starting from 6351-13158 latest,keyboard,6351,13158,Dell,,value,value
please customer reviews mouse under ₹7282 premium,mouse,0,7282,,white,reviews,reviews
affordable screen starting from 29340-67365 latest,monitor,29340,67365,,,value,value
affordable earbuds below 46393 latest,headphone,0,46393,New Balance,,value,value
best mechanical keyboard Motorola under ₹10624 new,keyboard,0,10624,Motorola,white,ranking,best
please highest rated headphone Google under ₹7107 lightweight,headphone,0,7107,Google,,reviews,reviews
please worth it sneakers JBL between ₹5692 and ₹9994 with good quality,shoe,5692,9994,JBL,,value,value
worth it running shoes under ₹5694 premium,shoe,0,5694,,orange,value,value
best mouse in black starting from 7796-14403 new,mouse,7796,14403,,black,ranking,best
recommended monitor Sony between ₹17486 and ₹38105 with good quality,monitor,17486,38105,Sony,,ranking,best
best mobile starting from 26076-72231 for office,phone,26076,72231,,,ranking,best
top rated speaker in black ₹13827-21525 lightweight with good quality,speaker,13827,21525,,black,reviews,reviews
best reviews phone Dell below 14921,phone,0,14921,Dell,,reviews,reviews
good reviews camera New Balance ₹81776-180086 gaming,camera,81776,180086,New Balance,orange,reviews,reviews
good reviews earphones Puma below 16281 with good quality,headphone,0,16281,Puma,,reviews,reviews
cheap mouse Dell in silver ₹6590-19873 with good quality,mouse,6590,19873,Dell,silver,value,value
recommended dslr Xiaomi ₹101048-134335 latest,camera,101048,134335,Xiaomi,,ranking,best
top rated dslr starting from 32007-66291,camera,32007,66291,,,reviews,reviews
please best reviews keyboard Lenovo starting from 4377-12229 lightweight,keyboard,4377,12229,Lenovo,,reviews,reviews
best reviews smartphone between ₹17874 and ₹27614,phone,17874,27614,,purple,reviews,reviews
value for money camera between ₹31970 and ₹61127,camera,31970,61127,,,value,value
please affordable ssd in green between ₹13872 and ₹19710 with good quality,storage,13872,19710,,green,value,value
best overall speaker below 36950 latest,speaker,0,36950,,,ranking,best
value for money headphone Western Digital starting from 17272-43892 for office,headphone,17272,43892,Western Digital,,value,value
suggest shoes Apple between ₹2288 and ₹5473 wireless with good quality,shoe,2288,5473,Apple,,ranking,best
please budget shoe Sennheiser ₹5124-12268 durable with good quality,shoe,5124,12268,Sennheiser,purple,value,value
value for money ssd Kingston between ₹10902 and ₹12723 latest with good quality,storage,10902,12723,Kingston,purple,value,value
please pick for me iphone under ₹58104,phone,0,58104,,,ranking,best
worth it mirrorless camera between ₹92850 and ₹106400 wireless,camera,92850,106400,,yellow,value,value
please affordable smartwatch between ₹5147 and ₹15444 durable with good quality,watch,5147,15444,,,value,value
value for money screen ₹32417-61691 for students with good quality,monitor,32417,61691,,,value,value
affordable android tablet Audio-Technica below 56310 lightweight,tablet,0,56310,Audio-Technica,black,value,value
please good reviews headphones ₹11903-26959 new,headphone,11903,26959,Samsung,,reviews,reviews
please top rated keyboard SteelSeries below 16003 wireless,keyboard,0,16003,SteelSeries,yellow,reviews,reviews
highest rated macbook Samsung ₹64483-164933 for students,laptop,64483,164933,Samsung,black,reviews,reviews
highest rated camera under ₹140788,camera,0,140788,,purple,reviews,reviews
best overall camera Panasonic between ₹37903 and ₹133517,camera,37903,133517,Panasonic,,ranking,best
please worth it external drive Corsair under ₹22353 latest,storage,0,22353,Corsair,,value,value
best mobile ₹12828-26257 gaming,phone,12828,26257,,blue,ranking,best
top rated ssd in purple under ₹25318 new,storage,0,25318,Dell,purple,reviews,reviews
best overall notebook Western Digital between ₹45975 and ₹170027 new,laptop,45975,170027,Western Digital,,ranking,best
customer reviews display Apple under ₹66152 wireless,monitor,0,66152,Apple,purple,reviews,reviews
pick for me gaming mouse Motorola between ₹1757 and ₹11644 with good quality,mouse,1757,11644,Motorola,,ranking,best
best watch in blue between ₹28296 and ₹61266 wireless,watch,28296,61266,Apple,blue,ranking,best
customer reviews monitor under ₹34733 with good quality,monitor,0,34733,,white,reviews,reviews
budget headphones starting from 6733-32054 wireless,headphone,6733,32054,MSI,,value,value
good reviews computer between ₹27994 and ₹145816 for students with good quality,laptop,27994,145816,,gold,reviews,reviews
worth it monitor ₹10767-55303 premium with good quality,monitor,10767,55303,,,value,value
cheap keyboard Logitech starting from 926-14444,keyboard,926,14444,Logitech,,value,value
please best ultrabook Microsoft starting from 42020-43799 with good quality,laptop,42020,43799,Microsoft,,ranking,best
highest rated dslr under ₹208142 gaming with good quality,camera,0,208142,,,reviews,reviews
good reviews monitor Nikon under ₹32171 latest,monitor,0,32171,Nikon,,reviews,reviews
please best notebook Sennheiser below 109112 premium with good quality,laptop,0,109112,Sennheiser,,ranking,best
good reviews monitor under ₹57919 latest with good quality,monitor,0,57919,,,reviews,reviews
please top rated keyboard between ₹5227 and ₹14494 new,keyboard,5227,14494,ASUS,gold,reviews,reviews
value for money laptop Huawei between ₹77082 and ₹149318 for office with good quality,laptop,77082,149318,Huawei,,value,value
pick for me keyboard below 11788 latest,keyboard,0,11788,Asics,,ranking,best
good reviews earbuds starting from 6814-23647 new,headphone,6814,23647,,gray,reviews,reviews
please best screen Dell ₹21692-36460,monitor,21692,36460,Dell,,ranking,best
worth it mouse below 6924 premium,mouse,0,6924,,,value,value
suggest keyboard in purple under ₹13785 for office,keyboard,0,13785,,purple,ranking,best
highest rated screen Microsoft between ₹32279 and ₹43371,monitor,32279,43371,Microsoft,,reviews,reviews
cheap gaming mouse under ₹16685 for students,mouse,0,16685,Canon,,value,value
best overall shoes under ₹19429 new,shoe,0,19429,Corsair,brown,ranking,best
please budget tablet in gold below 87115 lightweight,tablet,0,87115,,gold,value,value
value for money tablet Puma in yellow starting from 29717-75012,tablet,29717,75012,Puma,yellow,value,value
please budget sneakers Sennheiser starting from 7423-16802 lightweight,shoe,7423,16802,Sennheiser,,value,value
best mirrorless camera between ₹12949 and ₹225969 durable with good quality,camera,12949,225969,,,ranking,best
top rated macbook ₹30928-73514,laptop,30928,73514,,,reviews,reviews
pick for me gaming mouse in black below 9821 for students with good quality,mouse,0,9821,,black,ranking,best
please best reviews boots Kingston ₹6050-7772 new,shoe,6050,7772,Kingston,,reviews,reviews
good reviews external drive Panasonic in brown between ₹3098 and ₹31055 durable,storage,3098,31055,Panasonic,brown,reviews,reviews
top rated notebook under ₹150683 premium,laptop,0,150683,,,reviews,reviews
recommended earbuds OnePlus in blue between ₹4269 and ₹8584 gaming with good quality,headphone,4269,8584,OnePlus,blue,ranking,best
pick for me bluetooth speaker Dell starting from 17754-45851 premium with good quality,speaker,17754,45851,Dell,,ranking,best
suggest hdd between ₹2530 and ₹35610 with good quality,storage,2530,35610,,,ranking,best
good reviews computer under ₹146907 for office with good quality,laptop,0,146907,,,reviews,reviews
please cheap ipad under ₹120000 latest,tablet,0,120000,,,value,value
customer reviews mechanical keyboard between ₹969 and ₹18200,keyboard,969,18200,,,reviews,reviews
affordable keyboard MSI below 15030 durable,keyboard,0,15030,MSI,,value,value
please value for money ultrabook POCO starting from 82337-124333 durable,laptop,82337,124333,POCO,,value,value
cheap smartphone Sony ₹28828-55618 for office,phone,28828,55618,Sony,,value,value
best overall bluetooth speaker starting from 9762-15676 latest,speaker,9762,15676,Xiaomi,,ranking,best
top rated dslr Canon in gray starting from 12032-80986 lightweight with good quality,camera,12032,80986,Canon,gray,reviews,reviews
suggest hdd Asics in navy below 17815 premium with good quality,storage,0,17815,Asics,navy,ranking,best
good reviews mouse Nike ₹674-18204 gaming,mouse,674,18204,Nike,,reviews,reviews
highest rated storage Reebok below 19712 with good quality,storage,0,19712,Reebok,,reviews,reviews
recommended watch below 70114 lightweight with good quality,watch,0,70114,Huawei,gray,ranking,best
best reviews bluetooth speaker below 32578,speaker,0,32578,,,reviews,reviews
highest rated wireless headphones ₹16196-41847,headphone,16196,41847,Realme,,reviews,reviews
pick for me external drive HP under ₹12892 gaming with good quality,storage,0,12892,HP,,ranking,best
cheap smartphone below 39073 premium with good quality,phone,0,39073,,,value,value
pick for me earbuds Lenovo in silver between ₹7976 and ₹25783,headphone,7976,25783,Lenovo,silver,ranking,best
best reviews footwear ASUS ₹6905-10797 latest with good quality,shoe,6905,10797,ASUS,,reviews,reviews
recommended dslr in orange starting from 12421-168759,camera,12421,168759,,orange,ranking,best
best overall headphones Sennheiser below 12575 new,headphone,0,12575,Sennheiser,,ranking,best
highest rated bluetooth speaker below 38136 for office with good quality,speaker,0,38136,,,reviews,reviews
good reviews display ₹32785-60224 for office,monitor,32785,60224,,,reviews,reviews
best overall iphone Acer starting from 25021-49650 latest,phone,25021,49650,Acer,,ranking,best
customer reviews gaming mouse in gold ₹3240-4783 lightweight,mouse,3240,4783,,gold,reviews,reviews
customer reviews fitness watch in blue below 65829 for office with good quality,watch,0,65829,,blue,reviews,reviews
pick for me camera Samsung ₹35990-228838,camera,35990,228838,Samsung,,ranking,best
good reviews iphone between ₹24648 and ₹67252 gaming,phone,24648,67252,,,reviews,reviews
best overall running shoes POCO starting from 3295-9038,shoe,3295,9038,POCO,,ranking,best
worth it external drive below 7921 new with good quality,storage,0,7921,,,value,value
please pick for me bluetooth speaker in brown under ₹47181 lightweight with good quality,speaker,0,47181,,brown,ranking,best
best overall macbook below 106542,laptop,0,106542,,,ranking,best
pick for me speaker between ₹16873 and ₹24937,speaker,16873,24937,,,ranking,best
please best overall ipad Nikon between ₹42989 and ₹98617 wireless,tablet,42989,98617,Nikon,,ranking,best
please suggest keyboard between ₹6026 and ₹18859 latest,keyboard,6026,18859,,,ranking,best
please customer reviews mouse in black between ₹5405 and ₹8548,mouse,5405,8548,,black,reviews,reviews
please value for money mouse Lenovo below 11608,mouse,0,11608,Lenovo,gold,value,value
suggest android phone below 62410 gaming,phone,0,62410,Logitech,,ranking,best
worth it shoes under ₹17703 lightweight with good quality,shoe,0,17703,Garmin,,value,value
good reviews shoe under ₹11055 durable with good quality,shoe,0,11055,,,reviews,reviews
recommended bluetooth speaker starting from 15685-26327 for office,speaker,15685,26327,,,ranking,best
good reviews headphones below 45276 gaming with good quality,headphone,0,45276,,,reviews,reviews
worth it speaker Lenovo in gray ₹871-28791 with good quality,speaker,871,28791,Lenovo,gray,value,value
best reviews footwear Adidas in white between ₹1265 and ₹7206 lightweight with good quality,shoe,1265,7206,Adidas,white,reviews,reviews
please top rated headphone between ₹992 and ₹6515 with good quality,headphone,992,6515,Razer,,reviews,reviews
recommended watch Kingston in white under ₹68801 wireless,watch,0,68801,Kingston,white,ranking,best
please best reviews ipad ₹8050-25533 wireless,tablet,8050,25533,,,reviews,reviews
suggest storage between ₹12467 and ₹30125 lightweight,storage,12467,30125,,navy,ranking,best
worth it keyboard Samsung between ₹4200 and ₹12565 for office with good quality,keyboard,4200,12565,Samsung,brown,value,value
worth it sneakers Nikon under ₹12013 wireless,shoe,0,12013,Nikon,,value,value
please best reviews bluetooth speaker in black below 46732,speaker,0,46732,,black,reviews,reviews
budget camera Nikon between ₹88468 and ₹195670 premium,camera,88468,195670,Nikon,,value,value
worth it storage POCO in gold starting from 8822-37371 for students,storage,8822,37371,POCO,gold,value,value
best overall earbuds HP below 49194 lightweight,headphone,0,49194,HP,,ranking,best
suggest gaming mouse in black under ₹9135 for students,mouse,0,9135,OnePlus,black,ranking,best
please cheap phone in orange starting from 15432-71528 wireless,phone,15432,71528,,orange,value,value
customer reviews screen starting from 8338-12885 gaming with good quality,monitor,8338,12885,Fitbit,,reviews,reviews
best reviews speaker in black between ₹5758 and ₹9602,speaker,5758,9602,,black,reviews,reviews
affordable mirrorless camera below 192871,camera,0,192871,,,value,value
please best overall mechanical keyboard below 12078,keyboard,0,12078,,,ranking,best
good reviews android tablet in purple starting from 34806-48179 for students,tablet,34806,48179,,purple,reviews,reviews
highest rated bluetooth speaker in black under ₹29265,speaker,0,29265,,black,reviews,reviews
pick for me display in gray ₹4417-11410 premium,monitor,4417,11410,,gray,ranking,best
suggest android tablet Seagate starting from 10948-30364,tablet,10948,30364,Seagate,,ranking,best
suggest mechanical keyboard POCO between ₹2943 and ₹9167,keyboard,2943,9167,POCO,,ranking,best
budget monitor between ₹17630 and ₹74584,monitor,17630,74584,Canon,,value,value
please value for money screen starting from 6336-68299,monitor,6336,68299,Asics,,value,value
recommended bluetooth speaker Corsair between ₹9581 and ₹32828 new with good quality,speaker,9581,32828,Corsair,,ranking,best
suggest watch New Balance starting from 11717-71147 gaming,watch,11717,71147,New Balance,,ranking,best
best overall shoe below 10754,shoe,0,10754,,,ranking,best
please best overall fitness watch in green below 42636 durable,watch,0,42636,,green,ranking,best
best overall ultrabook starting from 40633-175507 wireless,laptop,40633,175507,,,ranking,best
recommended sneakers starting from 2041-15077 new,shoe,2041,15077,,,ranking,best
budget storage Kingston in blue below 27527 lightweight with good quality,storage,0,27527,Kingston,blue,value,value
top rated mechanical keyboard starting from 4492-5389 new,keyboard,4492,5389,,,reviews,reviews
value for money keyboard under ₹12577 premium,keyboard,0,12577,,,value,value
affordable smartphone Lenovo below 54686 new with good quality,phone,0,54686,Lenovo,,value,value
recommended display starting from 8808-11379,monitor,8808,11379,,,ranking,best
budget headphone Lenovo under ₹37711 new,headphone,0,37711,Lenovo,brown,value,value
best reviews storage Lenovo in navy ₹14171-27068 gaming,storage,14171,27068,Lenovo,navy,reviews,reviews
good reviews sneakers JBL starting from 934-5385 with good quality,shoe,934,5385,JBL,gold,reviews,reviews
top rated sneakers in blue below 7930,shoe,0,7930,Puma,blue,reviews,reviews
please best boots starting from 7841-11585 premium,shoe,7841,11585,,,ranking,best
good reviews speaker Bose in purple between ₹11907 and ₹22466 gaming with good quality,speaker,11907,22466,Bose,purple,reviews,reviews
highest rated dslr Crucial ₹17635-52712,camera,17635,52712,Crucial,,reviews,reviews
please highest rated bluetooth speaker in yellow between ₹19046 and ₹39069 new,speaker,19046,39069,,yellow,reviews,reviews
cheap external drive JBL in yellow ₹4462-23234,storage,4462,23234,JBL,yellow,value,value
good reviews smartphone in brown under ₹21439,phone,0,21439,Fujifilm,brown,reviews,reviews
please highest rated headphone Fitbit in gray under ₹10115 gaming with good quality,headphone,0,10115,Fitbit,gray,reviews,reviews
please highest rated monitor Fitbit ₹20287-73503 durable with good quality,monitor,20287,73503,Fitbit,,reviews,reviews
good reviews headphones POCO in yellow between ₹15294 and ₹32883,headphone,15294,32883,POCO,yellow,reviews,reviews
best overall monitor starting from 22765-71156 for office,monitor,22765,71156,,silver,ranking,best
suggest camera in gray starting from 84578-146395 durable with good quality,camera,84578,146395,,gray,ranking,best
please worth it speaker between ₹16471 and ₹47738 latest with good quality,speaker,16471,47738,Huawei,,value,value
best overall running shoes in blue ₹2353-7260 premium,shoe,2353,7260,,blue,ranking,best
good reviews earphones SteelSeries ₹8666-19605 premium,headphone,8666,19605,SteelSeries,,reviews,reviews
please value for money mouse in brown below 13346 premium,mouse,0,13346,,brown,value,value
recommended sneakers Crucial in navy below 9798 with good quality,shoe,0,9798,Crucial,navy,ranking,best
recommended gaming mouse Panasonic in yellow ₹3189-12194 for students with good quality,mouse,3189,12194,Panasonic,yellow,ranking,best
budget mechanical keyboard below 13962 premium,keyboard,0,13962,,black,value,value
top rated notebook ₹55596-113033,laptop,55596,113033,,,reviews,reviews
best overall camera between ₹70058 and ₹71162 for office,camera,70058,71162,Acer,,ranking,best
suggest gaming mouse Acer under ₹7278 for students,mouse,0,7278,Acer,green,ranking,best
recommended watch Marshall under ₹13882,watch,0,13882,Marshall,,ranking,best
highest rated speaker starting from 9397-36573 gaming,speaker,9397,36573,,,reviews,reviews
worth it android tablet starting from 45403-109094 with good quality,tablet,45403,109094,POCO,,value,value
suggest gaming mouse under ₹17652,mouse,0,17652,,,ranking,best
best reviews tablet Audio-Technica below 56011 with good quality,tablet,0,56011,Audio-Technica,,reviews,reviews
value for money laptop between ₹77794 and ₹163310 durable with good quality,laptop,77794,163310,,,value,value
best reviews shoes below 18524,shoe,0,18524,Asics,silver,reviews,reviews
best overall computer ₹47348-151800 durable,laptop,47348,151800,,,ranking,best
worth it ultrabook Razer between ₹56659 and ₹72013 durable,laptop,56659,72013,Razer,,value,value
customer reviews ipad in orange starting from 34267-74568 wireless,tablet,34267,74568,,orange,reviews,reviews
worth it mirrorless camera below 113441,camera,0,113441,,,value,value
please best overall monitor Sennheiser below 67291 for office,monitor,0,67291,Sennheiser,,ranking,best
cheap watch ₹17799-44629 durable,watch,17799,44629,,,value,value
top rated watch in red under ₹45051 durable,watch,0,45051,,red,reviews,reviews
highest rated mechanical keyboard in black between ₹1084 and ₹14873 premium,keyboard,1084,14873,,black,reviews,reviews
best reviews smartphone below 18225 durable with good quality,phone,0,18225,,,reviews,reviews
recommended tablet ₹12163-71690 wireless,tablet,12163,71690,,,ranking,best
worth it android tablet Audio-Technica in black starting from 29809-36367 wireless with good quality,tablet,29809,36367,Audio-Technica,black,value,value
good reviews mirrorless camera below 217453 with good quality,camera,0,217453,,,reviews,reviews
value for money earbuds in green ₹1231-21014 for office,headphone,1231,21014,Bose,green,value,value
please value for money running shoes between ₹2624 and ₹11055 durable,shoe,2624,11055,,,value,value
value for money camera Crucial between ₹17805 and ₹228095,camera,17805,228095,Crucial,red,value,value
pick for me footwear Acer in blue ₹5416-17807 for office with good quality,shoe,5416,17807,Acer,blue,ranking,best
budget headphone under ₹41773 premium,headphone,0,41773,Marshall,,value,value
please best reviews dslr below 175662 lightweight,camera,0,175662,,,reviews,reviews
best reviews sneakers in gold ₹6669-17071 for students with good quality,shoe,6669,17071,,gold,reviews,reviews
value for money display in red starting from 11000-22531 with good quality,monitor,11000,22531,Nike,red,value,value
customer reviews computer starting from 61905-144001 latest,laptop,61905,144001,,,reviews,reviews
best overall android tablet in silver under ₹119588,tablet,0,119588,Google,silver,ranking,best
customer reviews running shoes ₹3391-12527 durable,shoe,3391,12527,,,reviews,reviews
pick for me display ₹24549-76592 lightweight with good quality,monitor,24549,76592,,,ranking,best
cheap keyboard Puma starting from 2221-17585 for students,keyboard,2221,17585,Puma,,value,value
worth it mechanical keyboard below 6645 durable,keyboard,0,6645,,,value,value
budget keyboard Google below 11153 new,keyboard,0,11153,Google,,value,value
budget mouse Microsoft starting from 7696-16855 durable,mouse,7696,16855,Microsoft,,value,value
pick for me phone ₹29261-61472,phone,29261,61472,OnePlus,,ranking,best
pick for me shoes OnePlus starting from 5629-14919 lightweight,shoe,5629,14919,OnePlus,navy,ranking,best
highest rated mirrorless camera under ₹81856 gaming,camera,0,81856,,,reviews,reviews
best mechanical keyboard ₹3271-15081 new,keyboard,3271,15081,,,ranking,best
good reviews bluetooth speaker in yellow under ₹14947 new,speaker,0,14947,,yellow,reviews,reviews
highest rated external drive starting from 5315-8445 new,storage,5315,8445,Lenovo,,reviews,reviews
cheap monitor under ₹27528 durable with good quality,monitor,0,27528,,,value,value
affordable bluetooth speaker starting from 3246-5901 latest with good quality,speaker,3246,5901,,,value,value
worth it bluetooth speaker between ₹9549 and ₹33155 for students,speaker,9549,33155,,,value,value
best reviews ipad in gray below 18320 for students,tablet,0,18320,,gray,reviews,reviews
please pick for me smartphone below 73998 for office with good quality,phone,0,73998,Fujifilm,brown,ranking,best
budget mouse in yellow below 11107 new,mouse,0,11107,,yellow,value,value
value for money mechanical keyboard HP ₹4045-17304,keyboard,4045,17304,HP,,value,value
customer reviews external drive Huawei between ₹13173 and ₹34088 for students,storage,13173,34088,Huawei,,reviews,reviews
best iphone Canon ₹13425-23707 new with good quality,phone,13425,23707,Canon,black,ranking,best
highest rated wireless headphones starting from 2719-49137 for students,headphone,2719,49137,,,reviews,reviews
cheap storage below 19388 with good quality,storage,0,19388,,,value,value
please best notebook Fitbit in brown starting from 62692-163678,laptop,62692,163678,Fitbit,brown,ranking,best
please budget dslr Asics under ₹126910 premium,camera,0,126910,Asics,yellow,value,value
good reviews mechanical keyboard POCO between ₹5036 and ₹8852 latest,keyboard,5036,8852,POCO,,reviews,reviews
best overall smartwatch Acer in gray below 48893 gaming,watch,0,48893,Acer,gray,ranking,best
pick for me headphone JBL below 31582 new,headphone,0,31582,JBL,,ranking,best
best reviews speaker ₹19892-44927 for office with good quality,speaker,19892,44927,Crucial,,reviews,reviews
cheap mouse between ₹3149 and ₹3430 lightweight,mouse,3149,3430,POCO,,value,value
customer reviews headphone in gold starting from 16565-25984 latest,headphone,16565,25984,,gold,reviews,reviews
affordable mobile Bose in brown between ₹30798 and ₹36482 lightweight,phone,30798,36482,Bose,brown,value,value
top rated monitor Nikon between ₹11001 and ₹19527 gaming,monitor,11001,19527,Nikon,,reviews,reviews
please top rated camera Realme in gold starting from 77804-91530 lightweight with good quality,camera,77804,91530,Realme,gold,reviews,reviews
good reviews phone Marshall starting from 13597-27413 for students,phone,13597,27413,Marshall,,reviews,reviews
please customer reviews mechanical keyboard under ₹8438 for office,keyboard,0,8438,Acer,navy,reviews,reviews
best phone in brown below 61585 premium,phone,0,61585,HP,brown,ranking,best
best fitness watch in yellow under ₹44699 premium with good quality,watch,0,44699,,yellow,ranking,best
affordable smartwatch MSI ₹5842-8544 with good quality,watch,5842,8544,MSI,,value,value
please best reviews notebook in black below 194317 for office,laptop,0,194317,,black,reviews,reviews
best overall external drive in white between ₹13421 and ₹20428 new,storage,13421,20428,,white,ranking,best
pick for me mechanical keyboard Samsung between ₹2492 and ₹11020 lightweight,keyboard,2492,11020,Samsung,,ranking,best
pick for me wireless headphones ₹9441-47891 premium,headphone,9441,47891,,black,ranking,best
highest rated smartwatch Nikon starting from 21683-78700 gaming with good quality,watch,21683,78700,Nikon,,reviews,reviews
suggest dslr in brown starting from 62285-168465,camera,62285,168465,,brown,ranking,best
affordable computer between ₹28970 and ₹191591 for students with good quality,laptop,28970,191591,Dell,,value,value
highest rated gaming mouse in silver below 14719 durable,mouse,0,14719,,silver,reviews,reviews
budget notebook between ₹61139 and ₹150227 for office,laptop,61139,150227,,,value,value
best reviews wireless headphones Panasonic in orange between ₹14508 and ₹27586 wireless with good quality,headphone,14508,27586,Panasonic,orange,reviews,reviews
please best overall mouse starting from 2925-18538 with good quality,mouse,2925,18538,Apple,gold,ranking,best
please recommended android tablet ₹33798-101535 lightweight,tablet,33798,101535,,,ranking,best
suggest monitor starting from 29395-29861 for students with good quality,monitor,29395,29861,Reebok,,ranking,best
pick for me ultrabook below 65946 wireless with good quality,laptop,0,65946,Lenovo,,ranking,best
cheap bluetooth speaker Google ₹6188-31855 lightweight,speaker,6188,31855,Google,,value,value
customer reviews gaming mouse between ₹592 and ₹7844 new with good quality,mouse,592,7844,,,reviews,reviews
affordable bluetooth speaker JBL under ₹21873 durable,speaker,0,21873,JBL,,value,value
please budget footwear in yellow starting from 1025-4947 latest,shoe,1025,4947,JBL,yellow,value,value
value for money wireless headphones in silver between ₹7521 and ₹25653 durable,headphone,7521,25653,Fossil,silver,value,value
value for money dslr in green between ₹23946 and ₹51338 new,camera,23946,51338,POCO,green,value,value
affordable computer under ₹195212 durable with good quality,laptop,0,195212,,gold,value,value
best overall gaming mouse between ₹7427 and ₹10913 wireless with good quality,mouse,7427,10913,,red,ranking,best
please value for money android tablet Reebok below 78158,tablet,0,78158,Reebok,,value,value
top rated smartphone starting from 11801-38645 latest,phone,11801,38645,,,reviews,reviews
cheap monitor in gold under ₹73451 durable,monitor,0,73451,,gold,value,value
please suggest screen in purple ₹18291-49714 for office,monitor,18291,49714,,purple,ranking,best
worth it phone Fitbit between ₹11643 and ₹61512 premium with good quality,phone,11643,61512,Fitbit,,value,value
please best reviews storage Microsoft in black ₹10778-32718 durable,storage,10778,32718,Microsoft,black,reviews,reviews
suggest bluetooth speaker Acer ₹5352-47036,speaker,5352,47036,Acer,,ranking,best
customer reviews gaming mouse in gold starting from 3989-10585 with good quality,mouse,3989,10585,,gold,reviews,reviews
cheap android phone ₹19165-47721 gaming,phone,19165,47721,,,value,value
please affordable notebook in orange ₹30663-150318 gaming,laptop,30663,150318,,orange,value,value
value for money shoes in green ₹3048-6892 for office,shoe,3048,6892,Fossil,green,value,value
please top rated iphone between ₹21407 and ₹57094 with good quality,phone,21407,57094,,orange,reviews,reviews
please budget ultrabook Audio-Technica in gold below 64401 durable with good quality,laptop,0,64401,Audio-Technica,gold,value,value
top rated earbuds Google under ₹39880 latest,headphone,0,39880,Google,,reviews,reviews
please suggest phone below 63284 for students,phone,0,63284,Apple,,ranking,best
good reviews gaming mouse Nike starting from 2869-6924 with good quality,mouse,2869,6924,Nike,,reviews,reviews
best overall laptop between ₹83651 and ₹123185,laptop,83651,123185,,white,ranking,best
cheap gaming mouse OnePlus ₹6733-8499 for students with good quality,mouse,6733,8499,OnePlus,,value,value
affordable shoe Garmin below 9657,shoe,0,9657,Garmin,,value,value
budget running shoes in gold under ₹9223 for students with good quality,shoe,0,9223,,gold,value,value
cheap storage Seagate in yellow starting from 6294-29069 latest,storage,6294,29069,Seagate,yellow,value,value
recommended dslr in orange starting from 102370-180698 durable,camera,102370,180698,,orange,ranking,best
top rated camera Nikon ₹60661-177266 for students,camera,60661,177266,Nikon,silver,reviews,reviews
best overall headphones between ₹12521 and ₹27135 for office with good quality,headphone,12521,27135,,,ranking,best
please highest rated mouse in green under ₹15212 premium,mouse,0,15212,,green,reviews,reviews
best reviews android tablet Nike between ₹13243 and ₹72998 gaming,tablet,13243,72998,Nike,,reviews,reviews
affordable smartphone Microsoft in green starting from 8943-59497 with good quality,phone,8943,59497,Microsoft,green,value,value
best reviews ipad Google below 85664,tablet,0,85664,Google,,reviews,reviews
please worth it keyboard Puma in red starting from 4064-10691 premium with good quality,keyboard,4064,10691,Puma,red,value,value
recommended ultrabook New Balance in gold starting from 84321-100147 for office,laptop,84321,100147,New Balance,gold,ranking,best
best overall camera OnePlus below 72187 wireless,camera,0,72187,OnePlus,,ranking,best
recommended notebook Audio-Technica in purple below 183276 lightweight with good quality,laptop,0,183276,Audio-Technica,purple,ranking,best
please best reviews speaker Western Digital between ₹4058 and ₹28950 wireless,speaker,4058,28950,Western Digital,,reviews,reviews
best reviews smartwatch under ₹61124 gaming with good quality,watch,0,61124,,brown,reviews,reviews
highest rated tablet JBL between ₹38505 and ₹108759 for students,tablet,38505,108759,JBL,,reviews,reviews
good reviews ssd ASUS ₹4208-11250 for office,storage,4208,11250,ASUS,,reviews,reviews
cheap speaker Audio-Technica ₹6046-42538 for office with good quality,speaker,6046,42538,Audio-Technica,black,value,value
affordable ipad Samsung in orange ₹36953-40304 lightweight,tablet,36953,40304,Samsung,orange,value,value
please affordable gaming mouse OnePlus in orange below 11262,mouse,0,11262,OnePlus,orange,value,value
please customer reviews boots Dell starting from 7131-11355,shoe,7131,11355,Dell,,reviews,reviews
worth it ipad in orange below 90932 for students,tablet,0,90932,Marshall,orange,value,value
please best overall keyboard below 13512 new,keyboard,0,13512,Fujifilm,purple,ranking,best
highest rated smartwatch Marshall under ₹72725,watch,0,72725,Marshall,red,reviews,reviews
good reviews ipad Bose between ₹33290 and ₹113915 durable with good quality,tablet,33290,113915,Bose,,reviews,reviews
suggest mouse Bose under ₹16542,mouse,0,16542,Bose,,ranking,best
please recommended dslr Microsoft ₹100102-114519,camera,100102,114519,Microsoft,,ranking,best
cheap external drive Adidas below 21001 new,storage,0,21001,Adidas,,value,value
top rated running shoes between ₹5306 and ₹19547,shoe,5306,19547,Realme,silver,reviews,reviews
recommended smartwatch Razer in orange starting from 16239-18026 new,watch,16239,18026,Razer,orange,ranking,best
worth it laptop in orange between ₹82726 and ₹103381 for office,laptop,82726,103381,,orange,value,value
please value for money camera under ₹120630,camera,0,120630,Fitbit,red,value,value
budget sneakers ₹3193-19887,shoe,3193,19887,,,value,value
worth it tablet POCO in silver below 95906,tablet,0,95906,POCO,silver,value,value
please cheap iphone in yellow ₹30189-46982,phone,30189,46982,,yellow,value,value
best dslr Reebok starting from 46282-209439,camera,46282,209439,Reebok,blue,ranking,best
top rated iphone Microsoft in white starting from 19304-71086,phone,19304,71086,Microsoft,white,reviews,reviews
suggest ssd in orange below 20674 for office with good quality,storage,0,20674,,orange,ranking,best
please budget android tablet in orange ₹14752-50923 gaming with good quality,tablet,14752,50923,,orange,value,value
top rated bluetooth speaker Sennheiser ₹13298-31968 with good quality,speaker,13298,31968,Sennheiser,,reviews,reviews
affordable mouse Nikon under ₹14805 new,mouse,0,14805,Nikon,,value,value
please affordable mechanical keyboard in purple between ₹4350 and ₹18093 durable,keyboard,4350,18093,,purple,value,value
recommended screen between ₹14906 and ₹78652 gaming with good quality,monitor,14906,78652,,,ranking,best
please budget watch Canon below 45874 durable,watch,0,45874,Canon,,value,value
suggest macbook Panasonic in black ₹69650-113136 for students,laptop,69650,113136,Panasonic,black,ranking,best
good reviews footwear Logitech in red starting from 2264-18159 lightweight,shoe,2264,18159,Logitech,red,reviews,reviews
please best reviews shoe OnePlus under ₹17430,shoe,0,17430,OnePlus,,reviews,reviews
pick for me keyboard below 19788 premium,keyboard,0,19788,,,ranking,best
please budget display Samsung ₹13584-32161 for office,monitor,13584,32161,Samsung,navy,value,value
cheap smartphone Reebok between ₹17131 and ₹26559 latest,phone,17131,26559,Reebok,,value,value
please best storage starting from 13409-33893 for students,storage,13409,33893,,,ranking,best
customer reviews gaming mouse Sennheiser in silver below 4457 wireless with good quality,mouse,0,4457,Sennheiser,silver,reviews,reviews
please customer reviews earphones below 25807,headphone,0,25807,,,reviews,reviews
cheap mouse HP between ₹608 and ₹15837 lightweight,mouse,608,15837,HP,purple,value,value
recommended gaming mouse Microsoft in brown ₹859-3327 durable,mouse,859,3327,Microsoft,brown,ranking,best
cheap speaker Nikon between ₹15732 and ₹29255 lightweight,speaker,15732,29255,Nikon,,value,value
recommended android phone starting from 34810-51534,phone,34810,51534,Sennheiser,,ranking,best
pick for me android tablet in blue ₹40430-58810 durable,tablet,40430,58810,,blue,ranking,best
top rated gaming mouse under ₹8292,mouse,0,8292,,,reviews,reviews
suggest speaker in black under ₹35673 durable,speaker,0,35673,Corsair,black,ranking,best
budget smartphone between ₹30808 and ₹78553,phone,30808,78553,Garmin,black,value,value
best overall tablet in black starting from 10471-87916 new,tablet,10471,87916,,black,ranking,best
suggest headphone between ₹6484 and ₹41203 durable,headphone,6484,41203,,,ranking,best
pick for me notebook ₹28235-97250 lightweight,laptop,28235,97250,,brown,ranking,best
cheap speaker starting from 14860-49133 for students,speaker,14860,49133,New Balance,red,value,value
recommended fitness watch in white under ₹40630,watch,0,40630,,white,ranking,best
please pick for me mouse OnePlus in purple starting from 6619-11872 for office,mouse,6619,11872,OnePlus,purple,ranking,best
please pick for me dslr below 208751 durable,camera,0,208751,,brown,ranking,best
please pick for me mirrorless camera Fossil below 214731 for office,camera,0,214731,Fossil,,ranking,best
please affordable mirrorless camera in brown under ₹155042,camera,0,155042,Logitech,brown,value,value
worth it gaming mouse starting from 505-15902 gaming with good quality,mouse,505,15902,,,value,value
pick for me fitness watch ₹15415-36764 durable,watch,15415,36764,Panasonic,,ranking,best
affordable ssd in white under ₹26052 with good quality,storage,0,26052,MSI,white,value,value
customer reviews phone starting from 19498-72220 new,phone,19498,72220,,yellow,reviews,reviews
suggest shoes in black between ₹6685 and ₹16772 premium,shoe,6685,16772,,black,ranking,best
please worth it monitor Nikon below 14015 new,monitor,0,14015,Nikon,,value,value
please best overall smartphone in orange under ₹42404 gaming with good quality,phone,0,42404,,orange,ranking,best
please budget ipad POCO under ₹47006 for students with good quality,tablet,0,47006,POCO,,value,value
worth it earbuds ₹14676-23978 for students,headphone,14676,23978,,,value,value
highest rated earbuds ₹17014-23244,headphone,17014,23244,,,reviews,reviews
customer reviews dslr ₹18514-207552,camera,18514,207552,,,reviews,reviews
customer reviews fitness watch Microsoft ₹13678-70125 durable,watch,13678,70125,Microsoft,,reviews,reviews
pick for me android tablet below 117185 with good quality,tablet,0,117185,,,ranking,best
please pick for me mirrorless camera ₹32218-40098 for students,camera,32218,40098,,,ranking,best
cheap mouse between ₹3846 and ₹16685 for office,mouse,3846,16685,Xiaomi,,value,value
please best reviews boots Acer starting from 6704-7426 for students with good quality,shoe,6704,7426,Acer,black,reviews,reviews
pick for me computer below 74342 with good quality,laptop,0,74342,,,ranking,best
please best reviews mouse Fitbit starting from 5963-16466,mouse,5963,16466,Fitbit,,reviews,reviews
please cheap smartwatch between ₹24045 and ₹65927 premium with good quality,watch,24045,65927,Puma,,value,value
budget android tablet in silver below 115179,tablet,0,115179,,silver,value,value
suggest smartphone starting from 11659-30502 premium with good quality,phone,11659,30502,,,ranking,best
please cheap monitor in gray under ₹76043 durable with good quality,monitor,0,76043,,gray,value,value
best overall ssd in yellow under ₹33723 gaming,storage,0,33723,,yellow,ranking,best
recommended earphones Sony in orange ₹15668-17916 new,headphone,15668,17916,Sony,orange,ranking,best
please good reviews notebook between ₹49546 and ₹160679,laptop,49546,160679,,,reviews,reviews
please value for money keyboard Samsung starting from 4121-10747 latest,keyboard,4121,10747,Samsung,,value,value
affordable dslr Dell under ₹75577 latest,camera,0,75577,Dell,,value,value
please budget mechanical keyboard under ₹13488,keyboard,0,13488,OnePlus,,value,value
please best mechanical keyboard between ₹3027 and ₹19679 latest,keyboard,3027,19679,,,ranking,best
recommended android tablet Bose under ₹67468 premium,tablet,0,67468,Bose,orange,ranking,best
highest rated gaming mouse in yellow below 5934,mouse,0,5934,,yellow,reviews,reviews
please recommended android tablet Crucial in navy starting from 10499-100571 new with good quality,tablet,10499,100571,Crucial,navy,ranking,best
good reviews mouse Nikon below 13665 with good quality,mouse,0,13665,Nikon,,reviews,reviews
please top rated mouse Reebok starting from 2372-7671 for office,mouse,2372,7671,Reebok,,reviews,reviews
best overall tablet in silver starting from 9763-57015 for students,tablet,9763,57015,,silver,ranking,best
please best mouse between ₹3556 and ₹17901 latest,mouse,3556,17901,,,ranking,best
worth it boots Garmin in navy under ₹19198 with good quality,shoe,0,19198,Garmin,navy,value,value
highest rated mouse Sennheiser under ₹8876 lightweight,mouse,0,8876,Sennheiser,,reviews,reviews
worth it watch starting from 5990-37659 new,watch,5990,37659,Asics,,value,value
please highest rated monitor Reebok ₹7281-39421 durable with good quality,monitor,7281,39421,Reebok,,reviews,reviews
best keyboard in navy ₹1923-3156 for office with good quality,keyboard,1923,3156,,navy,ranking,best
budget gaming mouse ₹8187-19878 for students,mouse,8187,19878,,,value,value
recommended earbuds under ₹3916 new,headphone,0,3916,,red,ranking,best
best overall screen Dell in yellow starting from 30032-73106 premium,monitor,30032,73106,Dell,yellow,ranking,best
cheap gaming mouse ₹2989-15044 premium,mouse,2989,15044,,,value,value
best reviews camera ₹68070-198953 new,camera,68070,198953,,,reviews,reviews
best mechanical keyboard below 11295,keyboard,0,11295,Google,,ranking,best
best overall keyboard in silver starting from 4258-6070 wireless with good quality,keyboard,4258,6070,Adidas,silver,ranking,best
please highest rated bluetooth speaker ₹13277-17988,speaker,13277,17988,,,reviews,reviews
best storage ASUS between ₹2173 and ₹32328 new with good quality,storage,2173,32328,ASUS,,ranking,best
pick for me gaming mouse Corsair under ₹14777,mouse,0,14777,Corsair,,ranking,best
best overall mirrorless camera below 139504 wireless,camera,0,139504,,,ranking,best
best overall gaming mouse in brown below 7643,mouse,0,7643,,brown,ranking,best
top rated gaming mouse Garmin under ₹10710,mouse,0,10710,Garmin,black,reviews,reviews
best reviews iphone Xiaomi in red under ₹32053 new,phone,0,32053,Xiaomi,red,reviews,reviews
worth it boots between ₹4471 and ₹13286,shoe,4471,13286,,,value,value
best mouse between ₹1372 and ₹17639 for office,mouse,1372,17639,Kingston,red,ranking,best
please recommended mechanical keyboard between ₹4044 and ₹5505 lightweight,keyboard,4044,5505,,,ranking,best
please good reviews smartphone Nikon under ₹49148 wireless,phone,0,49148,Nikon,,reviews,reviews
please pick for me keyboard Seagate starting from 4805-18979,keyboard,4805,18979,Seagate,,ranking,best
best reviews speaker under ₹39989 lightweight with good quality,speaker,0,39989,,,reviews,reviews
top rated tablet Crucial between ₹25547 and ₹101558 latest,tablet,25547,101558,Crucial,,reviews,reviews
budget storage Razer starting from 4684-27280 with good quality,storage,4684,27280,Razer,,value,value
best earbuds in orange ₹5567-26879,headphone,5567,26879,,orange,ranking,best
please affordable watch below 42267,watch,0,42267,,,value,value
recommended computer in black starting from 70627-141868 gaming,laptop,70627,141868,,black,ranking,best
best keyboard Motorola in gray ₹6856-7919 durable with good quality,keyboard,6856,7919,Motorola,gray,ranking,best
cheap mouse Fossil in navy under ₹12725 premium,mouse,0,12725,Fossil,navy,value,value
please best fitness watch under ₹41358,watch,0,41358,,,ranking,best
best reviews ipad between ₹16918 and ₹32980 with good quality,tablet,16918,32980,,,reviews,reviews
worth it laptop starting from 80770-116408 with good quality,laptop,80770,116408,,,value,value
top rated shoe Dell in blue starting from 3361-13671 wireless,shoe,3361,13671,Dell,blue,reviews,reviews
please customer reviews headphones Fossil between ₹8816 and ₹33123 gaming,headphone,8816,33123,Fossil,brown,reviews,reviews
customer reviews mirrorless camera between ₹47909 and ₹50223 for students,camera,47909,50223,,,reviews,reviews
best reviews gaming mouse between ₹818 and ₹11501,mouse,818,11501,,,reviews,reviews
budget mouse Huawei in white between ₹7887 and ₹9243 wireless with good quality,mouse,7887,9243,Huawei,white,value,value
best reviews macbook JBL below 174411 lightweight,laptop,0,174411,JBL,,reviews,reviews
value for money iphone starting from 33638-46412,phone,33638,46412,,,value,value
best reviews earphones starting from 872-25880 with good quality,headphone,872,25880,,,reviews,reviews
pick for me headphone between ₹8603 and ₹25668 durable,headphone,8603,25668,,,ranking,best
best reviews earbuds starting from 10236-21952 premium,headphone,10236,21952,,,reviews,reviews
recommended display starting from 22927-79616 durable,monitor,22927,79616,Microsoft,,ranking,best
pick for me screen between ₹22655 and ₹50833 gaming,monitor,22655,50833,,,ranking,best
value for money monitor Puma in white starting from 21138-34537,monitor,21138,34537,Puma,white,value,value
affordable wireless headphones ₹13971-38897 durable,headphone,13971,38897,,,value,value
value for money boots Apple under ₹15378 with good quality,shoe,0,15378,Apple,,value,value
good reviews ipad in brown between ₹14725 and ₹59059 gaming,tablet,14725,59059,,brown,reviews,reviews
please highest rated mechanical keyboard Adidas starting from 4525-15574,keyboard,4525,15574,Adidas,,reviews,reviews
top rated watch between ₹20057 and ₹54147 latest,watch,20057,54147,,,reviews,reviews
best dslr below 165656,camera,0,165656,,,ranking,best
affordable ultrabook under ₹104388 latest,laptop,0,104388,,silver,value,value
affordable speaker between ₹16872 and ₹45110 new,speaker,16872,45110,,,value,value
affordable tablet ASUS below 108192 gaming with good quality,tablet,0,108192,ASUS,,value,value
value for money mobile starting from 20365-59957 latest,phone,20365,59957,,gold,value,value
please budget smartwatch Fujifilm ₹13522-75961 premium,watch,13522,75961,Fujifilm,,value,value
please good reviews wireless headphones ASUS below 47540 durable,headphone,0,47540,ASUS,purple,reviews,reviews
value for money speaker Panasonic ₹2366-31958 gaming with good quality,speaker,2366,31958,Panasonic,,value,value
top rated mirrorless camera starting from 82540-164833 durable,camera,82540,164833,,gray,reviews,reviews
please highest rated headphone starting from 9733-28732,headphone,9733,28732,,,reviews,reviews
pick for me ipad Nikon ₹23730-86346 wireless with good quality,tablet,23730,86346,Nikon,,ranking,best
please top rated display under ₹28780 for students,monitor,0,28780,Sony,purple,reviews,reviews
best sneakers ₹5477-19621 gaming with good quality,shoe,5477,19621,,,ranking,best
please highest rated storage below 33461 premium,storage,0,33461,HP,gold,reviews,reviews
please cheap shoe ₹7047-7467 new,shoe,7047,7467,,,value,value
customer reviews headphones starting from 14608-19906 for office,headphone,14608,19906,,,reviews,reviews
affordable mobile MSI ₹22674-74487 wireless with good quality,phone,22674,74487,MSI,,value,value
please worth it bluetooth speaker in silver ₹801-19394 for office,speaker,801,19394,,silver,value,value
please worth it ssd OnePlus starting from 10603-23088 premium with good quality,storage,10603,23088,OnePlus,yellow,value,value
please recommended storage starting from 6169-24603 premium with good quality,storage,6169,24603,Marshall,,ranking,best
highest rated android phone New Balance ₹9056-49669 with good quality,phone,9056,49669,New Balance,,reviews,reviews
suggest display below 72421 gaming,monitor,0,72421,,,ranking,best
affordable boots below 9766,shoe,0,9766,,,value,value
good reviews storage between ₹7776 and ₹18137 new,storage,7776,18137,,,reviews,reviews
affordable mobile Realme between ₹20251 and ₹33269 new,phone,20251,33269,Realme,yellow,value,value
please highest rated watch starting from 19234-58907,watch,19234,58907,,,reviews,reviews
suggest earphones between ₹6397 and ₹42903,headphone,6397,42903,,,ranking,best
best smartphone starting from 15049-50509 durable,phone,15049,50509,Sony,,ranking,best
pick for me external drive below 12060 premium with good quality,storage,0,12060,,,ranking,best
worth it ssd in silver under ₹22916 durable with good quality,storage,0,22916,,silver,value,value
suggest phone between ₹14443 and ₹30991 latest with good quality,phone,14443,30991,,gray,ranking,best
top rated running shoes in silver under ₹6804 for office,shoe,0,6804,,silver,reviews,reviews
cheap fitness watch Audio-Technica between ₹15360 and ₹31116,watch,15360,31116,Audio-Technica,,value,value
cheap ultrabook below 159783 wireless,laptop,0,159783,,gray,value,value
please worth it android phone Apple under ₹62720 durable,phone,0,62720,Apple,,value,value
suggest storage in gold ₹3489-9175 for office with good quality,storage,3489,9175,Corsair,gold,ranking,best
cheap keyboard Lenovo starting from 1207-1534 gaming,keyboard,1207,1534,Lenovo,,value,value
please suggest display Realme in black starting from 25148-68667 for students,monitor,25148,68667,Realme,black,ranking,best
best overall mobile Sony in yellow under ₹34630 with good quality,phone,0,34630,Sony,yellow,ranking,best
suggest dslr SteelSeries between ₹46360 and ₹49913,camera,46360,49913,SteelSeries,navy,ranking,best
worth it fitness watch Western Digital in white between ₹17671 and ₹65625 wireless,watch,17671,65625,Western Digital,white,value,value
good reviews fitness watch OnePlus in gold ₹18594-52129 lightweight,watch,18594,52129,OnePlus,gold,reviews,reviews
recommended laptop in purple starting from 82981-94739 wireless,laptop,82981,94739,,purple,ranking,best
value for money screen below 32796 wireless,monitor,0,32796,,purple,value,value
please value for money watch starting from 19862-39057,watch,19862,39057,,,value,value
best overall mouse below 17654 new,mouse,0,17654,,,ranking,best
good reviews android tablet ₹22487-39214 durable,tablet,22487,39214,,,reviews,reviews
best reviews mechanical keyboard Fitbit starting from 7337-12972,keyboard,7337,12972,Fitbit,,reviews,reviews
please best speaker Xiaomi starting from 18380-48106 lightweight,speaker,18380,48106,Xiaomi,,ranking,best
affordable mechanical keyboard Corsair ₹7314-14434 for office with good quality,keyboard,7314,14434,Corsair,,value,value
please value for money headphone below 38498 lightweight,headphone,0,38498,,,value,value
worth it fitness watch ₹21794-32390 for students with good quality,watch,21794,32390,,,value,value
highest rated bluetooth speaker Fitbit under ₹34211,speaker,0,34211,Fitbit,gold,reviews,reviews
good reviews fitness watch Crucial in navy between ₹3557 and ₹50705 with good quality,watch,3557,50705,Crucial,navy,reviews,reviews
please best hdd under ₹40000 lightweight,storage,0,40000,Reebok,,ranking,best
please best overall gaming mouse Fitbit in green below 18915 premium,mouse,0,18915,Fitbit,green,ranking,best
cheap headphones Reebok under ₹49397 with good quality,headphone,0,49397,Reebok,,value,value
good reviews watch in blue ₹27236-61972 gaming,watch,27236,61972,,blue,reviews,reviews
pick for me watch between ₹21354 and ₹79915,watch,21354,79915,Google,,ranking,best
customer reviews display Fitbit starting from 26831-79021 premium,monitor,26831,79021,Fitbit,blue,reviews,reviews
highest rated speaker between ₹2195 and ₹13582,speaker,2195,13582,,gold,reviews,reviews
top rated keyboard Adidas below 13972 for office,keyboard,0,13972,Adidas,,reviews,reviews
please customer reviews screen under ₹62715,monitor,0,62715,,brown,reviews,reviews
affordable gaming mouse between ₹4635 and ₹5894 premium,mouse,4635,5894,,,value,value
pick for me headphones Acer between ₹11910 and ₹25610 premium with good quality,headphone,11910,25610,Acer,,ranking,best
good reviews bluetooth speaker Seagate between ₹15379 and ₹44046 latest,speaker,15379,44046,Seagate,,reviews,reviews
please good reviews gaming mouse under ₹16675 for office with good quality,mouse,0,16675,POCO,,reviews,reviews
recommended running shoes in purple between ₹4788 and ₹11622,shoe,4788,11622,,purple,ranking,best
pick for me mobile ₹12032-55882,phone,12032,55882,,,ranking,best
budget earphones Asics below 44761 gaming,headphone,0,44761,Asics,,value,value
value for money mobile Lenovo ₹28770-60938 gaming,phone,28770,60938,Lenovo,,value,value
customer reviews tablet between ₹30906 and ₹103547 wireless,tablet,30906,103547,,,reviews,reviews
budget keyboard Audio-Technica ₹6835-11335 lightweight,keyboard,6835,11335,Audio-Technica,red,value,value
value for money running shoes Nikon in gray between ₹4442 and ₹15022,shoe,4442,15022,Nikon,gray,value,value
please worth it ssd ASUS below 28717 wireless,storage,0,28717,ASUS,yellow,value,value
please best android tablet in black under ₹83958,tablet,0,83958,,black,ranking,best
customer reviews mouse in black between ₹4948 and ₹12233 new with good quality,mouse,4948,12233,,black,reviews,reviews
affordable fitness watch ₹19211-69916 lightweight with good quality,watch,19211,69916,,,value,value
please good reviews mirrorless camera Dell in orange under ₹242572 for students,camera,0,242572,Dell,orange,reviews,reviews
suggest tablet below 49271 for students,tablet,0,49271,Sony,,ranking,best
worth it earphones ₹8173-28928 new,headphone,8173,28928,,gray,value,value
affordable tablet below 95978,tablet,0,95978,,,value,value
affordable smartwatch in black below 52024,watch,0,52024,,black,value,value
value for money iphone Logitech under ₹49115,phone,0,49115,Logitech,,value,value
top rated computer Fitbit under ₹102851 durable,laptop,0,102851,Fitbit,,reviews,reviews
good reviews gaming mouse in navy between ₹4198 and ₹8725,mouse,4198,8725,,navy,reviews,reviews
value for money earbuds in white below 40257 for students,headphone,0,40257,,white,value,value
budget macbook SteelSeries ₹60381-86865,laptop,60381,86865,SteelSeries,,value,value
recommended keyboard in silver under ₹15348 with good quality,keyboard,0,15348,,silver,ranking,best
please best overall smartwatch Reebok below 65501,watch,0,65501,Reebok,,ranking,best
top rated mirrorless camera ₹18056-210227 for students,camera,18056,210227,,,reviews,reviews
please affordable ipad in brown ₹32456-32994 new with good quality,tablet,32456,32994,,brown,value,value
cheap laptop Corsair under ₹198110 lightweight,laptop,0,198110,Corsair,,value,value
good reviews dslr between ₹45646 and ₹207001 new,camera,45646,207001,,,reviews,reviews
best overall speaker ₹13478-30073 lightweight,speaker,13478,30073,,,ranking,best
worth it speaker under ₹19244,speaker,0,19244,,,value,value
please best reviews ipad in gray under ₹69509,tablet,0,69509,Corsair,gray,reviews,reviews
best reviews hdd Microsoft under ₹14351 latest,storage,0,14351,Microsoft,,reviews,reviews
please worth it earbuds below 21639,headphone,0,21639,Google,,value,value
please highest rated bluetooth speaker between ₹3567 and ₹35225 lightweight,speaker,3567,35225,Audio-Technica,blue,reviews,reviews
recommended hdd Reebok under ₹39257 gaming,storage,0,39257,Reebok,,ranking,best
please top rated gaming mouse ₹7119-19744,mouse,7119,19744,,,reviews,reviews
best sneakers Sony in silver below 17707 for office,shoe,0,17707,Sony,silver,ranking,best
affordable tablet ₹29021-56593 new,tablet,29021,56593,,,value,value
suggest camera Fossil between ₹62826 and ₹136377,camera,62826,136377,Fossil,black,ranking,best
recommended speaker below 31968 for office,speaker,0,31968,,,ranking,best
top rated monitor between ₹32451 and ₹54951 durable,monitor,32451,54951,Fujifilm,,reviews,reviews
please value for money display in white between ₹7038 and ₹52384,monitor,7038,52384,,white,value,value
affordable gaming mouse in purple under ₹12886 latest,mouse,0,12886,,purple,value,value
affordable earbuds in orange below 39919 for students,headphone,0,39919,,orange,value,value
value for money wireless headphones Lenovo starting from 1610-15128 for office,headphone,1610,15128,Lenovo,,value,value
recommended camera starting from 97190-204272 for office,camera,97190,204272,Western Digital,,ranking,best
please top rated display below 48282 for office with good quality,monitor,0,48282,,,reviews,reviews
please good reviews monitor below 17678,monitor,0,17678,,,reviews,reviews
please best reviews dslr Fossil below 126951 lightweight,camera,0,126951,Fossil,,reviews,reviews
worth it ipad JBL in gray between ₹9804 and ₹119386,tablet,9804,119386,JBL,gray,value,value
top rated ipad Corsair below 95896 lightweight with good quality,tablet,0,95896,Corsair,,reviews,reviews
affordable mirrorless camera between ₹56083 and ₹131588 new,camera,56083,131588,,gold,value,value
highest rated keyboard in yellow below 7938,keyboard,0,7938,,yellow,reviews,reviews
good reviews fitness watch Adidas starting from 19243-54179 premium,watch,19243,54179,Adidas,,reviews,reviews
suggest macbook starting from 84111-96504 for office,laptop,84111,96504,Asics,,ranking,best
best reviews bluetooth speaker under ₹40264 premium,speaker,0,40264,Panasonic,,reviews,reviews
value for money ultrabook ₹50709-132097 lightweight,laptop,50709,132097,,orange,value,value
suggest display MSI in black under ₹53430 latest,monitor,0,53430,MSI,black,ranking,best
good reviews phone between ₹20011 and ₹38009 premium,phone,20011,38009,,,reviews,reviews
best sneakers under ₹15805 for office,shoe,0,15805,,gray,ranking,best
highest rated macbook between ₹28630 and ₹154995 with good quality,laptop,28630,154995,,brown,reviews,reviews
please good reviews mouse starting from 1661-9656 with good quality,mouse,1661,9656,,,reviews,reviews
pick for me android phone in purple under ₹24526 durable,phone,0,24526,,purple,ranking,best
please affordable screen Bose in white below 50893 premium,monitor,0,50893,Bose,white,value,value
value for money computer in blue between ₹34790 and ₹183128 lightweight,laptop,34790,183128,Sony,blue,value,value
please good reviews phone Fitbit below 42944,phone,0,42944,Fitbit,,reviews,reviews
best reviews sneakers between ₹3279 and ₹7106 for students,shoe,3279,7106,,,reviews,reviews
please value for money notebook Sony below 157353 for students,laptop,0,157353,Sony,,value,value
suggest camera below 123875 gaming,camera,0,123875,,,ranking,best
please highest rated monitor ₹15858-47289,monitor,15858,47289,Xiaomi,,reviews,reviews
please cheap speaker starting from 19522-21258 wireless,speaker,19522,21258,,,value,value
value for money dslr starting from 18532-167531 gaming,camera,18532,167531,,,value,value
please cheap notebook Xiaomi between ₹79610 and ₹97953 latest,laptop,79610,97953,Xiaomi,brown,value,value
please pick for me smartphone below 55012 new with good quality,phone,0,55012,,orange,ranking,best
top rated headphones under ₹45548 premium with good quality,headphone,0,45548,,yellow,reviews,reviews
best reviews watch below 68594 lightweight,watch,0,68594,,,reviews,reviews
value for money bluetooth speaker between ₹14413 and ₹46155 latest with good quality,speaker,14413,46155,,,value,value
best laptop below 136641 latest,laptop,0,136641,,,ranking,best
highest rated bluetooth speaker Acer below 45478 for students,speaker,0,45478,Acer,,reviews,reviews
best overall earphones ₹8945-17333 latest,headphone,8945,17333,,green,ranking,best
customer reviews earphones under ₹46229 lightweight,headphone,0,46229,,blue,reviews,reviews
please budget storage below 26757 with good quality,storage,0,26757,Logitech,,value,value
please recommended running shoes in yellow under ₹19887 lightweight with good quality,shoe,0,19887,,yellow,ranking,best
please recommended earbuds ₹19479-37332 lightweight with good quality,headphone,19479,37332,,,ranking,best
please top rated android phone OnePlus between ₹11140 and ₹15054,phone,11140,15054,OnePlus,red,reviews,reviews
highest rated earbuds ₹5776-15957 new with good quality,headphone,5776,15957,,,reviews,reviews
worth it watch under ₹29972 lightweight,watch,0,29972,,blue,value,value
customer reviews shoe ₹5807-10167 for students,shoe,5807,10167,Motorola,,reviews,reviews
pick for me mobile in navy below 31121 for office,phone,0,31121,,navy,ranking,best
budget android phone between ₹19949 and ₹78592 latest,phone,19949,78592,,,value,value
cheap fitness watch in purple ₹22811-48269 for students,watch,22811,48269,Google,purple,value,value
please value for money camera Logitech in navy between ₹16973 and ₹45826 with good quality,camera,16973,45826,Logitech,navy,value,value
budget macbook Logitech under ₹172652 for office with good quality,laptop,0,172652,Logitech,,value,value
please worth it keyboard between ₹6511 and ₹12483,keyboard,6511,12483,Logitech,,value,value
affordable shoes in gray ₹5193-17822 latest,shoe,5193,17822,,gray,value,value
budget computer below 108679 gaming with good quality,laptop,0,108679,,,value,value
best overall mechanical keyboard Adidas starting from 907-14225 gaming,keyboard,907,14225,Adidas,,ranking,best
suggest gaming mouse Audio-Technica starting from 2631-15529 for office,mouse,2631,15529,Audio-Technica,,ranking,best
suggest watch in silver ₹3952-59855 gaming,watch,3952,59855,SteelSeries,silver,ranking,best
best phone Fitbit below 37090 gaming with good quality,phone,0,37090,Fitbit,,ranking,best
please pick for me monitor ₹4603-31025 for students,monitor,4603,31025,,,ranking,best
budget camera between ₹32145 and ₹35652 premium,camera,32145,35652,ASUS,,value,value
top rated fitness watch starting from 20528-22782 durable,watch,20528,22782,Reebok,,reviews,reviews
please pick for me speaker Razer below 35893 wireless,speaker,0,35893,Razer,,ranking,best
recommended boots New Balance under ₹11071 wireless,shoe,0,11071,New Balance,yellow,ranking,best
recommended watch in gray between ₹17976 and ₹58755 for office,watch,17976,58755,,gray,ranking,best
recommended smartwatch between ₹9385 and ₹14481 for office,watch,9385,14481,,red,ranking,best
please cheap phone under ₹74948,phone,0,74948,New Balance,,value,value
budget shoe Audio-Technica in black below 18566 for students,shoe,0,18566,Audio-Technica,black,value,value
good reviews shoes ₹1479-12373 durable,shoe,1479,12373,,blue,reviews,reviews
worth it earbuds Google in green starting from 18996-24084 with good quality,headphone,18996,24084,Google,green,value,value
pick for me smartphone ₹25465-27733 new with good quality,phone,25465,27733,Puma,white,ranking,best
top rated mouse JBL starting from 8124-9839,mouse,8124,9839,JBL,green,reviews,reviews
please cheap speaker in green under ₹43748 with good quality,speaker,0,43748,,green,value,value
please value for money mobile Samsung between ₹28758 and ₹35745,phone,28758,35745,Samsung,,value,value
customer reviews phone between ₹18217 and ₹47936 wireless,phone,18217,47936,Western Digital,,reviews,reviews
top rated monitor below 35392 gaming,monitor,0,35392,Fossil,,reviews,reviews
please cheap macbook in yellow under ₹151127 wireless,laptop,0,151127,,yellow,value,value
worth it monitor Crucial below 50887 new,monitor,0,50887,Crucial,,value,value
good reviews mouse under ₹5481 for office with good quality,mouse,0,5481,Huawei,,reviews,reviews
top rated smartphone under ₹50210 durable,phone,0,50210,,,reviews,reviews
top rated earbuds in blue under ₹27687 wireless,headphone,0,27687,Apple,blue,reviews,reviews
cheap mirrorless camera starting from 89455-160859 latest with good quality,camera,89455,160859,,,value,value
top rated phone Reebok ₹34146-65051 lightweight,phone,34146,65051,Reebok,,reviews,reviews
best mouse under ₹12985 for office,mouse,0,12985,Realme,,ranking,best
best overall sneakers New Balance ₹7436-13479 lightweight,shoe,7436,13479,New Balance,green,ranking,best
best storage Microsoft below 14066,storage,0,14066,Microsoft,red,ranking,best
cheap earphones below 32114,headphone,0,32114,,,value,value
pick for me gaming mouse Nikon in silver below 19590 for students,mouse,0,19590,Nikon,silver,ranking,best
customer reviews keyboard below 13126,keyboard,0,13126,,,reviews,reviews
pick for me monitor in white starting from 12961-39474 latest,monitor,12961,39474,,white,ranking,best
top rated phone Motorola ₹27907-36318 latest,phone,27907,36318,Motorola,,reviews,reviews
customer reviews tablet in green starting from 27808-80521 for students,tablet,27808,80521,,green,reviews,reviews
pick for me speaker under ₹25196,speaker,0,25196,,black,ranking,best
worth it laptop OnePlus below 115103 latest,laptop,0,115103,OnePlus,,value,value
please best android phone ₹34803-56413 for students,phone,34803,56413,,,ranking,best
value for money headphone below 20534 durable,headphone,0,20534,,,value,value
please customer reviews android tablet Acer ₹45549-52464 lightweight with good quality,tablet,45549,52464,Acer,,reviews,reviews
please highest rated bluetooth speaker Samsung ₹8828-36074 premium,speaker,8828,36074,Samsung,,reviews,reviews
suggest mechanical keyboard OnePlus in blue under ₹16926 new,keyboard,0,16926,OnePlus,blue,ranking,best
budget macbook ₹66142-180731 gaming with good quality,laptop,66142,180731,HP,,value,value
best overall screen Nike below 20459 gaming with good quality,monitor,0,20459,Nike,,ranking,best
pick for me speaker starting from 6528-31666 gaming with good quality,speaker,6528,31666,,,ranking,best
please best reviews ultrabook Crucial in green ₹44744-181320,laptop,44744,181320,Crucial,green,reviews,reviews
highest rated phone in gray starting from 8796-77119 new,phone,8796,77119,Motorola,gray,reviews,reviews
worth it storage Fitbit ₹15561-21229,storage,15561,21229,Fitbit,,value,value
pick for me ssd below 14381 with good quality,storage,0,14381,Lenovo,,ranking,best
suggest ultrabook Logitech in gold starting from 36482-199863 for students,laptop,36482,199863,Logitech,gold,ranking,best
please worth it mouse Sony below 14633 for students with good quality,mouse,0,14633,Sony,,value,value
please best reviews bluetooth speaker between ₹1188 and ₹15702 for students with good quality,speaker,1188,15702,Sennheiser,,reviews,reviews
please pick for me mechanical keyboard Xiaomi in black below 5851 durable,keyboard,0,5851,Xiaomi,black,ranking,best
please pick for me speaker starting from 6412-13862 new,speaker,6412,13862,,,ranking,best
best reviews hdd Sony under ₹21558 latest with good quality,storage,0,21558,Sony,,reviews,reviews
please best overall earphones Panasonic in orange ₹15114-25810,headphone,15114,25810,Panasonic,orange,ranking,best
best ssd Microsoft starting from 1300-25317 wireless with good quality,storage,1300,25317,Microsoft,brown,ranking,best
please recommended notebook Reebok between ₹54608 and ₹90103 durable,laptop,54608,90103,Reebok,gray,ranking,best
best overall notebook under ₹141884 with good quality,laptop,0,141884,,,ranking,best
please affordable keyboard Kingston ₹3747-7569 durable with good quality,keyboard,3747,7569,Kingston,gray,value,value
pick for me shoe Lenovo ₹954-13918 for students,shoe,954,13918,Lenovo,,ranking,best
please cheap storage in brown below 34855 for office with good quality,storage,0,34855,Adidas,brown,value,value
worth it iphone Nike ₹27983-54918 lightweight,phone,27983,54918,Nike,black,value,value
please worth it external drive Xiaomi in navy starting from 16326-18098 for students,storage,16326,18098,Xiaomi,navy,value,value
customer reviews hdd Acer between ₹3856 and ₹26329 new,storage,3856,26329,Acer,,reviews,reviews
customer reviews fitness watch Marshall starting from 15792-62137 latest,watch,15792,62137,Marshall,,reviews,reviews
worth it mouse Dell ₹7798-16312 durable,mouse,7798,16312,Dell,yellow,value,value
highest rated ultrabook Motorola starting from 87889-178808,laptop,87889,178808,Motorola,brown,reviews,reviews
best overall watch starting from 4705-29594 wireless,watch,4705,29594,Kingston,,ranking,best
best overall monitor starting from 6875-58069,monitor,6875,58069,,orange,ranking,best
budget shoe in yellow below 8323 durable with good quality,shoe,0,8323,,yellow,value,value
best keyboard Nikon ₹1564-18396 new,keyboard,1564,18396,Nikon,brown,ranking,best
budget speaker Kingston below 37576 for students,speaker,0,37576,Kingston,white,value,value
affordable macbook starting from 81412-162191 durable with good quality,laptop,81412,162191,Garmin,,value,value
recommended gaming mouse in purple ₹5784-6050 wireless,mouse,5784,6050,Dell,purple,ranking,best
please recommended wireless headphones in white ₹15607-42217 gaming,headphone,15607,42217,,white,ranking,best
suggest smartwatch in gray starting from 31893-49074 durable,watch,31893,49074,,gray,ranking,best
cheap bluetooth speaker starting from 2575-33056,speaker,2575,33056,,,value,value
worth it bluetooth speaker Audio-Technica between ₹3160 and ₹28159 with good quality,speaker,3160,28159,Audio-Technica,,value,value
please pick for me storage Canon ₹14211-36913 lightweight,storage,14211,36913,Canon,,ranking,best
best overall screen in red between ₹10250 and ₹36319 lightweight,monitor,10250,36319,POCO,red,ranking,best
suggest mechanical keyboard Puma below 5941 lightweight,keyboard,0,5941,Puma,,ranking,best
budget smartphone Canon in purple below 34647 for students,phone,0,34647,Canon,purple,value,value
value for money mouse Sony in yellow under ₹5084 for students,mouse,0,5084,Sony,yellow,value,value
customer reviews smartwatch starting from 4842-26028 new with good quality,watch,4842,26028,,,reviews,reviews
please good reviews bluetooth speaker under ₹13591 with good quality,speaker,0,13591,,,reviews,reviews
please cheap mechanical keyboard between ₹716 and ₹12865 gaming with good quality,keyboard,716,12865,,,value,value
best reviews headphones MSI ₹19826-30936 gaming,headphone,19826,30936,MSI,,reviews,reviews
pick for me mechanical keyboard below 7086 latest,keyboard,0,7086,,,ranking,best
please recommended footwear Huawei ₹4079-13545,shoe,4079,13545,Huawei,,ranking,best
affordable laptop Canon starting from 26531-131696 for students,laptop,26531,131696,Canon,yellow,value,value
best macbook ₹41570-122861 for students,laptop,41570,122861,POCO,,ranking,best
please worth it ssd in blue below 22176 for office,storage,0,22176,Garmin,blue,value,value
recommended tablet New Balance in gray starting from 11647-85145 for students with good quality,tablet,11647,85145,New Balance,gray,ranking,best
please budget earphones in brown starting from 18345-47680 with good quality,headphone,18345,47680,,brown,value,value
suggest bluetooth speaker Adidas ₹14608-18282 with good quality,speaker,14608,18282,Adidas,,ranking,best
highest rated earphones ₹1437-44021 wireless with good quality,headphone,1437,44021,Nike,,reviews,reviews
customer reviews screen between ₹19377 and ₹52005 latest,monitor,19377,52005,SteelSeries,,reviews,reviews
please best overall smartwatch starting from 15420-21283 for students,watch,15420,21283,Nikon,,ranking,best
best mirrorless camera Kingston in navy ₹64566-244863 for students with good quality,camera,64566,244863,Kingston,navy,ranking,best
budget keyboard in gray under ₹13092 for office,keyboard,0,13092,,gray,value,value
best mouse below 14064 with good quality,mouse,0,14064,,,ranking,best
top rated speaker Bose starting from 3526-29868 durable,speaker,3526,29868,Bose,,reviews,reviews
please affordable running shoes in black ₹5014-17984,shoe,5014,17984,,black,value,value
best reviews speaker Reebok ₹2707-21583,speaker,2707,21583,Reebok,,reviews,reviews
please top rated screen between ₹17509 and ₹23164,monitor,17509,23164,,,reviews,reviews
please best overall gaming mouse in silver between ₹7178 and ₹9116 premium,mouse,7178,9116,,silver,ranking,best
value for money headphone in navy under ₹49010 premium,headphone,0,49010,,navy,value,value
budget gaming mouse starting from 4274-15524 for students,mouse,4274,15524,,,value,value
value for money notebook JBL between ₹65339 and ₹133149 wireless with good quality,laptop,65339,133149,JBL,,value,value
pick for me earphones ₹15826-31084,headphone,15826,31084,Bose,blue,ranking,best
value for money storage ₹6246-28957 latest,storage,6246,28957,,black,value,value
budget camera New Balance in purple between ₹16569 and ₹151906 premium,camera,16569,151906,New Balance,purple,value,value
please highest rated watch Crucial below 32192 for students,watch,0,32192,Crucial,,reviews,reviews
worth it phone between ₹20187 and ₹72860 for office,phone,20187,72860,,brown,value,value
best storage starting from 4977-28571 latest,storage,4977,28571,Motorola,,ranking,best
suggest bluetooth speaker Corsair in navy below 15804 for students,speaker,0,15804,Corsair,navy,ranking,best
worth it keyboard below 15758,keyboard,0,15758,,,value,value
affordable display under ₹71946 lightweight,monitor,0,71946,,brown,value,value
best mechanical keyboard ₹1160-9953 gaming,keyboard,1160,9953,,,ranking,best
best overall watch starting from 15087-44516 for students,watch,15087,44516,,,ranking,best
highest rated display in green under ₹37907 latest,monitor,0,37907,,green,reviews,reviews
suggest ssd starting from 7814-37194 for students,storage,7814,37194,,,ranking,best
budget ssd in blue between ₹10876 and ₹11967,storage,10876,11967,,blue,value,value
pick for me android tablet Fossil in white below 85487,tablet,0,85487,Fossil,white,ranking,best
please value for money monitor Audio-Technica ₹4991-46619 premium with good quality,monitor,4991,46619,Audio-Technica,green,value,value
worth it monitor in orange ₹28590-61037 premium,monitor,28590,61037,,orange,value,value
please recommended camera Asics starting from 29047-193229 for students,camera,29047,193229,Asics,,ranking,best
highest rated mechanical keyboard in gray starting from 1135-11786 with good quality,keyboard,1135,11786,,gray,reviews,reviews
best overall mirrorless camera below 239009 new,camera,0,239009,ASUS,black,ranking,best
please customer reviews dslr starting from 92406-164042 wireless,camera,92406,164042,,,reviews,reviews
best reviews ultrabook under ₹64064 lightweight with good quality,laptop,0,64064,,,reviews,reviews
please recommended mouse Nikon ₹2217-7638,mouse,2217,7638,Nikon,brown,ranking,best
budget external drive JBL ₹11869-37555 for students with good quality,storage,11869,37555,JBL,gold,value,value
please value for money mechanical keyboard under ₹11357 durable with good quality,keyboard,0,11357,,,value,value
cheap speaker ₹12867-44546 premium,speaker,12867,44546,,,value,value
best overall display in yellow ₹15129-50111 premium,monitor,15129,50111,Puma,yellow,ranking,best
best reviews ultrabook between ₹85475 and ₹88643 premium,laptop,85475,88643,,,reviews,reviews
highest rated camera under ₹242445 for students,camera,0,242445,Motorola,,reviews,reviews
please good reviews fitness watch in navy below 71477 gaming,watch,0,71477,,navy,reviews,reviews
please best reviews headphone HP below 41814,headphone,0,41814,HP,,reviews,reviews
affordable headphones in silver below 17243 wireless,headphone,0,17243,Microsoft,silver,value,value
best notebook Puma under ₹151572 latest,laptop,0,151572,Puma,,ranking,best
please customer reviews shoes in gold below 14064 for office,shoe,0,14064,,gold,reviews,reviews
budget mechanical keyboard in gold below 4670 lightweight with good quality,keyboard,0,4670,,gold,value,value
highest rated bluetooth speaker Xiaomi starting from 3122-24212 gaming,speaker,3122,24212,Xiaomi,,reviews,reviews
value for money earbuds Fujifilm in yellow between ₹19479 and ₹31831 lightweight,headphone,19479,31831,Fujifilm,yellow,value,value
suggest screen Logitech below 37218 premium,monitor,0,37218,Logitech,green,ranking,best
value for money shoes ₹6085-14487 new,shoe,6085,14487,,,value,value
highest rated external drive Acer below 18930 lightweight with good quality,storage,0,18930,Acer,,reviews,reviews
please highest rated speaker Crucial under ₹9319 gaming,speaker,0,9319,Crucial,,reviews,reviews
customer reviews smartphone below 18191,phone,0,18191,,,reviews,reviews
please cheap shoe in navy below 19802 gaming with good quality,shoe,0,19802,,navy,value,value
please cheap display ₹11755-32122 durable,monitor,11755,32122,,red,value,value
cheap iphone Acer ₹15642-33011 lightweight,phone,15642,33011,Acer,,value,value
suggest notebook in gray below 166752 new,laptop,0,166752,,gray,ranking,best
best overall external drive between ₹1646 and ₹7892 premium,storage,1646,7892,,,ranking,best
please affordable running shoes between ₹1375 and ₹14021 with good quality,shoe,1375,14021,,,value,value
recommended mouse Seagate below 7427 durable with good quality,mouse,0,7427,Seagate,,ranking,best
cheap laptop Marshall under ₹179531 with good quality,laptop,0,179531,Marshall,,value,value
cheap mechanical keyboard in white under ₹19693 latest,keyboard,0,19693,,white,value,value
please highest rated boots ₹7345-11862 for students,shoe,7345,11862,,,reviews,reviews
please best reviews screen between ₹18869 and ₹41793 with good quality,monitor,18869,41793,,brown,reviews,reviews
best overall dslr in gray under ₹211444 latest,camera,0,211444,,gray,ranking,best
please value for money shoes ₹5813-12224 for students,shoe,5813,12224,,,value,value
best reviews mouse Kingston below 15199 for students,mouse,0,15199,Kingston,,reviews,reviews
please cheap smartwatch Nike under ₹74431 lightweight with good quality,watch,0,74431,Nike,,value,value
customer reviews running shoes in gold starting from 3201-12750 premium,shoe,3201,12750,,gold,reviews,reviews
highest rated mouse Google starting from 7982-17057,mouse,7982,17057,Google,,reviews,reviews
please highest rated smartphone starting from 33615-35383,phone,33615,35383,Samsung,,reviews,reviews
best reviews keyboard below 15289 latest with good quality,keyboard,0,15289,,,reviews,reviews
highest rated earphones in gray under ₹32063 for students with good quality,headphone,0,32063,Razer,gray,reviews,reviews
please highest rated smartwatch Xiaomi between ₹14295 and ₹16940 latest,watch,14295,16940,Xiaomi,,reviews,reviews
please affordable headphone in red under ₹25115 durable,headphone,0,25115,,red,value,value
please recommended boots ₹1531-18652,shoe,1531,18652,,,ranking,best
best reviews fitness watch ₹6949-59346 wireless,watch,6949,59346,,yellow,reviews,reviews
suggest android tablet between ₹21002 and ₹59221 gaming,tablet,21002,59221,New Balance,,ranking,best
recommended dslr below 181893 premium,camera,0,181893,Motorola,,ranking,best
affordable mouse Lenovo starting from 1310-16092 gaming,mouse,1310,16092,Lenovo,,value,value
suggest smartwatch under ₹65655 with good quality,watch,0,65655,,,ranking,best
suggest bluetooth speaker in gold under ₹15665 durable with good quality,speaker,0,15665,,gold,ranking,best
pick for me hdd starting from 1255-28978 gaming with good quality,storage,1255,28978,,,ranking,best
worth it computer between ₹74076 and ₹125026 new,laptop,74076,125026,,green,value,value
best overall hdd in gray under ₹20208,storage,0,20208,,gray,ranking,best
good reviews external drive starting from 4353-22306 wireless,storage,4353,22306,,,reviews,reviews
budget notebook Samsung ₹38949-183538 durable,laptop,38949,183538,Samsung,,value,value
best overall speaker in silver between ₹16041 and ₹23020 gaming,speaker,16041,23020,,silver,ranking,best
value for money ipad Lenovo between ₹27774 and ₹101300 lightweight with good quality,tablet,27774,101300,Lenovo,,value,value
please cheap mechanical keyboard POCO ₹4881-18346 durable,keyboard,4881,18346,POCO,,value,value
highest rated camera starting from 73912-99240 new,camera,73912,99240,,orange,reviews,reviews
please value for money running shoes ₹3074-5665,shoe,3074,5665,,,value,value
worth it phone Sennheiser in gray starting from 29287-34842 for students,phone,29287,34842,Sennheiser,gray,value,value
budget display below 75012 for students,monitor,0,75012,Fossil,,value,value
cheap hdd Nike below 19702 new,storage,0,19702,Nike,gold,value,value
please top rated boots in red starting from 4757-14324 for office,shoe,4757,14324,,red,reviews,reviews
please value for money watch ₹8245-55762 durable with good quality,watch,8245,55762,,,value,value
top rated storage Nike in brown below 2744 latest,storage,0,2744,Nike,brown,reviews,reviews
please affordable ssd under ₹15645 durable,storage,0,15645,,,value,value
best reviews gaming mouse starting from 4930-12343 latest,mouse,4930,12343,Marshall,,reviews,reviews
please suggest earphones in silver between ₹14794 and ₹45854 durable,headphone,14794,45854,,silver,ranking,best
recommended earbuds in navy below 27492 for office with good quality,headphone,0,27492,Seagate,navy,ranking,best
good reviews ipad below 53352 latest,tablet,0,53352,JBL,,reviews,reviews
best overall earphones in gray between ₹11777 and ₹17648 premium,headphone,11777,17648,,gray,ranking,best
value for money phone in navy between ₹26833 and ₹65932,phone,26833,65932,SteelSeries,navy,value,value
highest rated android tablet Fujifilm in blue ₹16488-36276 durable,tablet,16488,36276,Fujifilm,blue,reviews,reviews
budget tablet below 35194 with good quality,tablet,0,35194,Huawei,navy,value,value
pick for me keyboard in orange under ₹3871 lightweight,keyboard,0,3871,,orange,ranking,best
please cheap bluetooth speaker ₹7699-42854 new,speaker,7699,42854,,,value,value
best mechanical keyboard in silver ₹4103-5958 with good quality,keyboard,4103,5958,,silver,ranking,best
top rated speaker between ₹10865 and ₹30886 durable,speaker,10865,30886,,brown,reviews,reviews
worth it mirrorless camera MSI in red ₹71022-123183 gaming,camera,71022,123183,MSI,red,value,value
please customer reviews mechanical keyboard Seagate in purple below 15674 new,keyboard,0,15674,Seagate,purple,reviews,reviews
top rated smartwatch below 60272 for office,watch,0,60272,,,reviews,reviews
recommended storage in orange between ₹7607 and ₹28982 for students,storage,7607,28982,,orange,ranking,best
please customer reviews speaker in purple between ₹3717 and ₹3980 premium,speaker,3717,3980,Dell,purple,reviews,reviews
best reviews gaming mouse starting from 2916-9862 gaming with good quality,mouse,2916,9862,,orange,reviews,reviews
value for money mouse ASUS in gray ₹5848-12077 for students with good quality,mouse,5848,12077,ASUS,gray,value,value
highest rated speaker Nikon ₹13122-27834 for students with good quality,speaker,13122,27834,Nikon,,reviews,reviews
please affordable storage Logitech under ₹8983 with good quality,storage,0,8983,Logitech,,value,value
budget keyboard ₹687-15382 for students,keyboard,687,15382,Sennheiser,,value,value
affordable ssd ₹6948-25458 with good quality,storage,6948,25458,Panasonic,,value,value
worth it android tablet under ₹99191 gaming,tablet,0,99191,Audio-Technica,navy,value,value
best overall gaming mouse under ₹10171,mouse,0,10171,,silver,ranking,best
customer reviews keyboard below 9925 wireless,keyboard,0,9925,,yellow,reviews,reviews
please customer reviews mechanical keyboard Canon in green below 14269 for office with good quality,keyboard,0,14269,Canon,green,reviews,reviews
highest rated mouse below 15884 lightweight,mouse,0,15884,,,reviews,reviews
budget mouse Samsung in white starting from 3413-16355 latest,mouse,3413,16355,Samsung,white,value,value
affordable mouse Marshall ₹7073-8233 wireless,mouse,7073,8233,Marshall,green,value,value
good reviews iphone Huawei in navy between ₹9450 and ₹40811,phone,9450,40811,Huawei,navy,reviews,reviews
please suggest phone starting from 9389-49264 lightweight with good quality,phone,9389,49264,,,ranking,best
best mechanical keyboard in white under ₹10064 gaming with good quality,keyboard,0,10064,Fossil,white,ranking,best
highest rated shoe ASUS starting from 1575-19534 new,shoe,1575,19534,ASUS,,reviews,reviews
cheap mobile under ₹22815 lightweight,phone,0,22815,Sennheiser,,value,value
please highest rated phone Fossil starting from 8255-78744 with good quality,phone,8255,78744,Fossil,,reviews,reviews
please customer reviews keyboard ₹641-16910 lightweight with good quality,keyboard,641,16910,,,reviews,reviews
best tablet in red below 79824 new,tablet,0,79824,Sony,red,ranking,best
best reviews camera Canon ₹64353-92397,camera,64353,92397,Canon,black,reviews,reviews
best dslr below 151834 durable,camera,0,151834,,,ranking,best
please best overall smartphone Samsung starting from 29894-76654,phone,29894,76654,Samsung,,ranking,best
recommended hdd under ₹30302,storage,0,30302,Fujifilm,,ranking,best
best bluetooth speaker starting from 1460-39846 with good quality,speaker,1460,39846,,,ranking,best
best earphones starting from 2404-16835 wireless,headphone,2404,16835,Sony,white,ranking,best
affordable wireless headphones under ₹48806 durable,headphone,0,48806,Audio-Technica,,value,value
best overall earbuds Sony in gray under ₹42638 premium,headphone,0,42638,Sony,gray,ranking,best
please good reviews keyboard Crucial between ₹5181 and ₹16093 wireless,keyboard,5181,16093,Crucial,,reviews,reviews
budget footwear Sony between ₹4429 and ₹19500,shoe,4429,19500,Sony,,value,value
value for money camera ₹57271-108654,camera,57271,108654,,,value,value
customer reviews mechanical keyboard in silver between ₹6007 and ₹17875 latest,keyboard,6007,17875,,silver,reviews,reviews
recommended computer starting from 32927-135423 latest,laptop,32927,135423,,gray,ranking,best
value for money headphones ₹14335-46196 premium,headphone,14335,46196,,gold,value,value
best reviews headphones between ₹5129 and ₹18847 premium,headphone,5129,18847,Asics,,reviews,reviews
worth it external drive Puma in yellow ₹14712-32032 with good quality,storage,14712,32032,Puma,yellow,value,value
please recommended laptop under ₹99079 gaming,laptop,0,99079,Bose,,ranking,best
best mouse in red starting from 6444-18404 premium,mouse,6444,18404,Fossil,red,ranking,best
top rated ipad starting from 49987-60031 with good quality,tablet,49987,60031,,,reviews,reviews
please affordable storage starting from 14808-35821,storage,14808,35821,,,value,value
please top rated shoes in white below 7761 durable with good quality,shoe,0,7761,,white,reviews,reviews
pick for me shoes between ₹7857 and ₹13148,shoe,7857,13148,,,ranking,best
highest rated dslr between ₹78051 and ₹202368,camera,78051,202368,,,reviews,reviews
highest rated earbuds Corsair in brown below 26500 gaming,headphone,0,26500,Corsair,brown,reviews,reviews
highest rated bluetooth speaker in black between ₹2309 and ₹18862 durable with good quality,speaker,2309,18862,,black,reviews,reviews
worth it headphone Panasonic starting from 2250-37333,headphone,2250,37333,Panasonic,gray,value,value
good reviews hdd in silver starting from 4401-9336 lightweight,storage,4401,9336,,silver,reviews,reviews
highest rated camera Fossil between ₹50736 and ₹237549 new,camera,50736,237549,Fossil,,reviews,reviews
affordable earbuds Western Digital between ₹13315 and ₹33561 lightweight,headphone,13315,33561,Western Digital,,value,value
highest rated monitor Samsung starting from 11431-41395,monitor,11431,41395,Samsung,,reviews,reviews
cheap sneakers Puma starting from 3278-10892 gaming,shoe,3278,10892,Puma,,value,value
please affordable keyboard starting from 4847-13623 premium,keyboard,4847,13623,,,value,value
please suggest computer in gray starting from 58749-92389 with good quality,laptop,58749,92389,HP,gray,ranking,best
pick for me ipad below 38774 wireless,tablet,0,38774,,gold,ranking,best
highest rated mechanical keyboard Sennheiser under ₹12192 lightweight,keyboard,0,12192,Sennheiser,,reviews,reviews
customer reviews smartwatch below 32025 premium with good quality,watch,0,32025,Nike,,reviews,reviews
please good reviews mouse starting from 7587-16588,mouse,7587,16588,,gold,reviews,reviews
good reviews android tablet starting from 31602-116192 latest,tablet,31602,116192,,black,reviews,reviews
suggest shoes between ₹1574 and ₹7728 gaming,shoe,1574,7728,,,ranking,best
please pick for me gaming mouse between ₹4766 and ₹15743 wireless with good quality,mouse,4766,15743,,,ranking,best
value for money mirrorless camera between ₹23579 and ₹147993 lightweight,camera,23579,147993,,,value,value
worth it mechanical keyboard Audio-Technica between ₹3364 and ₹15407 lightweight,keyboard,3364,15407,Audio-Technica,,value,value
best reviews ipad in brown ₹30049-105772 for office,tablet,30049,105772,,brown,reviews,reviews
please customer reviews ipad under ₹77690 lightweight,tablet,0,77690,SteelSeries,blue,reviews,reviews
please best reviews keyboard starting from 7503-9837 for students,keyboard,7503,9837,,navy,reviews,reviews
highest rated sneakers New Balance in white below 3529,shoe,0,3529,New Balance,white,reviews,reviews
pick for me wireless headphones under ₹48670,headphone,0,48670,,,ranking,best
suggest headphones ₹11019-48619 latest,headphone,11019,48619,,,ranking,best
please best mouse Fossil in silver below 13922 with good quality,mouse,0,13922,Fossil,silver,ranking,best
customer reviews watch JBL ₹6384-41574 gaming,watch,6384,41574,JBL,,reviews,reviews
suggest ultrabook starting from 32768-63280 for students with good quality,laptop,32768,63280,,,ranking,best
best overall computer between ₹78553 and ₹155592 durable,laptop,78553,155592,,,ranking,best
recommended bluetooth speaker between ₹17962 and ₹29402 for students,speaker,17962,29402,,,ranking,best
suggest gaming mouse POCO ₹7507-14436 for office,mouse,7507,14436,POCO,,ranking,best
good reviews bluetooth speaker ₹11770-45933 wireless,speaker,11770,45933,Sony,,reviews,reviews
highest rated speaker in silver under ₹13840,speaker,0,13840,,silver,reviews,reviews
budget sneakers in brown starting from 5806-12532 latest,shoe,5806,12532,,brown,value,value
worth it keyboard in silver below 13033 durable with good quality,keyboard,0,13033,,silver,value,value
top rated external drive in purple ₹5963-8974 lightweight,storage,5963,8974,,purple,reviews,reviews
value for money watch in navy under ₹13681,watch,0,13681,JBL,navy,value,value
good reviews display between ₹16929 and ₹47752 for office with good quality,monitor,16929,47752,,blue,reviews,reviews
value for money ultrabook between ₹65588 and ₹190185 latest,laptop,65588,190185,,navy,value,value
customer reviews android phone New Balance in orange under ₹25436 gaming,phone,0,25436,New Balance,orange,reviews,reviews
affordable monitor under ₹41572 lightweight,monitor,0,41572,Fitbit,,value,value
cheap headphones below 30266 premium with good quality,headphone,0,30266,,,value,value
top rated dslr starting from 73662-89711 new,camera,73662,89711,,,reviews,reviews
recommended tablet in white ₹45354-59944 gaming,tablet,45354,59944,,white,ranking,best
best bluetooth speaker POCO between ₹17125 and ₹30800,speaker,17125,30800,POCO,,ranking,best
please top rated phone ₹29010-53023 for students,phone,29010,53023,,,reviews,reviews
highest rated android tablet starting from 36925-106712 with good quality,tablet,36925,106712,,,reviews,reviews
top rated mechanical keyboard in blue between ₹8116 and ₹13699,keyboard,8116,13699,,blue,reviews,reviews
affordable mouse Samsung between ₹7619 and ₹16110 new,mouse,7619,16110,Samsung,,value,value
please customer reviews gaming mouse below 8662 premium,mouse,0,8662,Lenovo,,reviews,reviews
cheap smartwatch in purple below 30543 latest,watch,0,30543,Microsoft,purple,value,value
please suggest dslr between ₹44228 and ₹138332,camera,44228,138332,Adidas,,ranking,best
recommended gaming mouse in navy below 10237 premium with good quality,mouse,0,10237,Sony,navy,ranking,best
value for money smartwatch ASUS ₹32243-67288,watch,32243,67288,ASUS,white,value,value
best overall external drive Dell between ₹15901 and ₹27458,storage,15901,27458,Dell,,ranking,best
budget screen between ₹30586 and ₹65220,monitor,30586,65220,,,value,value
please budget tablet Apple in white starting from 18276-82179,tablet,18276,82179,Apple,white,value,value
customer reviews android phone Huawei starting from 29185-59992 new with good quality,phone,29185,59992,Huawei,,reviews,reviews
please cheap sneakers in gray between ₹6753 and ₹17120,shoe,6753,17120,,gray,value,value
value for money boots between ₹5341 and ₹10156 with good quality,shoe,5341,10156,,,value,value
suggest wireless headphones ASUS between ₹15336 and ₹42600,headphone,15336,42600,ASUS,yellow,ranking,best
budget smartwatch Asics ₹25993-72841 gaming,watch,25993,72841,Asics,,value,value
best screen in purple below 34925 for students,monitor,0,34925,,purple,ranking,best
suggest android tablet Panasonic between ₹40339 and ₹48681,tablet,40339,48681,Panasonic,,ranking,best
affordable gaming mouse below 9353 gaming,mouse,0,9353,,green,value,value
please pick for me computer Western Digital in black between ₹75890 and ₹135125 latest,laptop,75890,135125,Western Digital,black,ranking,best
please best ultrabook in blue below 124025 for students,laptop,0,124025,Panasonic,blue,ranking,best
good reviews watch Dell below 57120,watch,0,57120,Dell,,reviews,reviews
customer reviews tablet Fossil starting from 35181-102093 latest,tablet,35181,102093,Fossil,,reviews,reviews
good reviews sneakers Reebok starting from 1527-13869 premium with good quality,shoe,1527,13869,Reebok,white,reviews,reviews
affordable camera under ₹165133 durable,camera,0,165133,,,value,value
best overall speaker under ₹37442 gaming with good quality,speaker,0,37442,,,ranking,best
please recommended notebook Reebok in brown starting from 69955-159004 for students,laptop,69955,159004,Reebok,brown,ranking,best
please worth it android tablet in red below 85661 wireless,tablet,0,85661,Fitbit,red,value,value
please top rated screen Dell starting from 32858-41912 durable with good quality,monitor,32858,41912,Dell,,reviews,reviews
highest rated camera ₹52233-124473 lightweight,camera,52233,124473,Panasonic,brown,reviews,reviews
worth it camera Canon ₹54894-190958 wireless,camera,54894,190958,Canon,,value,value
customer reviews keyboard New Balance starting from 7180-17371,keyboard,7180,17371,New Balance,green,reviews,reviews
best overall earphones under ₹47065,headphone,0,47065,,green,ranking,best
budget mouse Audio-Technica starting from 1023-5212,mouse,1023,5212,Audio-Technica,,value,value
please pick for me speaker below 10523 durable,speaker,0,10523,JBL,,ranking,best
affordable external drive in green starting from 15471-32737 wireless,storage,15471,32737,Logitech,green,value,value
affordable watch in gray starting from 28051-71903 latest with good quality,watch,28051,71903,,gray,value,value
please highest rated external drive starting from 11676-25781 for office with good quality,storage,11676,25781,Sennheiser,,reviews,reviews
highest rated camera Marshall in green below 46565 durable,camera,0,46565,Marshall,green,reviews,reviews
suggest laptop MSI in purple ₹62463-153784 new,laptop,62463,153784,MSI,purple,ranking,best
pick for me mechanical keyboard HP ₹7323-10567,keyboard,7323,10567,HP,,ranking,best
best ssd ₹4394-17993 durable with good quality,storage,4394,17993,,,ranking,best
pick for me display Bose in purple between ₹21325 and ₹39040 for office with good quality,monitor,21325,39040,Bose,purple,ranking,best
please best reviews sneakers in purple between ₹1583 and ₹5487,shoe,1583,5487,,purple,reviews,reviews
budget shoe under ₹12895 latest with good quality,shoe,0,12895,,,value,value
top rated computer SteelSeries between ₹47226 and ₹100160 with good quality,laptop,47226,100160,SteelSeries,,reviews,reviews
please pick for me ipad OnePlus in blue between ₹19771 and ₹74204 latest,tablet,19771,74204,OnePlus,blue,ranking,best
highest rated watch below 37621 premium,watch,0,37621,Adidas,red,reviews,reviews
pick for me external drive Nikon starting from 1126-1830 for office,storage,1126,1830,Nikon,,ranking,best
recommended iphone in gold below 50481,phone,0,50481,,gold,ranking,best
best overall ipad between ₹49264 and ₹98036,tablet,49264,98036,,,ranking,best
value for money camera Reebok starting from 50902-100475 premium,camera,50902,100475,Reebok,,value,value
budget ssd Microsoft under ₹13854 new,storage,0,13854,Microsoft,,value,value
best reviews fitness watch Kingston in green below 50707,watch,0,50707,Kingston,green,reviews,reviews
suggest fitness watch in brown under ₹77206 wireless with good quality,watch,0,77206,,brown,ranking,best
best reviews speaker in brown between ₹15245 and ₹19474,speaker,15245,19474,Nikon,brown,reviews,reviews
please affordable tablet starting from 45053-106948 durable,tablet,45053,106948,,,value,value
customer reviews screen below 43946 new,monitor,0,43946,Sony,,reviews,reviews
affordable mouse JBL starting from 2049-10354 for office,mouse,2049,10354,JBL,,value,value
suggest external drive below 19000 with good quality,storage,0,19000,,,ranking,best
customer reviews smartwatch Fossil between ₹29544 and ₹53905 latest,watch,29544,53905,Fossil,,reviews,reviews
good reviews notebook under ₹184748,laptop,0,184748,,,reviews,reviews
worth it speaker Asics in gray below 9357 latest,speaker,0,9357,Asics,gray,value,value
recommended mechanical keyboard Nikon starting from 4592-16101 durable,keyboard,4592,16101,Nikon,blue,ranking,best
value for money smartphone Western Digital under ₹54033 for office,phone,0,54033,Western Digital,,value,value
customer reviews dslr between ₹38513 and ₹205368 new with good quality,camera,38513,205368,Adidas,,reviews,reviews
recommended watch starting from 7906-56392,watch,7906,56392,,,ranking,best
highest rated storage under ₹5127 wireless,storage,0,5127,Fossil,,reviews,reviews
affordable screen Corsair in red between ₹7702 and ₹72135 wireless,monitor,7702,72135,Corsair,red,value,value
worth it mouse below 10234 for students with good quality,mouse,0,10234,,,value,value
please cheap computer ₹38116-54459 new,laptop,38116,54459,,,value,value
cheap smartphone below 39444 lightweight with good quality,phone,0,39444,,,value,value
please highest rated mechanical keyboard POCO below 7216 gaming,keyboard,0,7216,POCO,orange,reviews,reviews
top rated headphones below 49771 for office,headphone,0,49771,,,reviews,reviews
worth it tablet Bose in blue below 35742 for students,tablet,0,35742,Bose,blue,value,value
highest rated mouse between ₹3559 and ₹17464,mouse,3559,17464,,,reviews,reviews
please best reviews monitor between ₹13851 and ₹40768 gaming with good quality,monitor,13851,40768,,,reviews,reviews
pick for me hdd Microsoft below 34495 wireless with good quality,storage,0,34495,Microsoft,,ranking,best
best reviews gaming mouse in orange below 7175 for office,mouse,0,7175,,orange,reviews,reviews
highest rated boots below 14233,shoe,0,14233,,,reviews,reviews
pick for me headphone in brown starting from 1312-21162 lightweight with good quality,headphone,1312,21162,,brown,ranking,best
please worth it running shoes Razer ₹5270-19843 new,shoe,5270,19843,Razer,,value,value
please best speaker in yellow under ₹28372 for students,speaker,0,28372,,yellow,ranking,best
good reviews camera below 229847 gaming,camera,0,229847,New Balance,,reviews,reviews
please pick for me sneakers starting from 3599-15416,shoe,3599,15416,,,ranking,best
suggest mouse below 14137 for office,mouse,0,14137,Fujifilm,,ranking,best
pick for me smartwatch in orange under ₹68401,watch,0,68401,,orange,ranking,best
please highest rated smartphone Seagate below 63023 new with good quality,phone,0,63023,Seagate,,reviews,reviews
top rated wireless headphones starting from 3007-28305 wireless with good quality,headphone,3007,28305,,,reviews,reviews
pick for me storage in white between ₹4577 and ₹17691,storage,4577,17691,,white,ranking,best
affordable mouse starting from 6717-12151 gaming,mouse,6717,12151,,gray,value,value
suggest ssd Acer below 10214 wireless,storage,0,10214,Acer,,ranking,best
worth it iphone below 57246 wireless with good quality,phone,0,57246,Logitech,,value,value
best mobile below 70752 durable,phone,0,70752,,,ranking,best
please worth it dslr between ₹63249 and ₹169157 durable with good quality,camera,63249,169157,,,value,value
please highest rated gaming mouse between ₹5469 and ₹7336 new with good quality,mouse,5469,7336,Fossil,orange,reviews,reviews
suggest iphone in white below 22526 gaming,phone,0,22526,,white,ranking,best
please suggest android tablet Corsair in brown ₹16217-35756 for office,tablet,16217,35756,Corsair,brown,ranking,best
good reviews boots ₹2101-10222 with good quality,shoe,2101,10222,,navy,reviews,reviews
affordable computer ₹66581-196147 durable,laptop,66581,196147,,,value,value
value for money display OnePlus under ₹26972 lightweight with good quality,monitor,0,26972,OnePlus,silver,value,value
please cheap hdd ₹12709-29065,storage,12709,29065,,,value,value
budget mirrorless camera starting from 81710-237259 for office with good quality,camera,81710,237259,Asics,navy,value,value
best overall keyboard Huawei starting from 7094-16327 for office,keyboard,7094,16327,Huawei,orange,ranking,best
please best reviews display below 35790 for students,monitor,0,35790,Marshall,,reviews,reviews
value for money mouse Dell below 15360 wireless,mouse,0,15360,Dell,white,value,value
worth it bluetooth speaker Panasonic in brown between ₹18874 and ₹49182 for office,speaker,18874,49182,Panasonic,brown,value,value
customer reviews camera Asics in black between ₹87864 and ₹182017 gaming,camera,87864,182017,Asics,black,reviews,reviews
cheap watch Realme under ₹20951 lightweight,watch,0,20951,Realme,,value,value
top rated external drive below 19469,storage,0,19469,,purple,reviews,reviews
affordable smartwatch in yellow below 35402 premium,watch,0,35402,,yellow,value,value
best reviews hdd Logitech below 16722 durable,storage,0,16722,Logitech,,reviews,reviews
cheap mechanical keyboard ₹6644-10613,keyboard,6644,10613,,,value,value
good reviews macbook in red below 115871 with good quality,laptop,0,115871,,red,reviews,reviews
please best overall wireless headphones ₹4245-5503 lightweight,headphone,4245,5503,,,ranking,best
top rated smartwatch below 77892,watch,0,77892,,,reviews,reviews
budget shoe Audio-Technica in yellow under ₹2985 wireless,shoe,0,2985,Audio-Technica,yellow,value,value
budget computer Marshall in orange below 195751,laptop,0,195751,Marshall,orange,value,value
please good reviews running shoes OnePlus between ₹2337 and ₹12740 lightweight with good quality,shoe,2337,12740,OnePlus,,reviews,reviews
please top rated smartwatch Puma under ₹54931 new,watch,0,54931,Puma,,reviews,reviews
best reviews hdd Acer starting from 13449-18457 with good quality,storage,13449,18457,Acer,brown,reviews,reviews
worth it iphone ₹32854-69708,phone,32854,69708,Asics,,value,value
pick for me display under ₹76883 lightweight with good quality,monitor,0,76883,,,ranking,best
recommended gaming mouse Nikon under ₹10141 new,mouse,0,10141,Nikon,,ranking,best
recommended mirrorless camera between ₹96567 and ₹216368 durable with good quality,camera,96567,216368,,,ranking,best
value for money mouse between ₹6048 and ₹6904,mouse,6048,6904,,,value,value
budget gaming mouse in gold under ₹11176 wireless,mouse,0,11176,Seagate,gold,value,value
please good reviews display Seagate ₹11467-79373 latest,monitor,11467,79373,Seagate,black,reviews,reviews
cheap display between ₹33338 and ₹56237,monitor,33338,56237,,black,value,value
worth it footwear Razer starting from 4184-11855 premium with good quality,shoe,4184,11855,Razer,,value,value
highest rated phone in black under ₹42910,phone,0,42910,,black,reviews,reviews
worth it android phone in white under ₹46790 with good quality,phone,0,46790,,white,value,value
please highest rated storage between ₹8921 and ₹11802 for office,storage,8921,11802,,,reviews,reviews
please top rated monitor under ₹24985 for students with good quality,monitor,0,24985,HP,,reviews,reviews
affordable monitor below 43202 for office,monitor,0,43202,,,value,value
budget mouse under ₹12208 lightweight with good quality,mouse,0,12208,,,value,value
cheap monitor Kingston ₹23329-61108,monitor,23329,61108,Kingston,,value,value
best reviews keyboard below 11714 wireless with good quality,keyboard,0,11714,Realme,gold,reviews,reviews
please highest rated smartphone Bose below 12890,phone,0,12890,Bose,,reviews,reviews
please highest rated fitness watch below 14812 gaming,watch,0,14812,,,reviews,reviews
top rated laptop starting from 32157-199339 with good quality,laptop,32157,199339,Asics,,reviews,reviews
value for money shoe Dell between ₹5576 and ₹9116,shoe,5576,9116,Dell,,value,value
budget ultrabook in silver starting from 89640-121866 premium with good quality,laptop,89640,121866,,silver,value,value
cheap dslr MSI below 247223 new,camera,0,247223,MSI,,value,value
best overall tablet MSI between ₹34311 and ₹103974 new,tablet,34311,103974,MSI,,ranking,best
best overall bluetooth speaker Puma below 30147,speaker,0,30147,Puma,blue,ranking,best
suggest bluetooth speaker Garmin in gold under ₹13848,speaker,0,13848,Garmin,gold,ranking,best
highest rated speaker below 28807 for students,speaker,0,28807,,,reviews,reviews
please highest rated headphones in gray ₹20044-28281 latest,headphone,20044,28281,,gray,reviews,reviews
highest rated mechanical keyboard below 16721 lightweight,keyboard,0,16721,,gold,reviews,reviews
please best reviews speaker under ₹39873 wireless with good quality,speaker,0,39873,,,reviews,reviews
affordable smartwatch Sony under ₹18508 lightweight,watch,0,18508,Sony,,value,value
good reviews shoe in red between ₹6275 and ₹19484 for office,shoe,6275,19484,Google,red,reviews,reviews
worth it android tablet starting from 27473-59985,tablet,27473,59985,,,value,value
best overall computer Seagate between ₹53008 and ₹77012 wireless,laptop,53008,77012,Seagate,orange,ranking,best
budget smartwatch ₹17815-75414,watch,17815,75414,,silver,value,value
recommended speaker below 22376 with good quality,speaker,0,22376,,,ranking,best
please pick for me tablet in orange ₹39181-90166,tablet,39181,90166,,orange,ranking,best
pick for me boots in yellow below 7014 new,shoe,0,7014,JBL,yellow,ranking,best
cheap macbook below 133071,laptop,0,133071,Kingston,silver,value,value
recommended dslr in purple below 237220 with good quality,camera,0,237220,Lenovo,purple,ranking,best
cheap monitor POCO under ₹35417 premium,monitor,0,35417,POCO,,value,value
affordable iphone Fitbit between ₹25102 and ₹50557 for students,phone,25102,50557,Fitbit,,value,value
value for money smartphone starting from 26605-63467 latest,phone,26605,63467,,black,value,value
top rated monitor below 74627 lightweight,monitor,0,74627,,,reviews,reviews
suggest android phone starting from 33139-43818 latest,phone,33139,43818,,,ranking,best
best storage Kingston in red below 38400,storage,0,38400,Kingston,red,ranking,best
budget notebook below 62209 gaming,laptop,0,62209,Garmin,,value,value
please best overall mechanical keyboard under ₹10380 lightweight,keyboard,0,10380,,,ranking,best
please cheap mechanical keyboard Marshall under ₹5214 wireless with good quality,keyboard,0,5214,Marshall,,value,value
highest rated display in orange between ₹20897 and ₹67015 gaming,monitor,20897,67015,Corsair,orange,reviews,reviews
please good reviews earphones ASUS starting from 6566-23025 for office,headphone,6566,23025,ASUS,,reviews,reviews
best overall smartwatch Samsung in brown between ₹2489 and ₹43120,watch,2489,43120,Samsung,brown,ranking,best
please customer reviews dslr below 149714,camera,0,149714,Fujifilm,,reviews,reviews
best overall storage starting from 8235-26651,storage,8235,26651,,green,ranking,best
pick for me fitness watch Canon in white ₹2989-55000 for office with good quality,watch,2989,55000,Canon,white,ranking,best
please best mouse below 12167 lightweight,mouse,0,12167,Crucial,,ranking,best
please pick for me smartwatch starting from 31553-48705 for students with good quality,watch,31553,48705,,,ranking,best
worth it bluetooth speaker below 40111 with good quality,speaker,0,40111,,white,value,value
pick for me shoes below 18356 with good quality,shoe,0,18356,,,ranking,best
best smartwatch Panasonic starting from 6256-39114,watch,6256,39114,Panasonic,,ranking,best
best gaming mouse in green under ₹16213 latest,mouse,0,16213,Motorola,green,ranking,best
recommended camera in blue ₹38500-109129 lightweight,camera,38500,109129,,blue,ranking,best
please top rated mechanical keyboard Kingston ₹7592-19590,keyboard,7592,19590,Kingston,,reviews,reviews
suggest camera starting from 70345-78772 for students,camera,70345,78772,Lenovo,,ranking,best
affordable mirrorless camera ₹62014-124699 new,camera,62014,124699,,brown,value,value
good reviews earphones under ₹46148 wireless,headphone,0,46148,,,reviews,reviews
highest rated headphones Xiaomi under ₹49804 with good quality,headphone,0,49804,Xiaomi,,reviews,reviews
recommended tablet below 96551,tablet,0,96551,,,ranking,best
please best keyboard ₹1504-11994 new,keyboard,1504,11994,,,ranking,best
affordable bluetooth speaker in green ₹9272-32482 wireless,speaker,9272,32482,,green,value,value
value for money camera ASUS ₹42234-193620 wireless,camera,42234,193620,ASUS,gold,value,value
good reviews bluetooth speaker ₹13004-44257,speaker,13004,44257,,,reviews,reviews
please worth it keyboard ₹8104-13907 gaming,keyboard,8104,13907,Nike,,value,value
customer reviews wireless headphones starting from 18141-22743 premium,headphone,18141,22743,,,reviews,reviews
affordable headphones Nike starting from 18953-31008 durable,headphone,18953,31008,Nike,orange,value,value
please recommended bluetooth speaker in silver starting from 10803-38192 premium with good quality,speaker,10803,38192,Reebok,silver,ranking,best
best keyboard under ₹3329,keyboard,0,3329,,,ranking,best
highest rated dslr Logitech below 211346 gaming,camera,0,211346,Logitech,,reviews,reviews
best reviews wireless headphones between ₹12152 and ₹42159 for students with good quality,headphone,12152,42159,Kingston,,reviews,reviews
customer reviews mechanical keyboard New Balance ₹3359-16581,keyboard,3359,16581,New Balance,,reviews,reviews
cheap mechanical keyboard under ₹16752 durable,keyboard,0,16752,,,value,value
budget bluetooth speaker between ₹19908 and ₹23740,speaker,19908,23740,Puma,,value,value
best reviews external drive ₹14135-36748 gaming,storage,14135,36748,,,reviews,reviews
value for money mouse under ₹17500 for students with good quality,mouse,0,17500,Marshall,,value,value
recommended gaming mouse OnePlus under ₹15943,mouse,0,15943,OnePlus,,ranking,best
please highest rated smartphone between ₹31953 and ₹57233 premium with good quality,phone,31953,57233,,,reviews,reviews
please suggest fitness watch POCO under ₹35016 wireless with good quality,watch,0,35016,POCO,,ranking,best
please pick for me android tablet between ₹23402 and ₹30634 durable,tablet,23402,30634,,green,ranking,best
best ultrabook ₹74350-198814 latest with good quality,laptop,74350,198814,ASUS,,ranking,best
budget tablet between ₹49920 and ₹111151 wireless with good quality,tablet,49920,111151,,,value,value
recommended shoes in silver between ₹6282 and ₹15612,shoe,6282,15612,,silver,ranking,best
good reviews display Garmin under ₹32303 for students,monitor,0,32303,Garmin,gray,reviews,reviews
best reviews mobile Apple in gray starting from 22024-29154 premium,phone,22024,29154,Apple,gray,reviews,reviews
best iphone in green ₹28859-45414 durable with good quality,phone,28859,45414,Garmin,green,ranking,best
please best overall headphone starting from 19312-21801,headphone,19312,21801,,,ranking,best
highest rated external drive ₹10821-18964 new with good quality,storage,10821,18964,,silver,reviews,reviews
suggest storage Huawei starting from 14651-37991 latest with good quality,storage,14651,37991,Huawei,,ranking,best
good reviews wireless headphones in green starting from 7689-18398 premium,headphone,7689,18398,,green,reviews,reviews
best overall footwear below 16816 for students,shoe,0,16816,,,ranking,best
please value for money keyboard starting from 3118-19125,keyboard,3118,19125,,,value,value
recommended android tablet Puma between ₹35721 and ₹63669 for office,tablet,35721,63669,Puma,,ranking,best
suggest fitness watch Bose ₹16910-27969 lightweight,watch,16910,27969,Bose,,ranking,best
highest rated android tablet ASUS under ₹104847 for office,tablet,0,104847,ASUS,,reviews,reviews
affordable screen Asics ₹16007-23299 for office,monitor,16007,23299,Asics,,value,value
affordable mouse Audio-Technica in navy between ₹8049 and ₹11995 for office with good quality,mouse,8049,11995,Audio-Technica,navy,value,value
please customer reviews gaming mouse OnePlus in brown between ₹3273 and ₹15044,mouse,3273,15044,OnePlus,brown,reviews,reviews
please customer reviews shoes ASUS in gray ₹2553-4634 new,shoe,2553,4634,ASUS,gray,reviews,reviews
best overall smartphone Realme below 76893 gaming,phone,0,76893,Realme,navy,ranking,best
please affordable earphones starting from 9329-11205 with good quality,headphone,9329,11205,,,value,value
affordable mechanical keyboard POCO starting from 2908-19453 for students,keyboard,2908,19453,POCO,,value,value
best overall camera Acer between ₹68548 and ₹248128 for office,camera,68548,248128,Acer,,ranking,best
best reviews storage MSI in red starting from 13896-34845 premium with good quality,storage,13896,34845,MSI,red,reviews,reviews
please worth it computer Xiaomi starting from 86962-127030,laptop,86962,127030,Xiaomi,,value,value
please top rated monitor Dell between ₹17637 and ₹43904 wireless with good quality,monitor,17637,43904,Dell,green,reviews,reviews
please worth it mirrorless camera in gold ₹62608-199110,camera,62608,199110,,gold,value,value
best gaming mouse in black starting from 6072-19318,mouse,6072,19318,,black,ranking,best
budget android tablet in gold under ₹114279 durable,tablet,0,114279,,gold,value,value
worth it earphones in red below 40039 durable with good quality,headphone,0,40039,Western Digital,red,value,value
please best reviews shoe POCO in navy below 3495 gaming,shoe,0,3495,POCO,navy,reviews,reviews
worth it camera starting from 20725-97232 premium with good quality,camera,20725,97232,,,value,value
suggest iphone Marshall starting from 11683-35860 lightweight,phone,11683,35860,Marshall,,ranking,best
best fitness watch starting from 1455-2402 new,watch,1455,2402,Seagate,,ranking,best
best reviews ipad in green starting from 42707-74162 with good quality,tablet,42707,74162,,green,reviews,reviews
best overall headphones in purple ₹4521-35208 for students,headphone,4521,35208,,purple,ranking,best
please budget wireless headphones Crucial in brown between ₹17828 and ₹18344 new,headphone,17828,18344,Crucial,brown,value,value
best running shoes Kingston starting from 2257-11150 gaming with good quality,shoe,2257,11150,Kingston,,ranking,best
pick for me laptop in red ₹39433-68915 wireless,laptop,39433,68915,,red,ranking,best
pick for me computer starting from 31652-53725 for office,laptop,31652,53725,,,ranking,best
suggest ssd below 25103 wireless with good quality,storage,0,25103,OnePlus,,ranking,best
highest rated running shoes Puma below 17522 latest,shoe,0,17522,Puma,,reviews,reviews
suggest ipad Razer in white between ₹30460 and ₹34260 wireless,tablet,30460,34260,Razer,white,ranking,best
top rated display under ₹58988 lightweight,monitor,0,58988,Fujifilm,,reviews,reviews
best speaker Puma in gold ₹11349-33023,speaker,11349,33023,Puma,gold,ranking,best
please recommended hdd under ₹37669 new with good quality,storage,0,37669,Huawei,,ranking,best
worth it boots Realme under ₹3645 premium with good quality,shoe,0,3645,Realme,,value,value
top rated bluetooth speaker ₹3344-9358 gaming,speaker,3344,9358,Lenovo,,reviews,reviews
cheap keyboard under ₹7552 latest,keyboard,0,7552,,,value,value
value for money speaker under ₹22026,speaker,0,22026,Dell,,value,value
please best reviews external drive Sennheiser between ₹15780 and ₹18313 latest with good quality,storage,15780,18313,Sennheiser,,reviews,reviews
please best reviews smartphone Acer in silver below 35679 wireless,phone,0,35679,Acer,silver,reviews,reviews
cheap macbook Fossil in blue starting from 34749-50499 premium,laptop,34749,50499,Fossil,blue,value,value
highest rated smartwatch ₹6816-31942 with good quality,watch,6816,31942,,,reviews,reviews
please customer reviews wireless headphones Crucial in gold between ₹14683 and ₹27691,headphone,14683,27691,Crucial,gold,reviews,reviews
best reviews gaming mouse below 18313 durable,mouse,0,18313,,navy,reviews,reviews
please highest rated notebook in blue under ₹118575 with good quality,laptop,0,118575,,blue,reviews,reviews
best camera Lenovo between ₹46315 and ₹227697 lightweight,camera,46315,227697,Lenovo,,ranking,best
budget camera Xiaomi below 195148 latest,camera,0,195148,Xiaomi,,value,value
best hdd Garmin under ₹24675 gaming,storage,0,24675,Garmin,,ranking,best
please recommended gaming mouse Garmin in navy between ₹5675 and ₹14955 durable with good quality,mouse,5675,14955,Garmin,navy,ranking,best
please suggest dslr below 218366 durable,camera,0,218366,Fujifilm,,ranking,best
worth it ipad Garmin under ₹107814 latest with good quality,tablet,0,107814,Garmin,,value,value
worth it watch below 45048 with good quality,watch,0,45048,,,value,value
please top rated monitor under ₹63332,monitor,0,63332,,,reviews,reviews
budget earbuds in silver under ₹24589,headphone,0,24589,,silver,value,value
pick for me boots in brown below 17347 with good quality,shoe,0,17347,Western Digital,brown,ranking,best
cheap android phone Fujifilm under ₹31228 wireless with good quality,phone,0,31228,Fujifilm,,value,value
please value for money android phone under ₹25127,phone,0,25127,,red,value,value
please budget notebook under ₹186508,laptop,0,186508,,,value,value
best overall android phone Crucial ₹20187-22791,phone,20187,22791,Crucial,,ranking,best
cheap monitor HP in black between ₹6210 and ₹43885 for office with good quality,monitor,6210,43885,HP,black,value,value
recommended external drive starting from 12770-24568,storage,12770,24568,,,ranking,best
please budget storage in yellow ₹8709-31765 with good quality,storage,8709,31765,,yellow,value,value
worth it fitness watch Panasonic below 67670 for office,watch,0,67670,Panasonic,,value,value
please cheap shoe under ₹15283 with good quality,shoe,0,15283,POCO,,value,value
please pick for me android tablet Marshall starting from 42782-89586 for office,tablet,42782,89586,Marshall,,ranking,best
please top rated ipad Nikon below 73043 new with good quality,tablet,0,73043,Nikon,,reviews,reviews
cheap ultrabook Garmin starting from 26529-60979 durable,laptop,26529,60979,Garmin,white,value,value
worth it watch Xiaomi between ₹9201 and ₹71087 for students,watch,9201,71087,Xiaomi,,value,value
highest rated fitness watch in blue below 46602 premium,watch,0,46602,,blue,reviews,reviews
value for money keyboard ₹7427-18116,keyboard,7427,18116,,navy,value,value
budget gaming mouse below 16970,mouse,0,16970,,,value,value
please best overall mouse between ₹1664 and ₹3837 for students,mouse,1664,3837,,,ranking,best
highest rated iphone New Balance ₹12702-67277,phone,12702,67277,New Balance,,reviews,reviews
budget storage between ₹15266 and ₹31262 wireless,storage,15266,31262,,,value,value
affordable ssd Xiaomi in black below 16225 for office,storage,0,16225,Xiaomi,black,value,value
best reviews monitor Huawei starting from 23766-78385 new,monitor,23766,78385,Huawei,,reviews,reviews
cheap mirrorless camera Dell in brown between ₹42330 and ₹58561 durable,camera,42330,58561,Dell,brown,value,value
budget shoe ₹5755-9218,shoe,5755,9218,,,value,value
good reviews bluetooth speaker in blue ₹16709-43988 for office,speaker,16709,43988,,blue,reviews,reviews
best fitness watch Microsoft starting from 8016-41009 wireless,watch,8016,41009,Microsoft,,ranking,best
recommended mobile in purple below 47667 with good quality,phone,0,47667,,purple,ranking,best
please suggest ssd Garmin starting from 4371-28506 latest,storage,4371,28506,Garmin,,ranking,best
top rated mirrorless camera Marshall in silver between ₹25909 and ₹109949 durable,camera,25909,109949,Marshall,silver,reviews,reviews
please pick for me camera starting from 45420-218871 latest,camera,45420,218871,,,ranking,best
best mirrorless camera below 101372 gaming with good quality,camera,0,101372,,,ranking,best
best overall screen in gold starting from 21596-39128,monitor,21596,39128,,gold,ranking,best
highest rated wireless headphones in white between ₹11738 and ₹16343,headphone,11738,16343,,white,reviews,reviews
suggest camera below 83741 premium,camera,0,83741,MSI,purple,ranking,best
pick for me mechanical keyboard HP starting from 6950-8282 latest,keyboard,6950,8282,HP,,ranking,best
suggest shoes under ₹12498,shoe,0,12498,,,ranking,best
please top rated running shoes in white ₹4761-19711 for office,shoe,4761,19711,,white,reviews,reviews
value for money android tablet in silver ₹48506-65418 with good quality,tablet,48506,65418,,silver,value,value
budget smartwatch Huawei starting from 31398-75286,watch,31398,75286,Huawei,,value,value
please top rated iphone between ₹20820 and ₹55168 for students,phone,20820,55168,,,reviews,reviews
top rated dslr in gray starting from 85358-238195 lightweight with good quality,camera,85358,238195,,gray,reviews,reviews
best reviews mouse in brown starting from 1454-4005 lightweight,mouse,1454,4005,,brown,reviews,reviews
recommended phone Bose ₹27446-36077,phone,27446,36077,Bose,gray,ranking,best
please budget storage under ₹37753 lightweight with good quality,storage,0,37753,,,value,value
pick for me speaker in red between ₹12188 and ₹49310 latest,speaker,12188,49310,POCO,red,ranking,best
recommended storage ₹2768-8897,storage,2768,8897,,gray,ranking,best
pick for me smartwatch JBL below 32344 for students,watch,0,32344,JBL,navy,ranking,best
please cheap mouse under ₹5360,mouse,0,5360,,purple,value,value
please good reviews monitor between ₹29132 and ₹63657,monitor,29132,63657,POCO,,reviews,reviews
customer reviews macbook below 60890 lightweight,laptop,0,60890,,yellow,reviews,reviews
affordable mirrorless camera below 174954 durable,camera,0,174954,,,value,value
please pick for me speaker ₹6160-39292,speaker,6160,39292,,,ranking,best
worth it speaker JBL under ₹42419 premium,speaker,0,42419,JBL,gray,value,value
please budget shoe Fujifilm ₹2217-11529 gaming,shoe,2217,11529,Fujifilm,,value,value
pick for me bluetooth speaker HP under ₹37315 gaming,speaker,0,37315,HP,,ranking,best
budget tablet ₹12036-72015 wireless,tablet,12036,72015,Sennheiser,,value,value
value for money mouse Sony in brown under ₹8737 wireless,mouse,0,8737,Sony,brown,value,value
customer reviews tablet New Balance below 80727,tablet,0,80727,New Balance,yellow,reviews,reviews
worth it bluetooth speaker Lenovo between ₹1576 and ₹10363 wireless,speaker,1576,10363,Lenovo,,value,value
best reviews ssd starting from 15146-28292 for office,storage,15146,28292,,,reviews,reviews
cheap ssd starting from 15660-34951 for office,storage,15660,34951,,,value,value
worth it ultrabook below 186120 latest,laptop,0,186120,,,value,value
please highest rated wireless headphones Fitbit below 20496 durable,headphone,0,20496,Fitbit,,reviews,reviews
worth it macbook OnePlus under ₹99994,laptop,0,99994,OnePlus,blue,value,value
suggest monitor Motorola in black between ₹25196 and ₹54480 for office with good quality,monitor,25196,54480,Motorola,black,ranking,best
customer reviews speaker in orange ₹16868-35876 latest,speaker,16868,35876,,orange,reviews,reviews
suggest gaming mouse Sennheiser in purple ₹5336-17704,mouse,5336,17704,Sennheiser,purple,ranking,best
please value for money shoe below 13257 new,shoe,0,13257,,,value,value
top rated laptop Audio-Technica starting from 75944-142779 latest,laptop,75944,142779,Audio-Technica,green,reviews,reviews
value for money smartwatch starting from 1625-7183 latest,watch,1625,7183,,,value,value
please affordable fitness watch between ₹8795 and ₹49500 for office,watch,8795,49500,Canon,,value,value
please best overall sneakers in blue ₹5505-14407 durable,shoe,5505,14407,,blue,ranking,best
best reviews fitness watch Fossil between ₹22654 and ₹74820 new,watch,22654,74820,Fossil,,reviews,reviews
budget ipad starting from 8943-84879 premium,tablet,8943,84879,,,value,value
budget mouse starting from 6097-10036 for students,mouse,6097,10036,,,value,value
customer reviews mirrorless camera between ₹33668 and ₹224685,camera,33668,224685,,orange,reviews,reviews
please good reviews wireless headphones POCO between ₹18826 and ₹26165 lightweight with good quality,headphone,18826,26165,POCO,,reviews,reviews
please value for money android tablet Seagate below 107743 for office with good quality,tablet,0,107743,Seagate,,value,value
please budget smartphone Acer under ₹26554 for students,phone,0,26554,Acer,,value,value
budget monitor Canon under ₹26340,monitor,0,26340,Canon,,value,value
please pick for me monitor Sony under ₹13701 for students,monitor,0,13701,Sony,,ranking,best
pick for me ultrabook Kingston under ₹134809 for office,laptop,0,134809,Kingston,,ranking,best
highest rated earphones below 26365 wireless,headphone,0,26365,,brown,reviews,reviews
please value for money keyboard in gray starting from 7411-17499 new,keyboard,7411,17499,MSI,gray,value,value
cheap monitor ₹32331-55096 for office with good quality,monitor,32331,55096,,,value,value
please worth it smartwatch below 73083,watch,0,73083,Audio-Technica,,value,value
please pick for me external drive in gray below 24881 lightweight,storage,0,24881,Fujifilm,gray,ranking,best
good reviews watch MSI starting from 3727-45449,watch,3727,45449,MSI,,reviews,reviews
good reviews shoes under ₹18654 durable with good quality,shoe,0,18654,,red,reviews,reviews
budget storage Fitbit in silver below 36860 latest,storage,0,36860,Fitbit,silver,value,value
worth it keyboard below 15758 with good quality,keyboard,0,15758,,,value,value
worth it hdd under ₹18687 with good quality,storage,0,18687,,navy,value,value
suggest ipad in brown between ₹40885 and ₹88340 durable,tablet,40885,88340,,brown,ranking,best
best reviews tablet Nike in blue below 64013 for office,tablet,0,64013,Nike,blue,reviews,reviews
value for money earphones ₹13261-37072,headphone,13261,37072,,,value,value
best reviews bluetooth speaker Realme in brown starting from 2755-37329 durable,speaker,2755,37329,Realme,brown,reviews,reviews
please worth it camera Razer below 90402,camera,0,90402,Razer,,value,value
please pick for me speaker in orange below 27594 durable,speaker,0,27594,,orange,ranking,best
suggest storage starting from 4860-18657 wireless,storage,4860,18657,Google,,ranking,best
top rated smartphone in blue below 75921 with good quality,phone,0,75921,,blue,reviews,reviews
suggest dslr JBL in navy between ₹80702 and ₹152761 latest,camera,80702,152761,JBL,navy,ranking,best
suggest mirrorless camera Seagate starting from 95080-95760 latest with good quality,camera,95080,95760,Seagate,navy,ranking,best
best speaker in gray ₹10505-38154 gaming,speaker,10505,38154,,gray,ranking,best
good reviews storage OnePlus ₹2189-3955 wireless,storage,2189,3955,OnePlus,,reviews,reviews
recommended ultrabook in black below 174474,laptop,0,174474,,black,ranking,best
best overall shoes Asics starting from 6428-14231 premium,shoe,6428,14231,Asics,,ranking,best
customer reviews bluetooth speaker between ₹15365 and ₹21744 lightweight,speaker,15365,21744,,gray,reviews,reviews
best reviews phone starting from 16371-64775,phone,16371,64775,Seagate,,reviews,reviews
suggest mouse Nike below 15859 gaming,mouse,0,15859,Nike,,ranking,best
best mechanical keyboard in gray ₹3237-4927,keyboard,3237,4927,Xiaomi,gray,ranking,best
recommended tablet ₹19060-67150 for office with good quality,tablet,19060,67150,,black,ranking,best
affordable android tablet ASUS between ₹23202 and ₹86556 wireless,tablet,23202,86556,ASUS,navy,value,value
please worth it sneakers Adidas ₹2886-6232 premium,shoe,2886,6232,Adidas,,value,value
please top rated footwear Reebok between ₹6297 and ₹14871 gaming with good quality,shoe,6297,14871,Reebok,,reviews,reviews
good reviews display Reebok starting from 12294-50365 new,monitor,12294,50365,Reebok,,reviews,reviews
worth it earphones in blue starting from 9195-32761 durable,headphone,9195,32761,,blue,value,value
best reviews ipad below 33552 latest,tablet,0,33552,Lenovo,,reviews,reviews
worth it earphones Nike starting from 851-13696 premium,headphone,851,13696,Nike,,value,value
suggest speaker under ₹25183 premium,speaker,0,25183,,,ranking,best
customer reviews watch Canon in brown under ₹51863 new,watch,0,51863,Canon,brown,reviews,reviews
pick for me computer Garmin between ₹47171 and ₹111361 durable with good quality,laptop,47171,111361,Garmin,,ranking,best
customer reviews mouse in purple starting from 1611-14824,mouse,1611,14824,,purple,reviews,reviews
best overall screen in black ₹6755-40241,monitor,6755,40241,,black,ranking,best
pick for me screen Garmin ₹13026-18449 wireless,monitor,13026,18449,Garmin,silver,ranking,best
recommended screen in gray between ₹29552 and ₹31804 for students,monitor,29552,31804,,gray,ranking,best
cheap ssd under ₹39814,storage,0,39814,,,value,value
best overall camera starting from 74102-116650 for students,camera,74102,116650,,blue,ranking,best
best reviews gaming mouse in gold between ₹1983 and ₹9772,mouse,1983,9772,,gold,reviews,reviews
best reviews monitor ₹18721-78749 for students,monitor,18721,78749,,,reviews,reviews
worth it android phone in navy starting from 11855-33845 durable with good quality,phone,11855,33845,,navy,value,value
worth it mouse between ₹7702 and ₹14526 gaming,mouse,7702,14526,,,value,value
pick for me smartwatch in brown ₹3222-39873 durable,watch,3222,39873,,brown,ranking,best
highest rated sneakers Samsung in purple under ₹6219 wireless with good quality,shoe,0,6219,Samsung,purple,reviews,reviews
pick for me iphone Marshall in navy below 73145 durable,phone,0,73145,Marshall,navy,ranking,best
best overall watch ₹25534-43256 premium,watch,25534,43256,,silver,ranking,best
suggest bluetooth speaker ₹14269-41198,speaker,14269,41198,,,ranking,best
affordable screen under ₹43973,monitor,0,43973,,,value,value
affordable gaming mouse in orange ₹5334-6437 gaming,mouse,5334,6437,,orange,value,value
please good reviews mobile Motorola under ₹30890 new,phone,0,30890,Motorola,,reviews,reviews
pick for me monitor Google starting from 18346-25787,monitor,18346,25787,Google,,ranking,best
best reviews ipad starting from 19694-111159 with good quality,tablet,19694,111159,,gray,reviews,reviews
budget mechanical keyboard below 11602 with good quality,keyboard,0,11602,,,value,value
cheap fitness watch Asics in blue ₹3387-45342 for students,watch,3387,45342,Asics,blue,value,value
worth it display under ₹32428 new,monitor,0,32428,,,value,value
please best overall fitness watch Huawei ₹9633-13701 premium,watch,9633,13701,Huawei,white,ranking,best
best reviews dslr Marshall in yellow below 99296 new with good quality,camera,0,99296,Marshall,yellow,reviews,reviews
please worth it ipad under ₹46268 new,tablet,0,46268,,,value,value
pick for me footwear starting from 1748-9274,shoe,1748,9274,,,ranking,best
please top rated earphones Bose between ₹4704 and ₹6881 for students,headphone,4704,6881,Bose,white,reviews,reviews
best reviews shoes between ₹3169 and ₹6403,shoe,3169,6403,,,reviews,reviews
good reviews hdd Marshall below 23409 latest,storage,0,23409,Marshall,,reviews,reviews
cheap watch New Balance under ₹79489,watch,0,79489,New Balance,,value,value
please best overall watch Huawei under ₹43074 for students with good quality,watch,0,43074,Huawei,,ranking,best
good reviews headphone New Balance between ₹3321 and ₹24482 premium,headphone,3321,24482,New Balance,orange,reviews,reviews
best overall monitor Logitech in black ₹12839-27213 durable,monitor,12839,27213,Logitech,black,ranking,best
best reviews speaker ₹18947-40971 for students with good quality,speaker,18947,40971,Canon,,reviews,reviews
worth it sneakers Adidas in gold under ₹6175 wireless with good quality,shoe,0,6175,Adidas,gold,value,value
affordable sneakers below 7702 durable,shoe,0,7702,,,value,value
best mouse ₹6872-10937,mouse,6872,10937,,,ranking,best
highest rated computer below 147019 premium,laptop,0,147019,,green,reviews,reviews
best overall mechanical keyboard starting from 4244-17850,keyboard,4244,17850,,red,ranking,best
top rated hdd Asics below 39200 wireless,storage,0,39200,Asics,,reviews,reviews
top rated fitness watch below 77365 gaming,watch,0,77365,Samsung,,reviews,reviews
best gaming mouse in orange starting from 3759-8393 gaming,mouse,3759,8393,,orange,ranking,best
cheap ipad Google under ₹108534,tablet,0,108534,Google,,value,value
please customer reviews mouse Bose under ₹11659 durable,mouse,0,11659,Bose,,reviews,reviews
please best overall footwear in green starting from 6332-17002 durable,shoe,6332,17002,Bose,green,ranking,best
please affordable camera Crucial in yellow ₹90368-199301 premium with good quality,camera,90368,199301,Crucial,yellow,value,value
cheap fitness watch between ₹25432 and ₹65434 for students with good quality,watch,25432,65434,HP,blue,value,value
best reviews computer in silver starting from 30286-37494 latest,laptop,30286,37494,,silver,reviews,reviews
please cheap headphones Motorola below 26188 latest with good quality,headphone,0,26188,Motorola,,value,value
worth it storage Razer in orange under ₹39859,storage,0,39859,Razer,orange,value,value
cheap speaker under ₹9405 durable,speaker,0,9405,,,value,value
please affordable mechanical keyboard Adidas starting from 4974-12497,keyboard,4974,12497,Adidas,,value,value
please budget earbuds MSI in blue between ₹5049 and ₹14026,headphone,5049,14026,MSI,blue,value,value
please cheap fitness watch Microsoft in white below 61917 wireless,watch,0,61917,Microsoft,white,value,value
worth it android tablet between ₹43011 and ₹107329 latest,tablet,43011,107329,Western Digital,,value,value
cheap smartwatch starting from 26492-63421,watch,26492,63421,,,value,value
please worth it running shoes below 11798 lightweight,shoe,0,11798,,,value,value
good reviews computer starting from 51692-73181,laptop,51692,73181,,,reviews,reviews
please budget bluetooth speaker Fossil ₹19461-36594,speaker,19461,36594,Fossil,,value,value
top rated mouse under ₹16729,mouse,0,16729,,,reviews,reviews
pick for me ipad in orange below 95029 for office,tablet,0,95029,,orange,ranking,best
worth it gaming mouse Sony in purple under ₹15975,mouse,0,15975,Sony,purple,value,value
best overall shoes Garmin in navy ₹1598-10170 latest,shoe,1598,10170,Garmin,navy,ranking,best
please pick for me watch Western Digital under ₹65743 latest,watch,0,65743,Western Digital,,ranking,best
best reviews speaker ₹6809-24893,speaker,6809,24893,,,reviews,reviews
customer reviews external drive below 15348,storage,0,15348,,,reviews,reviews
recommended display Nikon below 38560 for office,monitor,0,38560,Nikon,yellow,ranking,best
top rated ipad OnePlus in navy below 106257 latest with good quality,tablet,0,106257,OnePlus,navy,reviews,reviews
affordable shoe in orange under ₹19204,shoe,0,19204,Panasonic,orange,value,value
please best reviews dslr Audio-Technica under ₹171374 premium,camera,0,171374,Audio-Technica,,reviews,reviews
recommended mechanical keyboard ₹2286-7520,keyboard,2286,7520,,brown,ranking,best
top rated watch ₹17243-31001,watch,17243,31001,Canon,,reviews,reviews
please highest rated computer ₹78195-138852,laptop,78195,138852,Motorola,,reviews,reviews
best smartphone Fitbit starting from 29504-56238 for students,phone,29504,56238,Fitbit,,ranking,best
pick for me gaming mouse in yellow ₹5657-15771 latest,mouse,5657,15771,,yellow,ranking,best
suggest storage under ₹12136 for students,storage,0,12136,,,ranking,best
cheap hdd below 8895,storage,0,8895,,green,value,value
customer reviews speaker between ₹6045 and ₹37881 durable,speaker,6045,37881,,,reviews,reviews
affordable ssd Bose under ₹38142,storage,0,38142,Bose,purple,value,value
please recommended iphone in silver below 26510,phone,0,26510,SteelSeries,silver,ranking,best
best overall android tablet HP between ₹24365 and ₹81523 for students,tablet,24365,81523,HP,red,ranking,best
pick for me mechanical keyboard Fitbit under ₹16291 gaming with good quality,keyboard,0,16291,Fitbit,,ranking,best
good reviews ssd below 26379 premium,storage,0,26379,OnePlus,,reviews,reviews
good reviews macbook in blue starting from 87293-106330 new,laptop,87293,106330,,blue,reviews,reviews
good reviews gaming mouse in red between ₹4811 and ₹15893 gaming with good quality,mouse,4811,15893,,red,reviews,reviews
best overall keyboard Nike starting from 5010-11000 durable,keyboard,5010,11000,Nike,,ranking,best
please top rated fitness watch between ₹18990 and ₹26471 new,watch,18990,26471,,,reviews,reviews
highest rated mechanical keyboard ₹5370-13628 lightweight,keyboard,5370,13628,,,reviews,reviews
budget external drive Marshall below 31515 for students with good quality,storage,0,31515,Marshall,gray,value,value
recommended display starting from 29992-75568 new with good quality,monitor,29992,75568,,,ranking,best
top rated display SteelSeries between ₹12024 and ₹50011,monitor,12024,50011,SteelSeries,,reviews,reviews
best overall speaker Panasonic under ₹44657 for students with good quality,speaker,0,44657,Panasonic,gray,ranking,best
affordable keyboard between ₹1440 and ₹19880 lightweight,keyboard,1440,19880,,,value,value
worth it gaming mouse starting from 4189-17598 gaming,mouse,4189,17598,Razer,,value,value
customer reviews android tablet Fitbit ₹25199-59994 for office with good quality,tablet,25199,59994,Fitbit,,reviews,reviews
best monitor Panasonic below 60527 wireless,monitor,0,60527,Panasonic,,ranking,best
best overall iphone ₹25966-75708 for students,phone,25966,75708,,,ranking,best
please suggest tablet Huawei starting from 49893-53824 wireless with good quality,tablet,49893,53824,Huawei,,ranking,best
please budget fitness watch in yellow between ₹19788 and ₹24389 premium,watch,19788,24389,,yellow,value,value
suggest display in blue below 36770 lightweight,monitor,0,36770,OnePlus,blue,ranking,best
best overall mouse in gray ₹4626-7871,mouse,4626,7871,,gray,ranking,best
affordable smartwatch ₹5993-68595 for students,watch,5993,68595,,,value,value
customer reviews mechanical keyboard ₹3874-4520 gaming,keyboard,3874,4520,,,reviews,reviews
please budget running shoes starting from 1179-15917 latest,shoe,1179,15917,,yellow,value,value
pick for me tablet starting from 34526-81347 wireless with good quality,tablet,34526,81347,,,ranking,best
good reviews mouse ₹4594-6777 durable,mouse,4594,6777,New Balance,,reviews,reviews
affordable screen Fitbit in white under ₹71697,monitor,0,71697,Fitbit,white,value,value
highest rated ipad starting from 20831-118241 premium with good quality,tablet,20831,118241,,,reviews,reviews
value for money gaming mouse in silver below 6812 with good quality,mouse,0,6812,,silver,value,value
affordable notebook MSI in blue starting from 54484-62048,laptop,54484,62048,MSI,blue,value,value
please recommended android phone Seagate in white under ₹30481,phone,0,30481,Seagate,white,ranking,best
affordable smartwatch Puma in green starting from 31390-64479,watch,31390,64479,Puma,green,value,value
good reviews bluetooth speaker below 49435 with good quality,speaker,0,49435,Sennheiser,,reviews,reviews
please best reviews running shoes Fitbit between ₹4743 and ₹19691,shoe,4743,19691,Fitbit,,reviews,reviews
cheap external drive Crucial starting from 2059-3949 lightweight,storage,2059,3949,Crucial,,value,value
suggest monitor under ₹28601 for students,monitor,0,28601,,black,ranking,best
please suggest tablet JBL in orange between ₹36057 and ₹51275 for office,tablet,36057,51275,JBL,orange,ranking,best
please top rated bluetooth speaker in black starting from 11800-48175 premium,speaker,11800,48175,,black,reviews,reviews
highest rated mouse ₹3040-13324 durable with good quality,mouse,3040,13324,,orange,reviews,reviews
please highest rated bluetooth speaker in green between ₹5390 and ₹16386,speaker,5390,16386,SteelSeries,green,reviews,reviews
please worth it ipad ASUS ₹20057-54418 lightweight with good quality,tablet,20057,54418,ASUS,,value,value
worth it sneakers POCO starting from 5295-5792,shoe,5295,5792,POCO,,value,value
please best reviews android phone in brown under ₹75661 latest,phone,0,75661,Seagate,brown,reviews,reviews
best overall camera between ₹41213 and ₹46083 new,camera,41213,46083,,,ranking,best
good reviews watch JBL in green below 34131 gaming,watch,0,34131,JBL,green,reviews,reviews
please worth it display Xiaomi between ₹15621 and ₹76630 gaming,monitor,15621,76630,Xiaomi,,value,value
please top rated keyboard between ₹7903 and ₹11896,keyboard,7903,11896,,,reviews,reviews
please highest rated earphones New Balance in navy under ₹21411,headphone,0,21411,New Balance,navy,reviews,reviews
worth it fitness watch between ₹5900 and ₹60375 with good quality,watch,5900,60375,,,value,value
please suggest speaker starting from 7982-38519 for office,speaker,7982,38519,,,ranking,best
please highest rated keyboard below 13654,keyboard,0,13654,,purple,reviews,reviews
good reviews headphone in gray under ₹10077 lightweight,headphone,0,10077,,gray,reviews,reviews
worth it smartphone between ₹12995 and ₹24766 with good quality,phone,12995,24766,,gray,value,value
affordable shoes between ₹3765 and ₹16625 for office with good quality,shoe,3765,16625,,red,value,value
please pick for me headphone under ₹30177 lightweight with good quality,headphone,0,30177,,,ranking,best
pick for me bluetooth speaker Crucial in gold below 19059 lightweight,speaker,0,19059,Crucial,gold,ranking,best
customer reviews camera Marshall between ₹78402 and ₹211954,camera,78402,211954,Marshall,,reviews,reviews
best reviews wireless headphones in purple under ₹49583 for students with good quality,headphone,0,49583,,purple,reviews,reviews
highest rated ssd below 39526 for office with good quality,storage,0,39526,,gold,reviews,reviews
please affordable laptop Asics in brown ₹75923-103175 gaming,laptop,75923,103175,Asics,brown,value,value
please value for money tablet ₹14280-81600 durable,tablet,14280,81600,Apple,,value,value
recommended mechanical keyboard under ₹13461 wireless with good quality,keyboard,0,13461,Samsung,,ranking,best
customer reviews display in blue under ₹36387 for office with good quality,monitor,0,36387,Apple,blue,reviews,reviews
please recommended hdd Reebok in black between ₹7723 and ₹37835,storage,7723,37835,Reebok,black,ranking,best
please best fitness watch SteelSeries below 57804 for office,watch,0,57804,SteelSeries,,ranking,best
please affordable phone below 67169,phone,0,67169,Panasonic,,value,value
value for money gaming mouse Sony in gray starting from 3741-10796 durable,mouse,3741,10796,Sony,gray,value,value
please customer reviews laptop in blue ₹89594-115479 wireless with good quality,laptop,89594,115479,Puma,blue,reviews,reviews
affordable notebook under ₹171316 premium,laptop,0,171316,Reebok,navy,value,value
worth it fitness watch in gold below 74160 premium,watch,0,74160,,gold,value,value
please highest rated notebook POCO between ₹68949 and ₹158147 wireless,laptop,68949,158147,POCO,purple,reviews,reviews
suggest earphones Bose in orange between ₹17376 and ₹35172 for students,headphone,17376,35172,Bose,orange,ranking,best
pick for me mouse Lenovo between ₹3775 and ₹10710 gaming,mouse,3775,10710,Lenovo,,ranking,best
please value for money mechanical keyboard Fujifilm starting from 4594-17043 lightweight,keyboard,4594,17043,Fujifilm,black,value,value
budget ipad below 41298 gaming,tablet,0,41298,,,value,value
recommended headphone Reebok in gray between ₹3769 and ₹44475 for office with good quality,headphone,3769,44475,Reebok,gray,ranking,best
recommended gaming mouse JBL below 13259 new,mouse,0,13259,JBL,,ranking,best
worth it android tablet Asics between ₹37417 and ₹53486 wireless,tablet,37417,53486,Asics,,value,value
affordable bluetooth speaker in white ₹1180-1752,speaker,1180,1752,,white,value,value
highest rated tablet Bose in navy under ₹71221 latest,tablet,0,71221,Bose,navy,reviews,reviews
highest rated camera Apple in gray starting from 67499-73388 lightweight with good quality,camera,67499,73388,Apple,gray,reviews,reviews
best reviews headphone in white ₹11847-24606,headphone,11847,24606,,white,reviews,reviews
suggest ssd starting from 7451-39928 durable,storage,7451,39928,,,ranking,best
top rated keyboard ₹7181-19319,keyboard,7181,19319,,,reviews,reviews
suggest iphone between ₹13151 and ₹51723 with good quality,phone,13151,51723,Xiaomi,,ranking,best
good reviews speaker ₹9440-15696 wireless with good quality,speaker,9440,15696,,brown,reviews,reviews
please pick for me smartwatch Nike in black ₹22483-74787,watch,22483,74787,Nike,black,ranking,best
worth it running shoes under ₹5779 latest,shoe,0,5779,OnePlus,,value,value
suggest mirrorless camera between ₹86676 and ₹103607,camera,86676,103607,Marshall,black,ranking,best
recommended mechanical keyboard in green between ₹1507 and ₹15507,keyboard,1507,15507,,green,ranking,best
please good reviews android phone in silver below 60936 durable,phone,0,60936,,silver,reviews,reviews
pick for me bluetooth speaker ASUS under ₹48353 gaming with good quality,speaker,0,48353,ASUS,white,ranking,best
highest rated external drive MSI below 33728,storage,0,33728,MSI,navy,reviews,reviews
value for money smartwatch below 47192 new,watch,0,47192,Puma,,value,value
value for money mirrorless camera ₹25786-224406 latest,camera,25786,224406,,,value,value
top rated mouse starting from 6625-12981,mouse,6625,12981,,,reviews,reviews
good reviews earbuds MSI below 42300 lightweight,headphone,0,42300,MSI,,reviews,reviews
please customer reviews gaming mouse between ₹782 and ₹4054 gaming,mouse,782,4054,Marshall,,reviews,reviews
value for money ssd MSI under ₹35758 for office with good quality,storage,0,35758,MSI,black,value,value
worth it mouse Seagate in brown between ₹8184 and ₹14188 premium with good quality,mouse,8184,14188,Seagate,brown,value,value
value for money dslr Sennheiser ₹91474-136739,camera,91474,136739,Sennheiser,,value,value
affordable shoes starting from 7592-14038 latest,shoe,7592,14038,,,value,value
please best hdd in gold ₹2458-10701,storage,2458,10701,,gold,ranking,best
please top rated ultrabook below 93775 gaming with good quality,laptop,0,93775,New Balance,gray,reviews,reviews
please best reviews display ₹7012-32047 for students with good quality,monitor,7012,32047,,,reviews,reviews
recommended bluetooth speaker Fujifilm under ₹48634 premium,speaker,0,48634,Fujifilm,,ranking,best
best earbuds Garmin between ₹10220 and ₹19822,headphone,10220,19822,Garmin,,ranking,best
best overall ipad ₹45662-93590 lightweight,tablet,45662,93590,,,ranking,best
please top rated macbook ₹34762-93296,laptop,34762,93296,Nikon,,reviews,reviews
best smartphone Apple under ₹59008 gaming with good quality,phone,0,59008,Apple,orange,ranking,best
best reviews headphone in gold below 15569 premium,headphone,0,15569,Seagate,gold,reviews,reviews
please best reviews watch starting from 3140-78774,watch,3140,78774,,,reviews,reviews
customer reviews mechanical keyboard below 8313 new,keyboard,0,8313,,,reviews,reviews
value for money mechanical keyboard JBL between ₹553 and ₹7606 lightweight,keyboard,553,7606,JBL,,value,value
pick for me headphone between ₹18504 and ₹18806,headphone,18504,18806,,,ranking,best
please customer reviews ipad in blue between ₹12010 and ₹100178 wireless,tablet,12010,100178,Apple,blue,reviews,reviews
please best reviews boots Motorola below 14642 with good quality,shoe,0,14642,Motorola,,reviews,reviews
worth it keyboard SteelSeries between ₹5840 and ₹18262 premium,keyboard,5840,18262,SteelSeries,,value,value
best reviews gaming mouse ₹4722-12889 gaming,mouse,4722,12889,,,reviews,reviews
please best watch ₹8289-12856 for students,watch,8289,12856,,,ranking,best
please best ssd Motorola in purple starting from 12774-27088 lightweight with good quality,storage,12774,27088,Motorola,purple,ranking,best
budget tablet Reebok in silver ₹13057-74403 lightweight with good quality,tablet,13057,74403,Reebok,silver,value,value
budget footwear in yellow under ₹3538 wireless with good quality,shoe,0,3538,,yellow,value,value
best dslr ₹31324-125944,camera,31324,125944,,,ranking,best
please value for money mouse ₹5707-7867,mouse,5707,7867,Motorola,silver,value,value
suggest mechanical keyboard under ₹11475,keyboard,0,11475,,,ranking,best
please customer reviews mirrorless camera HP in gray under ₹221579,camera,0,221579,HP,gray,reviews,reviews
highest rated earphones Fitbit under ₹39189 premium,headphone,0,39189,Fitbit,white,reviews,reviews
please recommended mouse between ₹8075 and ₹8668,mouse,8075,8668,,,ranking,best
customer reviews smartwatch under ₹53421,watch,0,53421,,,reviews,reviews
best camera Razer in black between ₹17269 and ₹94486,camera,17269,94486,Razer,black,ranking,best
top rated ipad Corsair between ₹19167 and ₹66720,tablet,19167,66720,Corsair,,reviews,reviews
please pick for me camera MSI in black starting from 37220-176446 new,camera,37220,176446,MSI,black,ranking,best
cheap mirrorless camera Fossil starting from 27401-124105 lightweight,camera,27401,124105,Fossil,gold,value,value
good reviews android phone ₹30405-48596 with good quality,phone,30405,48596,,orange,reviews,reviews
please best overall shoe ₹6539-10794 latest,shoe,6539,10794,,,ranking,best
highest rated dslr Logitech in green between ₹61771 and ₹217609,camera,61771,217609,Logitech,green,reviews,reviews
best headphones Fossil below 46980,headphone,0,46980,Fossil,,ranking,best
cheap bluetooth speaker starting from 5948-44045 wireless,speaker,5948,44045,Fujifilm,,value,value
cheap gaming mouse in black starting from 5911-11182 for office,mouse,5911,11182,,black,value,value
budget bluetooth speaker ₹16998-18396 for students,speaker,16998,18396,,,value,value
recommended gaming mouse between ₹3134 and ₹11468 new,mouse,3134,11468,POCO,,ranking,best
top rated mechanical keyboard in gray starting from 4043-11207 new with good quality,keyboard,4043,11207,,gray,reviews,reviews
affordable earphones Seagate starting from 7700-15320 latest,headphone,7700,15320,Seagate,,value,value
worth it monitor ₹18289-66570 wireless,monitor,18289,66570,Samsung,yellow,value,value
top rated mobile Sony under ₹27679 wireless,phone,0,27679,Sony,,reviews,reviews
best reviews gaming mouse between ₹4254 and ₹17761 lightweight,mouse,4254,17761,,,reviews,reviews
good reviews earphones ₹11830-34104 gaming,headphone,11830,34104,,,reviews,reviews
please best shoes ₹5430-11224 for students,shoe,5430,11224,,,ranking,best
value for money storage starting from 6357-39817 wireless,storage,6357,39817,,,value,value
good reviews storage starting from 1374-16958 premium,storage,1374,16958,,,reviews,reviews
value for money earbuds Huawei under ₹23234 with good quality,headphone,0,23234,Huawei,,value,value
best reviews watch between ₹23507 and ₹58146 for office with good quality,watch,23507,58146,Fujifilm,,reviews,reviews
suggest smartphone Marshall starting from 30498-61548 latest,phone,30498,61548,Marshall,,ranking,best
affordable mouse Reebok under ₹8682 new,mouse,0,8682,Reebok,,value,value
good reviews hdd in navy starting from 5909-21293,storage,5909,21293,,navy,reviews,reviews
worth it mobile in gray starting from 26914-68972 premium,phone,26914,68972,,gray,value,value
please cheap shoe Apple ₹4585-14608 with good quality,shoe,4585,14608,Apple,,value,value
cheap laptop starting from 78320-197262,laptop,78320,197262,Realme,,value,value
good reviews headphone Seagate between ₹6989 and ₹43733,headphone,6989,43733,Seagate,,reviews,reviews
please worth it ultrabook Acer between ₹56414 and ₹119874 lightweight,laptop,56414,119874,Acer,silver,value,value
please budget computer in silver between ₹38392 and ₹58153 gaming,laptop,38392,58153,,silver,value,value
affordable mouse Garmin below 18557 durable,mouse,0,18557,Garmin,,value,value
value for money android tablet below 80694,tablet,0,80694,,,value,value
value for money keyboard HP between ₹3642 and ₹18904 for office with good quality,keyboard,3642,18904,HP,,value,value
highest rated mirrorless camera under ₹101168 with good quality,camera,0,101168,,,reviews,reviews
best mechanical keyboard Adidas starting from 6270-6600 wireless,keyboard,6270,6600,Adidas,green,ranking,best
suggest notebook Canon between ₹44077 and ₹147996 lightweight,laptop,44077,147996,Canon,,ranking,best
please affordable footwear below 15578 with good quality,shoe,0,15578,,,value,value
worth it sneakers below 16648 for students,shoe,0,16648,,,value,value
affordable monitor below 56327 for students with good quality,monitor,0,56327,,white,value,value
customer reviews boots ASUS below 4795,shoe,0,4795,ASUS,,reviews,reviews
worth it sneakers in blue ₹3923-9605,shoe,3923,9605,,blue,value,value
please affordable mobile under ₹34568 durable,phone,0,34568,,yellow,value,value
worth it headphones New Balance between ₹8743 and ₹13533 for office,headphone,8743,13533,New Balance,,value,value
affordable gaming mouse starting from 7564-12253 latest,mouse,7564,12253,,,value,value
highest rated keyboard below 10301 for office,keyboard,0,10301,,red,reviews,reviews
please highest rated earbuds under ₹36837,headphone,0,36837,,,reviews,reviews
best overall mobile in gold under ₹24377,phone,0,24377,,gold,ranking,best
good reviews fitness watch in red between ₹17318 and ₹65884 with good quality,watch,17318,65884,,red,reviews,reviews
affordable earphones under ₹19037 latest with good quality,headphone,0,19037,,red,value,value
customer reviews android phone between ₹33261 and ₹45046,phone,33261,45046,Fossil,,reviews,reviews
please pick for me headphones Seagate ₹10460-20481 new,headphone,10460,20481,Seagate,,ranking,best
worth it smartphone ₹23479-33782 new with good quality,phone,23479,33782,,yellow,value,value
good reviews monitor in black between ₹18169 and ₹19280,monitor,18169,19280,,black,reviews,reviews
please cheap boots between ₹2851 and ₹8917 for office,shoe,2851,8917,,,value,value
recommended screen Puma below 32797 lightweight with good quality,monitor,0,32797,Puma,silver,ranking,best
best overall bluetooth speaker in yellow ₹15626-27406 lightweight,speaker,15626,27406,,yellow,ranking,best
value for money headphone between ₹19681 and ₹23231 wireless,headphone,19681,23231,,gold,value,value
budget camera between ₹15834 and ₹39785 with good quality,camera,15834,39785,,,value,value
affordable ipad under ₹30203 with good quality,tablet,0,30203,Nike,,value,value
highest rated sneakers in blue starting from 1310-8931 new,shoe,1310,8931,,blue,reviews,reviews
good reviews iphone Audio-Technica in purple below 57339 latest,phone,0,57339,Audio-Technica,purple,reviews,reviews
cheap display between ₹8855 and ₹32358 durable,monitor,8855,32358,Google,,value,value
top rated earphones Canon starting from 7494-44318 with good quality,headphone,7494,44318,Canon,,reviews,reviews
highest rated boots starting from 3990-9475 lightweight,shoe,3990,9475,,,reviews,reviews
highest rated mouse Adidas ₹4027-5242 durable,mouse,4027,5242,Adidas,,reviews,reviews
worth it sneakers under ₹18417 for students,shoe,0,18417,Seagate,,value,value
please recommended smartwatch ₹9811-71600 latest,watch,9811,71600,,,ranking,best
best overall headphones Realme in navy starting from 11306-14778 with good quality,headphone,11306,14778,Realme,navy,ranking,best
please pick for me keyboard Nike below 9707 durable with good quality,keyboard,0,9707,Nike,,ranking,best
please cheap watch Nike in red under ₹22783 gaming,watch,0,22783,Nike,red,value,value
please best mechanical keyboard in yellow starting from 2206-6350 new,keyboard,2206,6350,Sony,yellow,ranking,best
highest rated shoe Fitbit ₹6820-13142 lightweight,shoe,6820,13142,Fitbit,,reviews,reviews
please good reviews external drive below 29137 lightweight,storage,0,29137,,,reviews,reviews
please best reviews bluetooth speaker POCO ₹2478-26727,speaker,2478,26727,POCO,,reviews,reviews
please highest rated smartphone POCO starting from 28173-34045,phone,28173,34045,POCO,,reviews,reviews
highest rated mouse Realme in blue between ₹3366 and ₹9954 wireless,mouse,3366,9954,Realme,blue,reviews,reviews
top rated keyboard starting from 3625-15314 durable,keyboard,3625,15314,,,reviews,reviews
please best reviews tablet Puma in black starting from 18200-45950 lightweight with good quality,tablet,18200,45950,Puma,black,reviews,reviews
please best sneakers under ₹5324,shoe,0,5324,,,ranking,best
best reviews dslr in green ₹17256-230259 premium,camera,17256,230259,,green,reviews,reviews
recommended dslr starting from 58782-112763 durable with good quality,camera,58782,112763,,gold,ranking,best
best overall android tablet in silver below 94102 for students,tablet,0,94102,,silver,ranking,best
recommended mechanical keyboard in white ₹5115-13621 premium,keyboard,5115,13621,,white,ranking,best
please best reviews keyboard ₹6849-13585 wireless with good quality,keyboard,6849,13585,,black,reviews,reviews
best overall bluetooth speaker MSI below 19757 wireless,speaker,0,19757,MSI,,ranking,best
best overall gaming mouse in gold under ₹8526 gaming,mouse,0,8526,POCO,gold,ranking,best
best reviews keyboard between ₹7851 and ₹16799 gaming,keyboard,7851,16799,,,reviews,reviews
best reviews monitor under ₹30121 durable,monitor,0,30121,,,reviews,reviews
highest rated dslr in black below 247590 durable,camera,0,247590,,black,reviews,reviews
please value for money ipad Huawei below 61732 durable,tablet,0,61732,Huawei,,value,value
please budget android phone under ₹42218 premium,phone,0,42218,MSI,,value,value
budget smartwatch OnePlus in purple under ₹43463 durable,watch,0,43463,OnePlus,purple,value,value
customer reviews gaming mouse Marshall between ₹7257 and ₹7686,mouse,7257,7686,Marshall,gold,reviews,reviews
cheap screen JBL in purple ₹26871-58907 premium with good quality,monitor,26871,58907,JBL,purple,value,value
best overall fitness watch in silver under ₹33100,watch,0,33100,,silver,ranking,best
recommended mouse Marshall starting from 3075-11787 lightweight,mouse,3075,11787,Marshall,,ranking,best
budget ipad below 116681 wireless,tablet,0,116681,,,value,value
pick for me dslr Audio-Technica between ₹19916 and ₹79532 durable with good quality,camera,19916,79532,Audio-Technica,,ranking,best
affordable speaker below 33170 latest with good quality,speaker,0,33170,,,value,value
please customer reviews ssd Marshall ₹11431-38761 latest,storage,11431,38761,Marshall,green,reviews,reviews
best reviews dslr under ₹141769 for students,camera,0,141769,Fossil,,reviews,reviews
please cheap laptop below 85702,laptop,0,85702,,,value,value
please top rated keyboard ₹6123-19832 with good quality,keyboard,6123,19832,,,reviews,reviews
please best dslr starting from 18009-214681 for office with good quality,camera,18009,214681,Sennheiser,,ranking,best
best display Fossil under ₹34771 premium,monitor,0,34771,Fossil,,ranking,best
affordable headphone between ₹14362 and ₹36741 gaming,headphone,14362,36741,Seagate,,value,value
best overall bluetooth speaker in gray between ₹5943 and ₹39457 durable,speaker,5943,39457,,gray,ranking,best
top rated speaker between ₹19273 and ₹43681,speaker,19273,43681,,,reviews,reviews
please budget notebook under ₹186784,laptop,0,186784,,,value,value
pick for me earphones in orange between ₹5187 and ₹44911 wireless,headphone,5187,44911,,orange,ranking,best
please cheap gaming mouse under ₹19753 for students,mouse,0,19753,,silver,value,value
please customer reviews mirrorless camera below 238237 wireless,camera,0,238237,,,reviews,reviews
please pick for me mirrorless camera Fossil starting from 16219-172771 premium,camera,16219,172771,Fossil,,ranking,best
worth it mobile HP between ₹12149 and ₹67880,phone,12149,67880,HP,red,value,value
worth it macbook Western Digital in yellow starting from 48837-172132 durable,laptop,48837,172132,Western Digital,yellow,value,value
please suggest dslr Samsung under ₹103422,camera,0,103422,Samsung,,ranking,best
suggest mirrorless camera in brown below 175840 for students,camera,0,175840,,brown,ranking,best
recommended smartwatch starting from 23841-71766 new with good quality,watch,23841,71766,,,ranking,best
please cheap earbuds in orange ₹3379-24507,headphone,3379,24507,,orange,value,value
top rated screen Reebok in black ₹4823-53654 with good quality,monitor,4823,53654,Reebok,black,reviews,reviews
pick for me earbuds below 33269 for students with good quality,headphone,0,33269,,,ranking,best
affordable hdd Panasonic starting from 14888-36085 with good quality,storage,14888,36085,Panasonic,,value,value
suggest bluetooth speaker Western Digital between ₹13540 and ₹20872 durable,speaker,13540,20872,Western Digital,,ranking,best
recommended display starting from 21278-32329 for office,monitor,21278,32329,,,ranking,best
pick for me watch starting from 16983-78034,watch,16983,78034,,,ranking,best
please pick for me fitness watch starting from 7910-17373,watch,7910,17373,,,ranking,best
good reviews android tablet under ₹41627,tablet,0,41627,,,reviews,reviews
pick for me macbook between ₹36241 and ₹167175 gaming,laptop,36241,167175,Adidas,,ranking,best
best screen Nike in orange ₹14668-29764 latest,monitor,14668,29764,Nike,orange,ranking,best
please affordable mouse between ₹7929 and ₹19330 for office,mouse,7929,19330,SteelSeries,,value,value
recommended bluetooth speaker in white starting from 12200-23116 latest with good quality,speaker,12200,23116,,white,ranking,best
worth it phone Garmin starting from 16770-70002 wireless,phone,16770,70002,Garmin,orange,value,value
affordable speaker Fitbit in blue ₹9907-10522 with good quality,speaker,9907,10522,Fitbit,blue,value,value
please suggest speaker under ₹18697 new,speaker,0,18697,Microsoft,silver,ranking,best
cheap display Adidas ₹7454-43553 new,monitor,7454,43553,Adidas,,value,value
please budget bluetooth speaker between ₹11708 and ₹15485 with good quality,speaker,11708,15485,Nike,,value,value
highest rated bluetooth speaker Nikon in green ₹12928-40604,speaker,12928,40604,Nikon,green,reviews,reviews
budget phone below 59089 wireless,phone,0,59089,,gray,value,value
best reviews mobile Fujifilm ₹11200-60579 latest,phone,11200,60579,Fujifilm,,reviews,reviews
budget computer Nike starting from 59615-78244 for office,laptop,59615,78244,Nike,,value,value
best footwear Samsung in black between ₹4350 and ₹18433 wireless,shoe,4350,18433,Samsung,black,ranking,best
pick for me bluetooth speaker Kingston in blue ₹20278-39327 for office,speaker,20278,39327,Kingston,blue,ranking,best
best overall android phone in gold starting from 8602-76057 for students,phone,8602,76057,,gold,ranking,best
worth it mechanical keyboard POCO ₹3803-12703,keyboard,3803,12703,POCO,,value,value
good reviews external drive Puma between ₹2061 and ₹23524 gaming with good quality,storage,2061,23524,Puma,,reviews,reviews
pick for me ipad Google starting from 12301-55430,tablet,12301,55430,Google,,ranking,best
please good reviews notebook under ₹76623 gaming,laptop,0,76623,,,reviews,reviews
good reviews speaker POCO starting from 19479-33058 lightweight,speaker,19479,33058,POCO,,reviews,reviews
top rated smartwatch Asics between ₹27648 and ₹65872,watch,27648,65872,Asics,,reviews,reviews
value for money earbuds in yellow starting from 18702-21028,headphone,18702,21028,,yellow,value,value
affordable mouse starting from 5627-7017 latest,mouse,5627,7017,,,value,value
cheap dslr under ₹239976 for office with good quality,camera,0,239976,,gray,value,value
good reviews display under ₹9803 latest,monitor,0,9803,,,reviews,reviews
best overall watch in orange between ₹9554 and ₹72618 with good quality,watch,9554,72618,,orange,ranking,best
affordable shoe Bose in navy between ₹7884 and ₹14860 for office,shoe,7884,14860,Bose,navy,value,value
budget screen Garmin below 58444 with good quality,monitor,0,58444,Garmin,,value,value
recommended macbook below 107885 for students,laptop,0,107885,,,ranking,best
recommended keyboard Acer starting from 3962-12454 gaming,keyboard,3962,12454,Acer,,ranking,best
cheap headphones between ₹937 and ₹8817 wireless,headphone,937,8817,Huawei,gold,value,value
best reviews tablet ₹32144-64904 durable,tablet,32144,64904,,,reviews,reviews
please best reviews android tablet MSI below 107323 wireless with good quality,tablet,0,107323,MSI,,reviews,reviews
please affordable watch below 58768 for students with good quality,watch,0,58768,,,value,value
customer reviews running shoes HP under ₹12660,shoe,0,12660,HP,,reviews,reviews
pick for me wireless headphones Corsair in gray below 35730 for students,headphone,0,35730,Corsair,gray,ranking,best
please worth it smartwatch under ₹58405 durable,watch,0,58405,,,value,value
please cheap dslr Realme under ₹130194 gaming,camera,0,130194,Realme,,value,value
pick for me storage between ₹14589 and ₹24147,storage,14589,24147,POCO,,ranking,best
value for money dslr Fujifilm in silver starting from 89050-230054 gaming,camera,89050,230054,Fujifilm,silver,value,value
affordable iphone between ₹33651 and ₹48465 gaming,phone,33651,48465,,,value,value
highest rated monitor in navy ₹14884-22540 premium,monitor,14884,22540,,navy,reviews,reviews
please customer reviews android tablet ₹25617-43054 durable with good quality,tablet,25617,43054,,,reviews,reviews
customer reviews speaker in brown starting from 19487-39106 new,speaker,19487,39106,,brown,reviews,reviews
best overall android tablet Google ₹32977-52274 premium,tablet,32977,52274,Google,,ranking,best
pick for me mobile starting from 28774-29791 for office with good quality,phone,28774,29791,,orange,ranking,best
please customer reviews mouse Acer in blue starting from 1877-19401 with good quality,mouse,1877,19401,Acer,blue,reviews,reviews
pick for me running shoes ASUS under ₹11835 for office,shoe,0,11835,ASUS,,ranking,best
top rated keyboard below 18404 for students with good quality,keyboard,0,18404,,navy,reviews,reviews
please cheap keyboard below 6754 wireless,keyboard,0,6754,,white,value,value
best reviews display under ₹67918 durable with good quality,monitor,0,67918,,,reviews,reviews
top rated keyboard under ₹5058 for office,keyboard,0,5058,,,reviews,reviews
pick for me headphones POCO starting from 4302-13213 latest,headphone,4302,13213,POCO,orange,ranking,best
affordable smartwatch SteelSeries in white below 33659 wireless with good quality,watch,0,33659,SteelSeries,white,value,value
top rated camera in purple under ₹67115 premium,camera,0,67115,Seagate,purple,reviews,reviews
value for money notebook in blue starting from 54411-62996 durable with good quality,laptop,54411,62996,Garmin,blue,value,value
pick for me earphones JBL in brown below 16553 with good quality,headphone,0,16553,JBL,brown,ranking,best
best reviews external drive below 19962 with good quality,storage,0,19962,,,reviews,reviews
please suggest mirrorless camera in yellow ₹16674-98743,camera,16674,98743,,yellow,ranking,best
affordable bluetooth speaker Microsoft in blue below 7035 premium,speaker,0,7035,Microsoft,blue,value,value
customer reviews tablet Fitbit under ₹61621 for office,tablet,0,61621,Fitbit,,reviews,reviews
value for money smartwatch Realme in white under ₹77996,watch,0,77996,Realme,white,value,value
cheap footwear in blue under ₹10774,shoe,0,10774,Acer,blue,value,value
please affordable watch in brown between ₹24999 and ₹72290 latest,watch,24999,72290,,brown,value,value
good reviews mouse POCO in white under ₹6996,mouse,0,6996,POCO,white,reviews,reviews
highest rated watch under ₹58340 new,watch,0,58340,Western Digital,,reviews,reviews
highest rated bluetooth speaker ₹7231-47021 durable,speaker,7231,47021,,,reviews,reviews
good reviews notebook Nike in gold between ₹30264 and ₹38295 for students,laptop,30264,38295,Nike,gold,reviews,reviews
highest rated external drive below 31778 wireless,storage,0,31778,,,reviews,reviews
best overall footwear between ₹1989 and ₹2794 lightweight,shoe,1989,2794,,,ranking,best
value for money earphones Canon under ₹22641,headphone,0,22641,Canon,,value,value
top rated earphones Garmin below 34582 with good quality,headphone,0,34582,Garmin,,reviews,reviews
please best reviews sneakers in red under ₹13387 new with good quality,shoe,0,13387,,red,reviews,reviews
top rated running shoes in white under ₹8386 for students,shoe,0,8386,,white,reviews,reviews
best keyboard Samsung starting from 2230-15737 for office with good quality,keyboard,2230,15737,Samsung,purple,ranking,best
good reviews running shoes ₹3965-8716 for students,shoe,3965,8716,,,reviews,reviews
best reviews ultrabook Reebok starting from 28799-49382 premium,laptop,28799,49382,Reebok,,reviews,reviews
suggest gaming mouse under ₹5493 durable with good quality,mouse,0,5493,,,ranking,best
cheap bluetooth speaker in orange starting from 18544-43688 new with good quality,speaker,18544,43688,Nike,orange,value,value
best smartwatch POCO ₹29059-51466 latest,watch,29059,51466,POCO,,ranking,best
pick for me ipad ₹14855-111736,tablet,14855,111736,,,ranking,best
affordable phone under ₹51810 latest,phone,0,51810,,,value,value
please customer reviews earphones under ₹11693,headphone,0,11693,,,reviews,reviews
suggest mirrorless camera SteelSeries between ₹27262 and ₹229760 for office,camera,27262,229760,SteelSeries,,ranking,best
please recommended notebook in gray between ₹35752 and ₹160697,laptop,35752,160697,,gray,ranking,best
suggest bluetooth speaker under ₹38505,speaker,0,38505,,,ranking,best
pick for me wireless headphones Canon in orange ₹5725-43758 with good quality,headphone,5725,43758,Canon,orange,ranking,best
budget smartwatch between ₹4584 and ₹66491 lightweight with good quality,watch,4584,66491,,,value,value
please value for money headphone in blue starting from 2283-6898,headphone,2283,6898,,blue,value,value
value for money bluetooth speaker Samsung under ₹24082 wireless with good quality,speaker,0,24082,Samsung,,value,value
best display Nikon between ₹28018 and ₹50749,monitor,28018,50749,Nikon,,ranking,best
please customer reviews earbuds Realme below 35263 lightweight,headphone,0,35263,Realme,white,reviews,reviews
best overall mechanical keyboard in gold between ₹871 and ₹5153 new with good quality,keyboard,871,5153,,gold,ranking,best
best reviews keyboard between ₹7848 and ₹9170 for office with good quality,keyboard,7848,9170,,,reviews,reviews
please best overall keyboard ₹2648-15219 for office,keyboard,2648,15219,,silver,ranking,best
best overall hdd New Balance in red under ₹35044 latest,storage,0,35044,New Balance,red,ranking,best
highest rated storage Seagate starting from 5689-38007 for students,storage,5689,38007,Seagate,white,reviews,reviews
best reviews android tablet ₹50531-67966 with good quality,tablet,50531,67966,,,reviews,reviews
best overall iphone POCO below 65274 premium with good quality,phone,0,65274,POCO,,ranking,best
pick for me boots in green ₹8286-16244 durable with good quality,shoe,8286,16244,,green,ranking,best
please recommended laptop HP starting from 25249-114185 for students,laptop,25249,114185,HP,,ranking,best
budget android tablet under ₹112883,tablet,0,112883,Fitbit,orange,value,value
budget bluetooth speaker in gray ₹12215-28794 premium with good quality,speaker,12215,28794,,gray,value,value
good reviews display below 18654 latest,monitor,0,18654,Acer,,reviews,reviews
recommended phone in silver starting from 10773-47273 with good quality,phone,10773,47273,,silver,ranking,best
suggest computer SteelSeries in gray starting from 43675-187660 premium,laptop,43675,187660,SteelSeries,gray,ranking,best
please pick for me storage under ₹29084,storage,0,29084,Motorola,,ranking,best
good reviews speaker Asics between ₹19062 and ₹37907,speaker,19062,37907,Asics,,reviews,reviews
good reviews headphone between ₹14060 and ₹30230 new,headphone,14060,30230,,,reviews,reviews
cheap fitness watch starting from 17451-75925 wireless,watch,17451,75925,Panasonic,,value,value
please affordable keyboard between ₹7971 and ₹19604 premium,keyboard,7971,19604,,,value,value
pick for me dslr in yellow under ₹128228 for students,camera,0,128228,OnePlus,yellow,ranking,best
please pick for me keyboard Asics ₹6425-6680 premium,keyboard,6425,6680,Asics,,ranking,best
suggest mechanical keyboard under ₹10198 for office,keyboard,0,10198,,,ranking,best
best overall shoe starting from 5092-12061 latest with good quality,shoe,5092,12061,JBL,white,ranking,best
please good reviews android tablet in purple between ₹10115 and ₹32134 premium,tablet,10115,32134,,purple,reviews,reviews
best reviews camera Bose starting from 80344-179641 latest,camera,80344,179641,Bose,silver,reviews,reviews
please highest rated fitness watch Microsoft under ₹76886 for office,watch,0,76886,Microsoft,,reviews,reviews
budget dslr in navy under ₹193972 for office,camera,0,193972,,navy,value,value
cheap ssd below 36137 for office,storage,0,36137,Kingston,,value,value
recommended watch in gray ₹13799-38973 lightweight with good quality,watch,13799,38973,,gray,ranking,best
please worth it speaker Western Digital under ₹38832 gaming with good quality,speaker,0,38832,Western Digital,,value,value
highest rated bluetooth speaker Audio-Technica under ₹32828 for office with good quality,speaker,0,32828,Audio-Technica,,reviews,reviews
recommended screen under ₹74315 wireless,monitor,0,74315,,,ranking,best
good reviews mobile starting from 31362-52765 latest,phone,31362,52765,,blue,reviews,reviews
value for money camera ₹75584-110156 for office,camera,75584,110156,,,value,value
highest rated tablet Asics under ₹118572 for students,tablet,0,118572,Asics,,reviews,reviews
cheap mouse Western Digital starting from 2152-6566 lightweight,mouse,2152,6566,Western Digital,,value,value
best overall smartwatch between ₹27711 and ₹36573 latest,watch,27711,36573,,,ranking,best
please pick for me mouse starting from 5086-17357 wireless,mouse,5086,17357,,green,ranking,best
please worth it display Corsair under ₹62217 for students,monitor,0,62217,Corsair,,value,value
cheap earbuds Dell in black between ₹10148 and ₹13817 premium,headphone,10148,13817,Dell,black,value,value
budget storage SteelSeries starting from 6473-23223 latest with good quality,storage,6473,23223,SteelSeries,black,value,value
best overall smartphone in black under ₹58698 for office,phone,0,58698,,black,ranking,best
affordable bluetooth speaker ₹12992-48249 for students with good quality,speaker,12992,48249,,,value,value
affordable gaming mouse ₹5643-8683,mouse,5643,8683,,,value,value
good reviews monitor in orange ₹30688-46933 for office,monitor,30688,46933,,orange,reviews,reviews
please recommended mechanical keyboard starting from 6771-16174 latest,keyboard,6771,16174,Sennheiser,,ranking,best
good reviews ultrabook Crucial ₹26784-186902 wireless,laptop,26784,186902,Crucial,,reviews,reviews
suggest android tablet Lenovo between ₹24823 and ₹98835 new with good quality,tablet,24823,98835,Lenovo,,ranking,best
cheap keyboard starting from 1946-19547 latest,keyboard,1946,19547,,,value,value
please good reviews gaming mouse Adidas in gray starting from 712-10376 for office with good quality,mouse,712,10376,Adidas,gray,reviews,reviews
pick for me ipad MSI in green between ₹25850 and ₹42149 wireless,tablet,25850,42149,MSI,green,ranking,best
budget smartphone in silver below 75575 gaming,phone,0,75575,,silver,value,value
top rated computer SteelSeries ₹54343-157759,laptop,54343,157759,SteelSeries,navy,reviews,reviews
top rated hdd starting from 2070-3180 for students,storage,2070,3180,,gray,reviews,reviews
good reviews watch in orange under ₹60954 latest,watch,0,60954,,orange,reviews,reviews
worth it mirrorless camera in green starting from 18789-38945 durable with good quality,camera,18789,38945,Huawei,green,value,value
good reviews watch in orange below 40258,watch,0,40258,,orange,reviews,reviews
suggest bluetooth speaker in navy under ₹26903 wireless with good quality,speaker,0,26903,Logitech,navy,ranking,best
value for money external drive between ₹15494 and ₹20234 gaming,storage,15494,20234,Bose,,value,value
please worth it laptop Crucial in orange between ₹53230 and ₹81911 with good quality,laptop,53230,81911,Crucial,orange,value,value
highest rated boots between ₹3334 and ₹11001,shoe,3334,11001,MSI,,reviews,reviews
please cheap wireless headphones in red under ₹14946,headphone,0,14946,,red,value,value
please recommended fitness watch below 44854,watch,0,44854,,,ranking,best
affordable sneakers below 15593,shoe,0,15593,,,value,value
please customer reviews camera below 141390 wireless with good quality,camera,0,141390,,,reviews,reviews
customer reviews speaker Corsair under ₹44407 gaming,speaker,0,44407,Corsair,,reviews,reviews
best overall android tablet ₹12665-86377,tablet,12665,86377,,,ranking,best
cheap bluetooth speaker Sennheiser ₹1380-31129 gaming,speaker,1380,31129,Sennheiser,,value,value
worth it ipad in gold ₹41264-100086,tablet,41264,100086,,gold,value,value
please best overall bluetooth speaker in orange under ₹19015,speaker,0,19015,Fujifilm,orange,ranking,best
please suggest headphone between ₹6296 and ₹9211,headphone,6296,9211,,silver,ranking,best
please budget speaker in gold under ₹8929,speaker,0,8929,Panasonic,gold,value,value
please value for money bluetooth speaker Sennheiser ₹9079-17492 for office with good quality,speaker,9079,17492,Sennheiser,,value,value
please top rated hdd in silver starting from 7886-20101 lightweight,storage,7886,20101,,silver,reviews,reviews
best overall smartphone under ₹54491 for students,phone,0,54491,,,ranking,best
please good reviews mirrorless camera under ₹49707,camera,0,49707,,,reviews,reviews
good reviews ipad in red under ₹66280 latest,tablet,0,66280,Fujifilm,red,reviews,reviews
value for money display starting from 9391-19080 latest,monitor,9391,19080,,,value,value
value for money running shoes under ₹7659 gaming,shoe,0,7659,HP,,value,value
please customer reviews bluetooth speaker under ₹39792,speaker,0,39792,Microsoft,,reviews,reviews
top rated ssd Western Digital starting from 13586-29816,storage,13586,29816,Western Digital,,reviews,reviews
highest rated storage below 33515 latest,storage,0,33515,,,reviews,reviews
value for money ipad in purple under ₹23022 for office,tablet,0,23022,POCO,purple,value,value
please best reviews ipad starting from 27045-38957 new,tablet,27045,38957,,,reviews,reviews
recommended macbook under ₹129289 premium,laptop,0,129289,,,ranking,best
please best overall speaker starting from 9261-45727 with good quality,speaker,9261,45727,Adidas,,ranking,best
pick for me fitness watch Acer in blue ₹14235-56189 new with good quality,watch,14235,56189,Acer,blue,ranking,best
affordable gaming mouse Apple below 15280,mouse,0,15280,Apple,,value,value
pick for me monitor Garmin starting from 4409-63853 for office,monitor,4409,63853,Garmin,,ranking,best
highest rated iphone in purple below 58211 wireless,phone,0,58211,Dell,purple,reviews,reviews
customer reviews mirrorless camera Seagate between ₹75227 and ₹133387 for office,camera,75227,133387,Seagate,,reviews,reviews
best overall speaker between ₹4071 and ₹21640,speaker,4071,21640,Panasonic,,ranking,best
best reviews smartphone Apple below 75808 wireless,phone,0,75808,Apple,,reviews,reviews
budget mouse New Balance in orange starting from 6276-12121,mouse,6276,12121,New Balance,orange,value,value
please suggest mouse ₹4058-7292 lightweight,mouse,4058,7292,,,ranking,best
please best overall mechanical keyboard New Balance below 9408 gaming,keyboard,0,9408,New Balance,,ranking,best
please suggest keyboard Crucial between ₹2829 and ₹18994 for office,keyboard,2829,18994,Crucial,,ranking,best
please best reviews display in purple starting from 13373-79079 premium,monitor,13373,79079,,purple,reviews,reviews
please best overall monitor Fitbit in yellow starting from 17783-62024 wireless with good quality,monitor,17783,62024,Fitbit,yellow,ranking,best
please customer reviews monitor in red ₹21079-27582 for office,monitor,21079,27582,,red,reviews,reviews
highest rated mouse HP ₹3294-9461 with good quality,mouse,3294,9461,HP,silver,reviews,reviews
best overall mouse Panasonic in silver between ₹2527 and ₹14902 for students,mouse,2527,14902,Panasonic,silver,ranking,best
good reviews smartwatch in orange ₹24439-59146 durable with good quality,watch,24439,59146,,orange,reviews,reviews
suggest speaker Huawei starting from 17033-32625 premium with good quality,speaker,17033,32625,Huawei,,ranking,best
value for money earphones below 22477,headphone,0,22477,ASUS,,value,value
top rated ssd under ₹9580 for students,storage,0,9580,,white,reviews,reviews
cheap smartphone starting from 34848-77795 durable,phone,34848,77795,,,value,value
suggest speaker Nikon ₹15297-47599 gaming with good quality,speaker,15297,47599,Nikon,,ranking,best
worth it mouse under ₹12290 latest,mouse,0,12290,Canon,silver,value,value
please customer reviews macbook Fitbit ₹79271-92170 wireless,laptop,79271,92170,Fitbit,gray,reviews,reviews
worth it smartwatch Audio-Technica under ₹79551,watch,0,79551,Audio-Technica,,value,value
worth it macbook under ₹121431 new,laptop,0,121431,,black,value,value
best overall shoes ₹4536-13551,shoe,4536,13551,,yellow,ranking,best
please best speaker in navy starting from 1130-31103 for office with good quality,speaker,1130,31103,,navy,ranking,best
highest rated external drive under ₹11336 new with good quality,storage,0,11336,,orange,reviews,reviews
best overall shoes below 16744,shoe,0,16744,,,ranking,best
cheap notebook in yellow starting from 75391-187260 for office,laptop,75391,187260,,yellow,value,value
customer reviews keyboard Garmin below 7137,keyboard,0,7137,Garmin,yellow,reviews,reviews
budget mechanical keyboard Google starting from 2310-11113,keyboard,2310,11113,Google,,value,value
pick for me boots under ₹6052 latest,shoe,0,6052,SteelSeries,,ranking,best
top rated mouse Marshall below 16629 durable with good quality,mouse,0,16629,Marshall,,reviews,reviews
best overall fitness watch under ₹32583 premium,watch,0,32583,,,ranking,best
pick for me keyboard in green below 8316 durable with good quality,keyboard,0,8316,Panasonic,green,ranking,best
please best screen between ₹22266 and ₹64260 latest,monitor,22266,64260,,,ranking,best
budget earbuds starting from 11344-40796 gaming,headphone,11344,40796,,,value,value
affordable watch in black starting from 23730-59793,watch,23730,59793,,black,value,value
customer reviews mobile POCO in red between ₹31059 and ₹43529,phone,31059,43529,POCO,red,reviews,reviews
highest rated gaming mouse ₹7906-10383 gaming,mouse,7906,10383,,orange,reviews,reviews
best reviews computer under ₹164211,laptop,0,164211,,,reviews,reviews
affordable laptop below 46278 for students,laptop,0,46278,,,value,value
recommended smartphone under ₹29874 for students with good quality,phone,0,29874,HP,,ranking,best
suggest dslr ₹77699-203773 gaming,camera,77699,203773,,,ranking,best
affordable mirrorless camera ₹59197-65811 durable with good quality,camera,59197,65811,,,value,value
recommended camera Logitech between ₹17893 and ₹31533 for office with good quality,camera,17893,31533,Logitech,,ranking,best
please good reviews earbuds Logitech in purple under ₹27045 new,headphone,0,27045,Logitech,purple,reviews,reviews
please top rated mirrorless camera Realme under ₹179065 for office,camera,0,179065,Realme,,reviews,reviews
customer reviews fitness watch under ₹30110 lightweight,watch,0,30110,,purple,reviews,reviews
customer reviews mouse under ₹8015,mouse,0,8015,,,reviews,reviews
customer reviews ssd in blue starting from 1845-19347 premium with good quality,storage,1845,19347,,blue,reviews,reviews
please affordable dslr in green ₹38934-205822 durable,camera,38934,205822,,green,value,value
affordable android phone New Balance between ₹29800 and ₹61490,phone,29800,61490,New Balance,,value,value
please best overall ipad in yellow under ₹103609 latest,tablet,0,103609,Crucial,yellow,ranking,best
cheap sneakers Fujifilm in red starting from 7351-16259 for students,shoe,7351,16259,Fujifilm,red,value,value
best reviews bluetooth speaker Razer in black under ₹25909,speaker,0,25909,Razer,black,reviews,reviews
best reviews notebook below 199511 with good quality,laptop,0,199511,,,reviews,reviews
recommended storage Sony ₹16025-19555 lightweight with good quality,storage,16025,19555,Sony,silver,ranking,best
suggest dslr Fujifilm under ₹65257 new,camera,0,65257,Fujifilm,,ranking,best
best reviews monitor ASUS ₹26273-53678 with good quality,monitor,26273,53678,ASUS,blue,reviews,reviews
budget camera between ₹99027 and ₹229072 gaming,camera,99027,229072,,,value,value
recommended earphones below 18747 durable,headphone,0,18747,,,ranking,best
please recommended hdd in yellow between ₹7364 and ₹9244 for students with good quality,storage,7364,9244,,yellow,ranking,best
best smartwatch below 56052 latest,watch,0,56052,,,ranking,best
best overall mouse Bose ₹2108-11088 gaming,mouse,2108,11088,Bose,,ranking,best
customer reviews bluetooth speaker Microsoft starting from 8659-42224 premium,speaker,8659,42224,Microsoft,yellow,reviews,reviews
pick for me earbuds below 25060 with good quality,headphone,0,25060,JBL,,ranking,best
customer reviews mouse between ₹5658 and ₹12220 wireless,mouse,5658,12220,,,reviews,reviews
cheap sneakers MSI in gray starting from 7671-14288 latest,shoe,7671,14288,MSI,gray,value,value
please budget monitor between ₹8360 and ₹30030 wireless with good quality,monitor,8360,30030,,,value,value
best ipad below 110238 lightweight with good quality,tablet,0,110238,,,ranking,best
worth it speaker in green ₹5616-9054 premium,speaker,5616,9054,,green,value,value
please highest rated smartphone OnePlus starting from 17763-26899 wireless,phone,17763,26899,OnePlus,,reviews,reviews
customer reviews hdd Adidas in red below 29602 lightweight,storage,0,29602,Adidas,red,reviews,reviews
best storage in navy ₹10898-21672,storage,10898,21672,,navy,ranking,best
please good reviews mechanical keyboard Fujifilm starting from 958-18766,keyboard,958,18766,Fujifilm,,reviews,reviews
budget keyboard ₹940-13988 for students,keyboard,940,13988,Garmin,,value,value
budget watch starting from 31756-44919 gaming,watch,31756,44919,Xiaomi,silver,value,value
suggest monitor Huawei ₹20464-30900 premium,monitor,20464,30900,Huawei,,ranking,best
best overall ipad New Balance under ₹47408 for students,tablet,0,47408,New Balance,yellow,ranking,best
please highest rated shoes between ₹3251 and ₹5889,shoe,3251,5889,,,reviews,reviews
recommended wireless headphones starting from 17918-39919,headphone,17918,39919,,orange,ranking,best
cheap earphones under ₹20083 lightweight,headphone,0,20083,Xiaomi,,value,value
worth it tablet Razer under ₹113941 latest,tablet,0,113941,Razer,orange,value,value
please recommended mouse Logitech below 19159,mouse,0,19159,Logitech,,ranking,best
affordable mechanical keyboard Asics ₹7163-12335 gaming,keyboard,7163,12335,Asics,,value,value
good reviews android tablet starting from 31793-37411 premium,tablet,31793,37411,,,reviews,reviews
value for money speaker in red under ₹30403,speaker,0,30403,Huawei,red,value,value
please cheap iphone Fossil in gray under ₹26541 with good quality,phone,0,26541,Fossil,gray,value,value
good reviews headphones ASUS between ₹7307 and ₹17722 lightweight with good quality,headphone,7307,17722,ASUS,,reviews,reviews
please recommended ipad Reebok between ₹39356 and ₹48887 new,tablet,39356,48887,Reebok,,ranking,best
value for money mirrorless camera Garmin below 123177 gaming,camera,0,123177,Garmin,,value,value
suggest gaming mouse Canon between ₹4062 and ₹11443 for office with good quality,mouse,4062,11443,Canon,,ranking,best
best speaker below 6837 wireless with good quality,speaker,0,6837,,,ranking,best
please pick for me mirrorless camera between ₹26741 and ₹220636,camera,26741,220636,,red,ranking,best
budget smartphone under ₹67804,phone,0,67804,,,value,value
please best ultrabook in purple between ₹26066 and ₹134858 new,laptop,26066,134858,,purple,ranking,best
top rated speaker in navy between ₹12939 and ₹13750 with good quality,speaker,12939,13750,,navy,reviews,reviews
please top rated dslr in navy between ₹96866 and ₹127412 gaming,camera,96866,127412,Marshall,navy,reviews,reviews
top rated headphone between ₹2495 and ₹47606 with good quality,headphone,2495,47606,,,reviews,reviews
highest rated smartwatch New Balance below 68826 with good quality,watch,0,68826,New Balance,,reviews,reviews
please recommended android phone between ₹28702 and ₹45597 new with good quality,phone,28702,45597,,yellow,ranking,best
budget mobile Nike in yellow between ₹9043 and ₹49374,phone,9043,49374,Nike,yellow,value,value
best camera in navy under ₹149800,camera,0,149800,,navy,ranking,best
best mobile under ₹79745,phone,0,79745,,,ranking,best
customer reviews laptop below 179607 premium,laptop,0,179607,,,reviews,reviews
please best reviews earbuds between ₹5715 and ₹29242,headphone,5715,29242,,purple,reviews,reviews
please cheap bluetooth speaker Dell starting from 15004-41006 new,speaker,15004,41006,Dell,,value,value
please best mouse in silver ₹7210-11851 for students,mouse,7210,11851,,silver,ranking,best
please value for money display Nike starting from 26648-35679 lightweight,monitor,26648,35679,Nike,,value,value
customer reviews tablet Apple below 69355 for office,tablet,0,69355,Apple,,reviews,reviews
recommended laptop Canon ₹63642-149141 for office,laptop,63642,149141,Canon,,ranking,best
best dslr below 160213 premium,camera,0,160213,,white,ranking,best
recommended camera in gray below 190912 with good quality,camera,0,190912,,gray,ranking,best
highest rated mirrorless camera between ₹68126 and ₹70577 latest,camera,68126,70577,,,reviews,reviews
recommended boots between ₹4208 and ₹14660 durable,shoe,4208,14660,,blue,ranking,best
customer reviews fitness watch between ₹27413 and ₹32713,watch,27413,32713,,,reviews,reviews
best mirrorless camera in brown ₹90148-243536 new,camera,90148,243536,Reebok,brown,ranking,best
budget mouse in silver under ₹3328 wireless with good quality,mouse,0,3328,,silver,value,value
please best reviews mobile ₹8763-14290 lightweight,phone,8763,14290,,yellow,reviews,reviews
please suggest fitness watch under ₹42289,watch,0,42289,,,ranking,best
suggest footwear starting from 2544-16654 gaming,shoe,2544,16654,,,ranking,best
best reviews watch between ₹32083 and ₹37198 for students,watch,32083,37198,,,reviews,reviews
please best reviews laptop Razer in black ₹60762-72696 latest,laptop,60762,72696,Razer,black,reviews,reviews
please highest rated mechanical keyboard Dell ₹578-1583,keyboard,578,1583,Dell,white,reviews,reviews
customer reviews mobile under ₹37218 wireless,phone,0,37218,,,reviews,reviews
pick for me camera in orange ₹28402-209340 new,camera,28402,209340,,orange,ranking,best
cheap footwear JBL in red between ₹6122 and ₹11274 new,shoe,6122,11274,JBL,red,value,value
worth it camera ₹87514-144656,camera,87514,144656,,,value,value
cheap phone Huawei between ₹22447 and ₹49557 lightweight,phone,22447,49557,Huawei,green,value,value
suggest bluetooth speaker below 28570,speaker,0,28570,,,ranking,best
please best overall camera under ₹164738 wireless,camera,0,164738,,brown,ranking,best
please budget smartwatch Realme in brown under ₹45564,watch,0,45564,Realme,brown,value,value
customer reviews gaming mouse New Balance in gray below 19351,mouse,0,19351,New Balance,gray,reviews,reviews
please suggest gaming mouse in orange between ₹5644 and ₹16641 lightweight,mouse,5644,16641,Microsoft,orange,ranking,best
please cheap tablet between ₹9485 and ₹78258 for office,tablet,9485,78258,,gray,value,value
cheap smartwatch in gold below 45246 latest,watch,0,45246,,gold,value,value
value for money gaming mouse ASUS under ₹13224 durable with good quality,mouse,0,13224,ASUS,,value,value
recommended android tablet starting from 19753-99406,tablet,19753,99406,,yellow,ranking,best
recommended mechanical keyboard Fujifilm between ₹2992 and ₹19295 wireless with good quality,keyboard,2992,19295,Fujifilm,,ranking,best
best overall ipad ₹50622-58096 gaming with good quality,tablet,50622,58096,,,ranking,best
value for money watch MSI below 75754 for students with good quality,watch,0,75754,MSI,,value,value
recommended computer below 72968 for office with good quality,laptop,0,72968,,,ranking,best
customer reviews earbuds Xiaomi between ₹8732 and ₹36232 durable,headphone,8732,36232,Xiaomi,,reviews,reviews
best monitor Reebok ₹12533-63984 new,monitor,12533,63984,Reebok,,ranking,best
please cheap shoes in gray starting from 4984-18128 for office,shoe,4984,18128,Western Digital,gray,value,value
pick for me mechanical keyboard in green under ₹9151 new with good quality,keyboard,0,9151,Panasonic,green,ranking,best
budget ultrabook Xiaomi in yellow starting from 75561-132323 for office,laptop,75561,132323,Xiaomi,yellow,value,value
customer reviews fitness watch in blue below 62083 gaming,watch,0,62083,,blue,reviews,reviews
best earphones in orange between ₹19752 and ₹28537 wireless,headphone,19752,28537,,orange,ranking,best
worth it ssd ₹14994-15560 premium with good quality,storage,14994,15560,,,value,value
please suggest tablet Microsoft starting from 42043-101322 wireless,tablet,42043,101322,Microsoft,,ranking,best
please suggest external drive below 20613,storage,0,20613,,,ranking,best
best overall wireless headphones ₹10680-38687,headphone,10680,38687,,,ranking,best
please best reviews mechanical keyboard ₹3781-7247 for students,keyboard,3781,7247,,brown,reviews,reviews
value for money mechanical keyboard Panasonic ₹1196-12582 for students,keyboard,1196,12582,Panasonic,,value,value
recommended tablet under ₹50574 new,tablet,0,50574,,,ranking,best
affordable storage Xiaomi in orange ₹7506-27934 new,storage,7506,27934,Xiaomi,orange,value,value
value for money bluetooth speaker HP ₹18889-32969 for students,speaker,18889,32969,HP,,value,value
highest rated smartwatch in gold below 35377 latest,watch,0,35377,Google,gold,reviews,reviews
please top rated android phone Canon in yellow under ₹49893 gaming with good quality,phone,0,49893,Canon,yellow,reviews,reviews
pick for me phone under ₹73391 for students,phone,0,73391,,silver,ranking,best
best reviews iphone Sennheiser below 34423 wireless with good quality,phone,0,34423,Sennheiser,,reviews,reviews
value for money tablet under ₹115702 wireless,tablet,0,115702,,brown,value,value
affordable gaming mouse Western Digital under ₹17545 for students,mouse,0,17545,Western Digital,,value,value
highest rated notebook between ₹77534 and ₹198683 lightweight,laptop,77534,198683,Realme,white,reviews,reviews
please customer reviews android tablet in orange under ₹69197 for office,tablet,0,69197,Marshall,orange,reviews,reviews
please value for money screen between ₹4888 and ₹54503 wireless,monitor,4888,54503,,,value,value
please highest rated notebook in red under ₹123337 for students,laptop,0,123337,,red,reviews,reviews
best overall hdd Panasonic in white below 4680,storage,0,4680,Panasonic,white,ranking,best
cheap sneakers Nike ₹3810-14195,shoe,3810,14195,Nike,,value,value
best ssd between ₹1624 and ₹22163 wireless with good quality,storage,1624,22163,,black,ranking,best
best storage in green between ₹16034 and ₹24106 lightweight with good quality,storage,16034,24106,,green,ranking,best
budget fitness watch Microsoft starting from 22683-65260 for students,watch,22683,65260,Microsoft,,value,value
pick for me mouse in white ₹3607-8604 premium,mouse,3607,8604,,white,ranking,best
best mouse Fitbit ₹7881-17420,mouse,7881,17420,Fitbit,gray,ranking,best
highest rated bluetooth speaker Audio-Technica in gray below 47764 for students,speaker,0,47764,Audio-Technica,gray,reviews,reviews
suggest smartphone ₹19757-34403,phone,19757,34403,Microsoft,orange,ranking,best
value for money mechanical keyboard between ₹642 and ₹10686 durable,keyboard,642,10686,,,value,value
cheap smartwatch under ₹39176,watch,0,39176,,gray,value,value
budget bluetooth speaker in white starting from 19338-26250 latest,speaker,19338,26250,,white,value,value
value for money hdd Sennheiser starting from 1435-25245,storage,1435,25245,Sennheiser,,value,value
best overall keyboard under ₹9931 durable,keyboard,0,9931,,brown,ranking,best
budget fitness watch starting from 11831-75478 with good quality,watch,11831,75478,,,value,value
please best overall display Canon starting from 9026-16008 wireless with good quality,monitor,9026,16008,Canon,,ranking,best
please highest rated wireless headphones SteelSeries in blue under ₹49103 with good quality,headphone,0,49103,SteelSeries,blue,reviews,reviews
best overall external drive between ₹1038 and ₹3676 new,storage,1038,3676,,silver,ranking,best
suggest bluetooth speaker HP below 48797 lightweight,speaker,0,48797,HP,,ranking,best
please worth it fitness watch in red starting from 24678-74892 new with good quality,watch,24678,74892,Lenovo,red,value,value
please highest rated smartwatch HP starting from 4791-19498,watch,4791,19498,HP,navy,reviews,reviews
top rated smartwatch in orange ₹27852-33058,watch,27852,33058,,orange,reviews,reviews
please recommended phone below 18354 latest,phone,0,18354,,,ranking,best
best reviews camera Bose below 219285 lightweight,camera,0,219285,Bose,,reviews,reviews
best wireless headphones Xiaomi between ₹16747 and ₹34237,headphone,16747,34237,Xiaomi,gold,ranking,best
value for money boots Crucial ₹3014-8516 for office with good quality,shoe,3014,8516,Crucial,purple,value,value
suggest ssd Huawei ₹1825-26449,storage,1825,26449,Huawei,,ranking,best
please budget mobile Microsoft in green starting from 19707-66973 lightweight with good quality,phone,19707,66973,Microsoft,green,value,value
please customer reviews keyboard HP starting from 8087-18823 premium with good quality,keyboard,8087,18823,HP,,reviews,reviews
suggest monitor below 68080 gaming with good quality,monitor,0,68080,,navy,ranking,best
please best reviews ipad Bose under ₹111780 premium with good quality,tablet,0,111780,Bose,,reviews,reviews
best reviews mobile Asics ₹14059-25223 durable,phone,14059,25223,Asics,green,reviews,reviews
good reviews speaker in red under ₹18082,speaker,0,18082,,red,reviews,reviews
cheap monitor ₹18741-64543 for office,monitor,18741,64543,,,value,value
worth it mobile Nike starting from 22236-73964 premium with good quality,phone,22236,73964,Nike,,value,value
please good reviews gaming mouse Adidas between ₹1427 and ₹5099 gaming with good quality,mouse,1427,5099,Adidas,,reviews,reviews
highest rated laptop below 184848 gaming,laptop,0,184848,,,reviews,reviews
recommended ipad below 55603 new,tablet,0,55603,,,ranking,best
value for money gaming mouse ₹3018-16761 durable,mouse,3018,16761,,,value,value
worth it smartphone in silver under ₹31478,phone,0,31478,,silver,value,value
suggest keyboard Huawei between ₹3803 and ₹18258,keyboard,3803,18258,Huawei,red,ranking,best
please worth it tablet Lenovo under ₹86164 for students,tablet,0,86164,Lenovo,,value,value
best overall display Fitbit in black starting from 9116-73193 wireless with good quality,monitor,9116,73193,Fitbit,black,ranking,best
customer reviews camera Reebok starting from 72101-102900 new,camera,72101,102900,Reebok,gold,reviews,reviews
cheap wireless headphones between ₹14484 and ₹43398 with good quality,headphone,14484,43398,,,value,value
please cheap tablet ₹41848-110201 wireless with good quality,tablet,41848,110201,,,value,value
please top rated fitness watch Fitbit in orange ₹20768-50903 latest,watch,20768,50903,Fitbit,orange,reviews,reviews
please suggest speaker in black under ₹29724 premium with good quality,speaker,0,29724,POCO,black,ranking,best
please suggest bluetooth speaker between ₹9265 and ₹12890,speaker,9265,12890,,brown,ranking,best
good reviews smartphone between ₹22125 and ₹43343 with good quality,phone,22125,43343,ASUS,,reviews,reviews
suggest headphones under ₹15391 wireless,headphone,0,15391,OnePlus,,ranking,best
please worth it dslr Reebok ₹26005-216044 for office with good quality,camera,26005,216044,Reebok,,value,value
pick for me sneakers Dell starting from 6819-16406 premium,shoe,6819,16406,Dell,,ranking,best
best overall watch Seagate in orange starting from 23253-70692 gaming,watch,23253,70692,Seagate,orange,ranking,best
worth it iphone in black ₹13591-18140 latest,phone,13591,18140,,black,value,value
best overall tablet ₹38556-80049 premium,tablet,38556,80049,,yellow,ranking,best
please budget camera under ₹110865 latest,camera,0,110865,New Balance,,value,value
best overall sneakers starting from 1974-17469,shoe,1974,17469,,,ranking,best
good reviews storage ASUS in brown ₹1540-7116 durable,storage,1540,7116,ASUS,brown,reviews,reviews
best overall shoes Asics below 12083,shoe,0,12083,Asics,,ranking,best
good reviews laptop Fujifilm below 146062 wireless,laptop,0,146062,Fujifilm,green,reviews,reviews
affordable shoe Samsung between ₹2187 and ₹16087 wireless with good quality,shoe,2187,16087,Samsung,,value,value
good reviews mouse starting from 5991-12431,mouse,5991,12431,,white,reviews,reviews
cheap mobile between ₹32833 and ₹75532 latest,phone,32833,75532,Crucial,,value,value
good reviews sneakers below 7822 for students,shoe,0,7822,Fossil,black,reviews,reviews
best smartwatch starting from 10837-57866 for office,watch,10837,57866,,,ranking,best
top rated tablet Huawei ₹47662-57205 new with good quality,tablet,47662,57205,Huawei,,reviews,reviews
customer reviews monitor Western Digital in purple below 27888,monitor,0,27888,Western Digital,purple,reviews,reviews
best reviews display below 61007 gaming,monitor,0,61007,,silver,reviews,reviews
please cheap android tablet Nike under ₹53162 lightweight,tablet,0,53162,Nike,,value,value
good reviews android phone Fitbit starting from 21587-56026 latest,phone,21587,56026,Fitbit,,reviews,reviews
best reviews boots Huawei ₹3786-4207 latest,shoe,3786,4207,Huawei,,reviews,reviews
recommended keyboard Motorola ₹2669-7522 premium,keyboard,2669,7522,Motorola,,ranking,best
worth it bluetooth speaker between ₹17292 and ₹37877 for students with good quality,speaker,17292,37877,Audio-Technica,,value,value
please best reviews tablet between ₹45624 and ₹112770 for students,tablet,45624,112770,,,reviews,reviews
good reviews phone under ₹61165 latest,phone,0,61165,,,reviews,reviews
recommended boots below 3788 premium,shoe,0,3788,,,ranking,best
affordable earphones OnePlus below 18404 with good quality,headphone,0,18404,OnePlus,yellow,value,value
please best laptop ₹34568-118676 lightweight,laptop,34568,118676,MSI,,ranking,best
top rated screen Apple ₹15083-68682 for office,monitor,15083,68682,Apple,orange,reviews,reviews
suggest android phone Western Digital in brown below 54648 for office with good quality,phone,0,54648,Western Digital,brown,ranking,best
budget speaker New Balance starting from 925-30843 new,speaker,925,30843,New Balance,red,value,value
customer reviews running shoes between ₹5553 and ₹17140,shoe,5553,17140,,,reviews,reviews
worth it display starting from 32639-56475,monitor,32639,56475,,,value,value
best reviews mouse Audio-Technica ₹1003-7225 wireless,mouse,1003,7225,Audio-Technica,,reviews,reviews
recommended bluetooth speaker ASUS in orange between ₹9612 and ₹22729 for office,speaker,9612,22729,ASUS,orange,ranking,best
recommended earbuds under ₹16421 with good quality,headphone,0,16421,,red,ranking,best
please good reviews keyboard Seagate in blue between ₹4135 and ₹7677 premium,keyboard,4135,7677,Seagate,blue,reviews,reviews
please recommended sneakers POCO in silver between ₹999 and ₹10977 lightweight,shoe,999,10977,POCO,silver,ranking,best
recommended headphone between ₹2913 and ₹28063 new,headphone,2913,28063,,silver,ranking,best
please pick for me tablet Fitbit ₹29210-69084 premium,tablet,29210,69084,Fitbit,,ranking,best
please budget keyboard Garmin starting from 2586-13959,keyboard,2586,13959,Garmin,,value,value
affordable mouse below 16694 wireless with good quality,mouse,0,16694,,,value,value
please best earphones in blue below 49615 wireless,headphone,0,49615,Audio-Technica,blue,ranking,best
recommended fitness watch Motorola ₹17062-66567 premium with good quality,watch,17062,66567,Motorola,,ranking,best
best mouse ₹7091-8570,mouse,7091,8570,,,ranking,best
best reviews footwear in navy under ₹16115 durable with good quality,shoe,0,16115,,navy,reviews,reviews
worth it mobile ₹28735-58574 for students with good quality,phone,28735,58574,,,value,value
good reviews phone in yellow between ₹16085 and ₹73761 latest,phone,16085,73761,,yellow,reviews,reviews
worth it headphone ₹9708-13110 for office,headphone,9708,13110,,,value,value
budget display between ₹13642 and ₹25509,monitor,13642,25509,Western Digital,,value,value
please customer reviews camera starting from 96715-181358 new,camera,96715,181358,,gold,reviews,reviews
highest rated mirrorless camera starting from 38564-132856 for students with good quality,camera,38564,132856,POCO,,reviews,reviews
cheap smartwatch Sennheiser between ₹20060 and ₹29961 for office,watch,20060,29961,Sennheiser,,value,value
please highest rated smartphone Samsung starting from 20154-76794,phone,20154,76794,Samsung,,reviews,reviews
budget fitness watch in purple starting from 21363-43641 for office,watch,21363,43641,,purple,value,value
please top rated external drive ₹12378-33152 wireless,storage,12378,33152,Google,,reviews,reviews
customer reviews ssd Xiaomi ₹5135-25652 for office,storage,5135,25652,Xiaomi,,reviews,reviews
good reviews fitness watch in navy under ₹70160 wireless,watch,0,70160,Puma,navy,reviews,reviews
affordable android tablet Canon between ₹36938 and ₹111893 latest,tablet,36938,111893,Canon,,value,value
pick for me mobile in silver under ₹50256 latest with good quality,phone,0,50256,,silver,ranking,best
please budget shoe Seagate in black starting from 1975-12585 premium,shoe,1975,12585,Seagate,black,value,value
recommended earbuds Canon in purple below 36641 lightweight,headphone,0,36641,Canon,purple,ranking,best
best reviews watch below 28569 lightweight,watch,0,28569,ASUS,gold,reviews,reviews
please best hdd in purple starting from 4394-23662 new,storage,4394,23662,,purple,ranking,best
budget camera between ₹46464 and ₹199141 lightweight,camera,46464,199141,,,value,value
cheap smartphone below 41431 with good quality,phone,0,41431,,,value,value
best hdd starting from 9962-33745 for office,storage,9962,33745,,,ranking,best
pick for me bluetooth speaker Xiaomi starting from 18104-48732 new,speaker,18104,48732,Xiaomi,,ranking,best
affordable boots Dell under ₹16052,shoe,0,16052,Dell,,value,value
top rated display in navy under ₹38353 lightweight,monitor,0,38353,,navy,reviews,reviews
cheap notebook Dell under ₹122566 lightweight,laptop,0,122566,Dell,,value,value
value for money sneakers Panasonic starting from 1416-10179 latest,shoe,1416,10179,Panasonic,,value,value
please value for money screen JBL under ₹30777 for students,monitor,0,30777,JBL,,value,value
best reviews monitor MSI between ₹21702 and ₹65800 for office with good quality,monitor,21702,65800,MSI,,reviews,reviews
value for money keyboard Sony under ₹3085,keyboard,0,3085,Sony,,value,value
value for money speaker Acer ₹10959-43356 gaming,speaker,10959,43356,Acer,green,value,value
suggest display Realme starting from 7364-66816 premium,monitor,7364,66816,Realme,,ranking,best
budget mouse under ₹2162 new with good quality,mouse,0,2162,,,value,value
cheap screen in red ₹18872-30365 gaming,monitor,18872,30365,Asics,red,value,value
budget speaker Kingston in orange below 21553 for students,speaker,0,21553,Kingston,orange,value,value
best reviews smartphone between ₹13255 and ₹26385 gaming,phone,13255,26385,,,reviews,reviews
best reviews fitness watch starting from 6430-15009,watch,6430,15009,,,reviews,reviews
highest rated gaming mouse below 11097 with good quality,mouse,0,11097,,,reviews,reviews
suggest display starting from 15431-78632 for office,monitor,15431,78632,,,ranking,best
top rated dslr between ₹100733 and ₹231129 for office with good quality,camera,100733,231129,Sony,,reviews,reviews
top rated monitor between ₹13176 and ₹57561 latest with good quality,monitor,13176,57561,,,reviews,reviews
good reviews fitness watch Nikon starting from 9796-59528 durable,watch,9796,59528,Nikon,red,reviews,reviews
please best overall shoes between ₹4955 and ₹16691 wireless with good quality,shoe,4955,16691,,,ranking,best
recommended monitor between ₹24951 and ₹65425 premium,monitor,24951,65425,Fitbit,,ranking,best
good reviews notebook ₹42396-142801 new,laptop,42396,142801,,,reviews,reviews
customer reviews monitor Panasonic between ₹25966 and ₹32558 durable,monitor,25966,32558,Panasonic,,reviews,reviews
suggest android tablet starting from 29724-95489 new,tablet,29724,95489,,,ranking,best
budget smartwatch starting from 24540-47005,watch,24540,47005,,,value,value
pick for me laptop between ₹29308 and ₹173217,laptop,29308,173217,,,ranking,best
highest rated phone Kingston in blue under ₹21656 gaming,phone,0,21656,Kingston,blue,reviews,reviews
please pick for me screen between ₹4917 and ₹52584,monitor,4917,52584,,,ranking,best
worth it headphones in black between ₹10620 and ₹21496,headphone,10620,21496,Lenovo,black,value,value
cheap watch Puma under ₹27321,watch,0,27321,Puma,,value,value
please good reviews mouse POCO starting from 6718-14550,mouse,6718,14550,POCO,,reviews,reviews
please best dslr Fossil below 239233,camera,0,239233,Fossil,green,ranking,best
budget fitness watch ₹28389-52476 latest,watch,28389,52476,,,value,value
best overall computer between ₹78780 and ₹128078 for office,laptop,78780,128078,,orange,ranking,best
recommended monitor in brown under ₹69166,monitor,0,69166,Adidas,brown,ranking,best
customer reviews dslr in navy between ₹38934 and ₹223657,camera,38934,223657,,navy,reviews,reviews
value for money android tablet Sony below 103429,tablet,0,103429,Sony,,value,value
value for money running shoes Razer in navy under ₹18190,shoe,0,18190,Razer,navy,value,value
top rated computer in red ₹30343-195562,laptop,30343,195562,Apple,red,reviews,reviews
please value for money mirrorless camera Logitech below 107586 premium,camera,0,107586,Logitech,,value,value
top rated ultrabook Reebok starting from 68175-131085 durable,laptop,68175,131085,Reebok,gold,reviews,reviews
worth it boots under ₹13712 premium with good quality,shoe,0,13712,,,value,value
please value for money headphone below 40411 wireless with good quality,headphone,0,40411,,,value,value
top rated sneakers ₹5501-8495 lightweight,shoe,5501,8495,,,reviews,reviews
recommended ipad Xiaomi starting from 13354-95889,tablet,13354,95889,Xiaomi,,ranking,best
best headphone in silver starting from 2554-30086 new,headphone,2554,30086,New Balance,silver,ranking,best
worth it camera below 142069 lightweight,camera,0,142069,Fitbit,,value,value
highest rated iphone in purple under ₹71085 new,phone,0,71085,Lenovo,purple,reviews,reviews
budget gaming mouse Lenovo between ₹5283 and ₹10037 premium,mouse,5283,10037,Lenovo,,value,value
affordable earbuds below 33875 latest,headphone,0,33875,,red,value,value
top rated wireless headphones Acer in navy between ₹16692 and ₹37172,headphone,16692,37172,Acer,navy,reviews,reviews
top rated keyboard in gray between ₹7582 and ₹8063 new with good quality,keyboard,7582,8063,,gray,reviews,reviews
highest rated ipad in navy starting from 47935-113572 lightweight,tablet,47935,113572,,navy,reviews,reviews
highest rated hdd under ₹15253 gaming with good quality,storage,0,15253,,white,reviews,reviews
good reviews ipad below 39002 for students with good quality,tablet,0,39002,,,reviews,reviews
top rated headphones ₹7895-39388 lightweight,headphone,7895,39388,,,reviews,reviews
best reviews keyboard between ₹8184 and ₹15855 latest,keyboard,8184,15855,,,reviews,reviews
best reviews ipad below 67478,tablet,0,67478,,,reviews,reviews
worth it fitness watch starting from 18348-41267 new,watch,18348,41267,,,value,value
highest rated mouse in white below 19045 with good quality,mouse,0,19045,,white,reviews,reviews
best reviews gaming mouse below 9642 for students,mouse,0,9642,,,reviews,reviews
budget display between ₹11068 and ₹35548 with good quality,monitor,11068,35548,Nike,purple,value,value
best reviews footwear in brown below 6498 lightweight,shoe,0,6498,,brown,reviews,reviews
top rated screen in green ₹20473-36343 premium,monitor,20473,36343,,green,reviews,reviews
top rated mouse below 18187 new,mouse,0,18187,,,reviews,reviews
good reviews speaker Xiaomi ₹12594-24359 new,speaker,12594,24359,Xiaomi,,reviews,reviews
affordable phone ₹26882-50467 latest with good quality,phone,26882,50467,Seagate,,value,value
top rated smartwatch Adidas below 41287 for office,watch,0,41287,Adidas,,reviews,reviews
please good reviews sneakers between ₹6947 and ₹15952 for students,shoe,6947,15952,,gray,reviews,reviews
please suggest screen between ₹28415 and ₹74042 for office with good quality,monitor,28415,74042,,,ranking,best
please budget computer Western Digital ₹35416-85947 with good quality,laptop,35416,85947,Western Digital,,value,value
pick for me speaker Puma below 7286 latest,speaker,0,7286,Puma,,ranking,best
worth it headphone below 22972 for office,headphone,0,22972,,,value,value
best overall storage under ₹17017 gaming,storage,0,17017,,,ranking,best
please best reviews footwear between ₹2098 and ₹8983 for students,shoe,2098,8983,Microsoft,brown,reviews,reviews
please cheap ssd Asics between ₹8212 and ₹27680 with good quality,storage,8212,27680,Asics,,value,value
highest rated storage below 36602 for students,storage,0,36602,,,reviews,reviews
budget android tablet between ₹34093 and ₹39536,tablet,34093,39536,Crucial,,value,value
customer reviews android tablet Marshall between ₹30493 and ₹61436 new,tablet,30493,61436,Marshall,yellow,reviews,reviews
best reviews earbuds ₹1550-46091 latest,headphone,1550,46091,,white,reviews,reviews
worth it mechanical keyboard in gold below 12879 gaming,keyboard,0,12879,,gold,value,value
cheap mouse Seagate between ₹4457 and ₹8915 with good quality,mouse,4457,8915,Seagate,,value,value
customer reviews earbuds Razer in silver ₹14024-47983,headphone,14024,47983,Razer,silver,reviews,reviews
please best reviews mechanical keyboard under ₹11259,keyboard,0,11259,,,reviews,reviews
cheap mechanical keyboard under ₹18968 lightweight,keyboard,0,18968,,,value,value
please budget wireless headphones Asics ₹19238-39652 lightweight,headphone,19238,39652,Asics,,value,value
best reviews storage between ₹15228 and ₹35496 durable with good quality,storage,15228,35496,Crucial,,reviews,reviews
best tablet in brown under ₹42860 for office,tablet,0,42860,,brown,ranking,best
please value for money screen Seagate below 22972 gaming,monitor,0,22972,Seagate,,value,value
good reviews ssd under ₹6494,storage,0,6494,Razer,,reviews,reviews
please top rated screen Nikon starting from 31312-61584 lightweight,monitor,31312,61584,Nikon,green,reviews,reviews
best gaming mouse in purple under ₹9787 for office,mouse,0,9787,,purple,ranking,best
best reviews screen Nike below 14259 for office,monitor,0,14259,Nike,,reviews,reviews
pick for me camera Razer under ₹82427,camera,0,82427,Razer,,ranking,best
value for money macbook in gray between ₹79314 and ₹108110 latest with good quality,laptop,79314,108110,,gray,value,value
value for money keyboard ₹2105-11106,keyboard,2105,11106,,,value,value
top rated monitor in white ₹24115-44297 premium,monitor,24115,44297,,white,reviews,reviews
value for money gaming mouse OnePlus ₹8175-13771 new with good quality,mouse,8175,13771,OnePlus,,value,value
please value for money ultrabook below 133665,laptop,0,133665,,green,value,value
highest rated keyboard ₹7330-11845,keyboard,7330,11845,,,reviews,reviews
please good reviews shoes in red below 18903 gaming,shoe,0,18903,,red,reviews,reviews
please recommended smartwatch Canon under ₹74028 for office,watch,0,74028,Canon,,ranking,best
highest rated computer Apple between ₹54465 and ₹166157 premium,laptop,54465,166157,Apple,,reviews,reviews
pick for me screen below 51143 for office,monitor,0,51143,,,ranking,best
please cheap mirrorless camera JBL starting from 91781-205793 latest,camera,91781,205793,JBL,red,value,value
please highest rated gaming mouse HP ₹5726-14152 for students,mouse,5726,14152,HP,,reviews,reviews
best reviews speaker Sony in red starting from 17249-41906,speaker,17249,41906,Sony,red,reviews,reviews
highest rated screen below 77057 wireless,monitor,0,77057,,yellow,reviews,reviews
please value for money mirrorless camera under ₹69453 new,camera,0,69453,,green,value,value
please budget mouse Realme between ₹1910 and ₹9157,mouse,1910,9157,Realme,,value,value
affordable dslr Xiaomi between ₹90468 and ₹199560 premium,camera,90468,199560,Xiaomi,,value,value
pick for me storage in blue under ₹35287,storage,0,35287,,blue,ranking,best
best overall running shoes Acer under ₹13316 premium,shoe,0,13316,Acer,,ranking,best
value for money ultrabook Samsung starting from 85257-138542,laptop,85257,138542,Samsung,silver,value,value
please value for money shoes between ₹6970 and ₹19617 durable,shoe,6970,19617,Canon,,value,value
good reviews headphones Nike in silver between ₹8182 and ₹17447 wireless,headphone,8182,17447,Nike,silver,reviews,reviews
please recommended bluetooth speaker JBL under ₹43076 lightweight,speaker,0,43076,JBL,,ranking,best
good reviews mouse Panasonic between ₹1391 and ₹10311 lightweight,mouse,1391,10311,Panasonic,,reviews,reviews
customer reviews headphone under ₹40687 wireless with good quality,headphone,0,40687,,,reviews,reviews
please customer reviews mechanical keyboard between ₹7644 and ₹8681 wireless,keyboard,7644,8681,,,reviews,reviews
please cheap earbuds in gold starting from 16670-27482 durable,headphone,16670,27482,Microsoft,gold,value,value
top rated smartwatch ASUS under ₹22366 for office,watch,0,22366,ASUS,orange,reviews,reviews
cheap smartwatch in purple ₹28601-71327 with good quality,watch,28601,71327,,purple,value,value
please best hdd Huawei under ₹27258,storage,0,27258,Huawei,,ranking,best
budget watch ₹7206-55802,watch,7206,55802,,,value,value
value for money phone Sony in yellow below 63852 with good quality,phone,0,63852,Sony,yellow,value,value
best reviews android tablet in blue under ₹56043 gaming with good quality,tablet,0,56043,,blue,reviews,reviews
customer reviews display below 36717 durable with good quality,monitor,0,36717,,,reviews,reviews
please highest rated shoes ₹5211-18047 for students,shoe,5211,18047,,,reviews,reviews
customer reviews headphones Realme starting from 3501-13807 durable,headphone,3501,13807,Realme,,reviews,reviews
please highest rated monitor below 41634 for students,monitor,0,41634,,brown,reviews,reviews
best reviews ssd in gray starting from 11091-30715 for office,storage,11091,30715,,gray,reviews,reviews
please best overall android phone Seagate between ₹10855 and ₹52977 latest,phone,10855,52977,Seagate,white,ranking,best
recommended dslr below 241040 gaming,camera,0,241040,,,ranking,best
good reviews laptop Fossil in yellow below 83549,laptop,0,83549,Fossil,yellow,reviews,reviews
good reviews headphones between ₹7315 and ₹9458,headphone,7315,9458,,,reviews,reviews
highest rated display under ₹46637 new with good quality,monitor,0,46637,,,reviews,reviews
best notebook in navy between ₹71254 and ₹128280 gaming,laptop,71254,128280,,navy,ranking,best
please pick for me footwear Reebok ₹4539-16520 for office,shoe,4539,16520,Reebok,yellow,ranking,best
please highest rated storage New Balance between ₹9403 and ₹29797,storage,9403,29797,New Balance,,reviews,reviews
top rated earbuds Apple between ₹2900 and ₹14938 for office with good quality,headphone,2900,14938,Apple,,reviews,reviews
best mouse in black starting from 7724-9025 for office,mouse,7724,9025,,black,ranking,best
best overall mouse Western Digital starting from 4405-5935 lightweight,mouse,4405,5935,Western Digital,,ranking,best
good reviews keyboard Kingston in gray between ₹522 and ₹3911 latest,keyboard,522,3911,Kingston,gray,reviews,reviews
best overall bluetooth speaker under ₹23079 durable with good quality,speaker,0,23079,,,ranking,best
please good reviews phone ₹22302-44587 lightweight,phone,22302,44587,,,reviews,reviews
pick for me monitor ₹11841-54790,monitor,11841,54790,,,ranking,best
please suggest mouse Fujifilm ₹1260-18455 with good quality,mouse,1260,18455,Fujifilm,yellow,ranking,best
good reviews smartphone Panasonic in yellow below 71155 lightweight with good quality,phone,0,71155,Panasonic,yellow,reviews,reviews
good reviews earbuds Panasonic in purple between ₹17348 and ₹31997 wireless,headphone,17348,31997,Panasonic,purple,reviews,reviews
please cheap smartphone in gold between ₹13796 and ₹27854 for students,phone,13796,27854,Fujifilm,gold,value,value
highest rated footwear Asics in blue under ₹18159 for office,shoe,0,18159,Asics,blue,reviews,reviews
please top rated storage Fujifilm below 38039 premium,storage,0,38039,Fujifilm,,reviews,reviews
pick for me ssd between ₹5319 and ₹11238 with good quality,storage,5319,11238,,,ranking,best
highest rated storage ₹7907-35595,storage,7907,35595,,,reviews,reviews
pick for me camera ₹91545-152849,camera,91545,152849,,,ranking,best
best reviews iphone SteelSeries under ₹26873,phone,0,26873,SteelSeries,purple,reviews,reviews
budget tablet Logitech in brown under ₹79280 latest,tablet,0,79280,Logitech,brown,value,value
good reviews iphone starting from 23561-57104 durable,phone,23561,57104,,,reviews,reviews
worth it mechanical keyboard ₹6500-12524 wireless with good quality,keyboard,6500,12524,,,value,value
budget mouse in orange starting from 943-13449,mouse,943,13449,,orange,value,value
pick for me storage starting from 13483-29843,storage,13483,29843,,,ranking,best
suggest gaming mouse under ₹8711 latest,mouse,0,8711,,black,ranking,best
please best reviews phone Xiaomi in silver below 75758 wireless,phone,0,75758,Xiaomi,silver,reviews,reviews
please best overall bluetooth speaker in brown below 37377,speaker,0,37377,,brown,ranking,best
customer reviews android tablet Marshall ₹12578-31583 for office,tablet,12578,31583,Marshall,,reviews,reviews
suggest tablet in navy below 56309,tablet,0,56309,Fitbit,navy,ranking,best
top rated speaker under ₹13378 gaming with good quality,speaker,0,13378,,,reviews,reviews
please best reviews shoe in red ₹1651-16634,shoe,1651,16634,,red,reviews,reviews
pick for me ipad POCO in orange under ₹36807 with good quality,tablet,0,36807,POCO,orange,ranking,best
best reviews mobile starting from 27842-71251 latest,phone,27842,71251,,,reviews,reviews
pick for me monitor between ₹6651 and ₹51501,monitor,6651,51501,,,ranking,best
value for money gaming mouse New Balance starting from 994-10186,mouse,994,10186,New Balance,green,value,value
best overall mirrorless camera New Balance ₹67589-150735 with good quality,camera,67589,150735,New Balance,silver,ranking,best
budget keyboard under ₹15530 lightweight,keyboard,0,15530,Canon,,value,value
best reviews phone below 29812 for office with good quality,phone,0,29812,Panasonic,navy,reviews,reviews
best overall keyboard in blue starting from 6229-6603 latest,keyboard,6229,6603,,blue,ranking,best
pick for me fitness watch in purple starting from 22783-72973 wireless,watch,22783,72973,,purple,ranking,best
pick for me mouse starting from 2216-7043,mouse,2216,7043,,,ranking,best
highest rated bluetooth speaker ₹16892-41211,speaker,16892,41211,,,reviews,reviews
please top rated android tablet Google in gray below 24009 premium with good quality,tablet,0,24009,Google,gray,reviews,reviews
worth it laptop Acer between ₹77281 and ₹126430,laptop,77281,126430,Acer,,value,value
recommended display ASUS below 53593 with good quality,monitor,0,53593,ASUS,,ranking,best
suggest mechanical keyboard Logitech starting from 901-5835 with good quality,keyboard,901,5835,Logitech,white,ranking,best
please best reviews screen in purple below 55621,monitor,0,55621,,purple,reviews,reviews
worth it storage Canon starting from 9394-16483,storage,9394,16483,Canon,,value,value
budget ipad below 64579 latest,tablet,0,64579,,,value,value
please recommended gaming mouse between ₹4431 and ₹13534 durable,mouse,4431,13534,,,ranking,best
recommended earbuds starting from 7254-21125,headphone,7254,21125,,,ranking,best
pick for me running shoes Nikon in brown below 15202 latest,shoe,0,15202,Nikon,brown,ranking,best
value for money mechanical keyboard starting from 6332-10282 with good quality,keyboard,6332,10282,,,value,value
budget speaker in gray under ₹49131 for students with good quality,speaker,0,49131,,gray,value,value
pick for me wireless headphones Samsung in blue ₹5761-24288 gaming with good quality,headphone,5761,24288,Samsung,blue,ranking,best
best mechanical keyboard ₹2232-7059 gaming with good quality,keyboard,2232,7059,,,ranking,best
good reviews monitor POCO starting from 19591-69957 latest,monitor,19591,69957,POCO,,reviews,reviews
value for money headphones starting from 12429-47013 durable,headphone,12429,47013,,,value,value
top rated external drive between ₹11565 and ₹37894 wireless,storage,11565,37894,,,reviews,reviews
highest rated monitor between ₹16278 and ₹34383 for office,monitor,16278,34383,,purple,reviews,reviews
affordable storage Fujifilm below 31955 premium,storage,0,31955,Fujifilm,,value,value
please top rated hdd under ₹24435 latest,storage,0,24435,,,reviews,reviews
worth it storage Panasonic below 33940 with good quality,storage,0,33940,Panasonic,,value,value
please worth it watch SteelSeries under ₹17057 latest,watch,0,17057,SteelSeries,purple,value,value
customer reviews gaming mouse below 19532 with good quality,mouse,0,19532,,,reviews,reviews
best reviews notebook below 95301 durable,laptop,0,95301,,yellow,reviews,reviews
please affordable tablet ₹32485-118662 lightweight with good quality,tablet,32485,118662,,,value,value
value for money mechanical keyboard Marshall between ₹7972 and ₹8853,keyboard,7972,8853,Marshall,,value,value
recommended phone Marshall starting from 21474-29012,phone,21474,29012,Marshall,,ranking,best
budget iphone Realme starting from 20312-58385 wireless,phone,20312,58385,Realme,,value,value
value for money keyboard below 6159 latest with good quality,keyboard,0,6159,,,value,value
value for money fitness watch JBL starting from 31860-44497 for office,watch,31860,44497,JBL,,value,value
highest rated external drive under ₹9969 lightweight,storage,0,9969,,,reviews,reviews
value for money mirrorless camera Acer between ₹36477 and ₹167638 for students,camera,36477,167638,Acer,,value,value
affordable dslr Adidas under ₹236944 wireless with good quality,camera,0,236944,Adidas,,value,value
cheap shoes under ₹19268 gaming with good quality,shoe,0,19268,,navy,value,value
cheap fitness watch Sony ₹29137-52980 for students,watch,29137,52980,Sony,,value,value
cheap display below 47772 latest,monitor,0,47772,,,value,value
customer reviews laptop Seagate under ₹189146 for students,laptop,0,189146,Seagate,,reviews,reviews
best wireless headphones in white below 44874 for office with good quality,headphone,0,44874,Garmin,white,ranking,best
best speaker in blue between ₹1043 and ₹41355 premium,speaker,1043,41355,,blue,ranking,best
affordable boots JBL in blue between ₹8025 and ₹11185 gaming,shoe,8025,11185,JBL,blue,value,value
top rated camera in orange between ₹84587 and ₹95465,camera,84587,95465,,orange,reviews,reviews
please highest rated ipad MSI below 23810 gaming,tablet,0,23810,MSI,,reviews,reviews
worth it screen under ₹44661 new,monitor,0,44661,Lenovo,,value,value
good reviews mouse between ₹1263 and ₹2627 premium,mouse,1263,2627,,white,reviews,reviews
pick for me fitness watch MSI below 68405 for students,watch,0,68405,MSI,,ranking,best
recommended smartwatch in orange starting from 10228-47334 for office,watch,10228,47334,,orange,ranking,best
best mechanical keyboard between ₹4813 and ₹15631 premium with good quality,keyboard,4813,15631,,,ranking,best
please best tablet between ₹32513 and ₹59797 lightweight,tablet,32513,59797,,,ranking,best
suggest fitness watch Apple ₹6569-70358 wireless,watch,6569,70358,Apple,,ranking,best
value for money display Huawei starting from 7612-71065 for office,monitor,7612,71065,Huawei,purple,value,value
highest rated speaker ₹7256-15328 durable,speaker,7256,15328,,,reviews,reviews
best footwear in silver ₹5507-16003 gaming,shoe,5507,16003,,silver,ranking,best
cheap shoes Logitech under ₹11970 latest,shoe,0,11970,Logitech,,value,value
customer reviews mouse ₹1355-13650 durable with good quality,mouse,1355,13650,,,reviews,reviews
please best overall dslr in silver under ₹197187 gaming,camera,0,197187,,silver,ranking,best
good reviews watch under ₹27754 wireless,watch,0,27754,,yellow,reviews,reviews
value for money ipad Razer in brown ₹13808-40433 latest,tablet,13808,40433,Razer,brown,value,value
best mobile in yellow between ₹18211 and ₹56610 gaming,phone,18211,56610,,yellow,ranking,best
good reviews ipad Puma under ₹97615 with good quality,tablet,0,97615,Puma,,reviews,reviews
best reviews mechanical keyboard in gold below 7329 latest with good quality,keyboard,0,7329,Asics,gold,reviews,reviews
top rated headphones in green ₹905-16578 wireless,headphone,905,16578,,green,reviews,reviews
top rated mouse New Balance below 9504 for office,mouse,0,9504,New Balance,,reviews,reviews
suggest screen POCO under ₹59451 lightweight,monitor,0,59451,POCO,,ranking,best
best reviews smartwatch ₹8108-51217,watch,8108,51217,,blue,reviews,reviews
good reviews boots below 11482 with good quality,shoe,0,11482,,,reviews,reviews
affordable speaker under ₹34629 latest,speaker,0,34629,,,value,value
suggest mouse in green below 11587 for office,mouse,0,11587,,green,ranking,best
please highest rated smartphone in gray between ₹31500 and ₹34936,phone,31500,34936,,gray,reviews,reviews
recommended mechanical keyboard between ₹1870 and ₹8274,keyboard,1870,8274,,,ranking,best
best reviews keyboard in purple between ₹3508 and ₹18060 for students with good quality,keyboard,3508,18060,,purple,reviews,reviews
best reviews headphones starting from 12800-33623,headphone,12800,33623,,,reviews,reviews
please pick for me gaming mouse ₹4891-8173 for students with good quality,mouse,4891,8173,,,ranking,best
suggest footwear OnePlus below 19741 wireless,shoe,0,19741,OnePlus,,ranking,best
customer reviews android tablet in orange starting from 37757-75776,tablet,37757,75776,,orange,reviews,reviews
customer reviews tablet below 55163,tablet,0,55163,,red,reviews,reviews
good reviews phone Fujifilm starting from 21761-77655 with good quality,phone,21761,77655,Fujifilm,green,reviews,reviews
please top rated storage Apple under ₹24485 new with good quality,storage,0,24485,Apple,,reviews,reviews
best ultrabook below 152020 for office with good quality,laptop,0,152020,,,ranking,best
pick for me tablet Sony below 41943 for office with good quality,tablet,0,41943,Sony,,ranking,best
please best overall headphones Panasonic in orange ₹9538-30830 for students,headphone,9538,30830,Panasonic,orange,ranking,best
affordable smartphone starting from 11290-38760 lightweight,phone,11290,38760,,,value,value
please best reviews camera Sony ₹92062-102911 with good quality,camera,92062,102911,Sony,,reviews,reviews
suggest smartwatch Seagate between ₹7761 and ₹79813 premium,watch,7761,79813,Seagate,,ranking,best
suggest monitor Xiaomi ₹32818-44955 lightweight,monitor,32818,44955,Xiaomi,,ranking,best
customer reviews mirrorless camera New Balance ₹13631-140106 for office with good quality,camera,13631,140106,New Balance,,reviews,reviews
cheap mechanical keyboard ₹1510-11225 lightweight with good quality,keyboard,1510,11225,,,value,value
pick for me ssd between ₹6935 and ₹29210 for office,storage,6935,29210,,green,ranking,best
best overall android tablet Realme ₹16556-82907 for office,tablet,16556,82907,Realme,silver,ranking,best
best keyboard in white ₹3655-6502 new,keyboard,3655,6502,,white,ranking,best
budget android tablet under ₹70066 gaming with good quality,tablet,0,70066,,,value,value
cheap footwear starting from 7128-9685 durable,shoe,7128,9685,,,value,value
cheap mouse starting from 4197-14356 wireless with good quality,mouse,4197,14356,,,value,value
best overall earbuds ₹4123-15386 premium,headphone,4123,15386,,,ranking,best
please cheap mouse in black under ₹4496 with good quality,mouse,0,4496,,black,value,value
cheap footwear below 11707,shoe,0,11707,,white,value,value
highest rated earbuds Huawei in gray below 24708 premium,headphone,0,24708,Huawei,gray,reviews,reviews
recommended earbuds Adidas between ₹15661 and ₹34419 for office,headphone,15661,34419,Adidas,,ranking,best
please top rated monitor starting from 20486-76794 durable with good quality,monitor,20486,76794,,,reviews,reviews
please value for money dslr HP below 176041 for students,camera,0,176041,HP,,value,value
value for money tablet Apple ₹28850-110674 lightweight with good quality,tablet,28850,110674,Apple,,value,value
top rated watch in purple between ₹1255 and ₹71104,watch,1255,71104,,purple,reviews,reviews
please highest rated keyboard Bose below 2995 latest,keyboard,0,2995,Bose,white,reviews,reviews
best reviews mouse in silver under ₹9305,mouse,0,9305,,silver,reviews,reviews
please affordable mouse Corsair ₹2966-8339 gaming,mouse,2966,8339,Corsair,,value,value
please value for money mouse POCO between ₹3049 and ₹7099,mouse,3049,7099,POCO,,value,value
please top rated dslr New Balance in green between ₹104516 and ₹156030 premium,camera,104516,156030,New Balance,green,reviews,reviews
customer reviews bluetooth speaker Acer starting from 6926-46158 wireless,speaker,6926,46158,Acer,,reviews,reviews
best overall monitor Dell ₹15354-27106 for office,monitor,15354,27106,Dell,,ranking,best
pick for me ultrabook in green starting from 35195-116180 for students with good quality,laptop,35195,116180,Garmin,green,ranking,best
value for money speaker Realme between ₹4569 and ₹21329 for office,speaker,4569,21329,Realme,,value,value
suggest computer Google between ₹84717 and ₹199438,laptop,84717,199438,Google,,ranking,best
please best reviews screen ₹16775-48389 for office,monitor,16775,48389,,orange,reviews,reviews
value for money hdd Motorola in purple ₹13069-39562 for office,storage,13069,39562,Motorola,purple,value,value
affordable earbuds between ₹12328 and ₹20367 new,headphone,12328,20367,,white,value,value
best overall mechanical keyboard below 4442,keyboard,0,4442,MSI,,ranking,best
cheap camera New Balance starting from 61854-162333 lightweight,camera,61854,162333,New Balance,,value,value
worth it mechanical keyboard under ₹4862 lightweight,keyboard,0,4862,,,value,value
value for money monitor below 16801 latest,monitor,0,16801,,,value,value
top rated android tablet below 93366 premium with good quality,tablet,0,93366,,,reviews,reviews
recommended notebook Puma below 194642 gaming,laptop,0,194642,Puma,,ranking,best
customer reviews bluetooth speaker below 32354 for students,speaker,0,32354,,,reviews,reviews
budget mechanical keyboard below 16918 for office,keyboard,0,16918,,black,value,value
please cheap watch HP below 58155 for office,watch,0,58155,HP,,value,value
please value for money wireless headphones starting from 10589-47884 for students with good quality,headphone,10589,47884,,,value,value
recommended mouse in navy starting from 4741-9392 wireless,mouse,4741,9392,Asics,navy,ranking,best
value for money smartphone between ₹21441 and ₹37971,phone,21441,37971,,,value,value
top rated earphones starting from 8633-20027 durable with good quality,headphone,8633,20027,,green,reviews,reviews
good reviews keyboard Garmin in white below 13786 latest,keyboard,0,13786,Garmin,white,reviews,reviews
please value for money bluetooth speaker in blue between ₹4200 and ₹17232 wireless,speaker,4200,17232,,blue,value,value
suggest notebook Microsoft starting from 72102-115071 gaming,laptop,72102,115071,Microsoft,,ranking,best
customer reviews mechanical keyboard Samsung in navy between ₹6353 and ₹13659,keyboard,6353,13659,Samsung,navy,reviews,reviews
worth it mobile between ₹29262 and ₹36081 new,phone,29262,36081,,,value,value
highest rated smartphone in green below 26949,phone,0,26949,,green,reviews,reviews
recommended notebook Nike between ₹60248 and ₹90250 new with good quality,laptop,60248,90250,Nike,green,ranking,best
affordable mobile starting from 26178-62815,phone,26178,62815,Western Digital,gold,value,value
please top rated android tablet between ₹40679 and ₹99025,tablet,40679,99025,,,reviews,reviews
please recommended ssd starting from 11274-29652 new,storage,11274,29652,,,ranking,best
recommended external drive Logitech in orange under ₹39045 wireless,storage,0,39045,Logitech,orange,ranking,best
best laptop under ₹196830 for office,laptop,0,196830,,,ranking,best
best tablet Bose below 96445 lightweight with good quality,tablet,0,96445,Bose,green,ranking,best
good reviews sneakers Apple between ₹5357 and ₹17578,shoe,5357,17578,Apple,brown,reviews,reviews
worth it mouse OnePlus ₹8025-9385 premium,mouse,8025,9385,OnePlus,,value,value
top rated shoes Canon in green below 14749 with good quality,shoe,0,14749,Canon,green,reviews,reviews
affordable ssd in black below 24967 with good quality,storage,0,24967,,black,value,value
top rated shoes starting from 2788-17336,shoe,2788,17336,,gold,reviews,reviews
value for money mechanical keyboard between ₹917 and ₹11102 new,keyboard,917,11102,,,value,value
highest rated dslr Sony in brown ₹25216-203828 for students with good quality,camera,25216,203828,Sony,brown,reviews,reviews
best overall mobile in silver starting from 11426-13945 gaming,phone,11426,13945,,silver,ranking,best
please suggest notebook ₹48693-137778 gaming,laptop,48693,137778,,,ranking,best
value for money android tablet Kingston starting from 50310-84346 durable,tablet,50310,84346,Kingston,,value,value
please best reviews keyboard in black starting from 2172-11555 for students,keyboard,2172,11555,,black,reviews,reviews
please best overall iphone in brown starting from 15176-74425 with good quality,phone,15176,74425,,brown,ranking,best
please cheap tablet Audio-Technica under ₹53295,tablet,0,53295,Audio-Technica,green,value,value
please worth it mechanical keyboard Kingston in yellow starting from 961-5847 for office,keyboard,961,5847,Kingston,yellow,value,value
please suggest gaming mouse starting from 6794-15541 with good quality,mouse,6794,15541,,,ranking,best
affordable gaming mouse in gray under ₹15029 for students,mouse,0,15029,,gray,value,value
suggest bluetooth speaker starting from 13406-20111 for students with good quality,speaker,13406,20111,,orange,ranking,best
please top rated bluetooth speaker OnePlus starting from 16276-18799,speaker,16276,18799,OnePlus,red,reviews,reviews
please affordable earphones Corsair starting from 18385-36045,headphone,18385,36045,Corsair,brown,value,value
suggest phone in silver below 40803 lightweight,phone,0,40803,,silver,ranking,best
suggest keyboard in brown under ₹16045 premium,keyboard,0,16045,,brown,ranking,best
please recommended android tablet ₹22133-76144,tablet,22133,76144,,,ranking,best
please best reviews gaming mouse below 14686,mouse,0,14686,Acer,green,reviews,reviews
recommended fitness watch Kingston under ₹47542 with good quality,watch,0,47542,Kingston,gray,ranking,best
please affordable external drive ₹11682-37837 for students,storage,11682,37837,,,value,value
good reviews mobile ₹31890-42771 latest with good quality,phone,31890,42771,Puma,yellow,reviews,reviews
top rated shoe Western Digital between ₹3860 and ₹4441 new,shoe,3860,4441,Western Digital,,reviews,reviews
please cheap dslr in yellow ₹70828-112022 premium,camera,70828,112022,,yellow,value,value
best gaming mouse SteelSeries under ₹9677 with good quality,mouse,0,9677,SteelSeries,brown,ranking,best
recommended speaker below 24301 for students,speaker,0,24301,Nike,,ranking,best
top rated earbuds in gold between ₹7501 and ₹19906 premium,headphone,7501,19906,,gold,reviews,reviews
good reviews mechanical keyboard between ₹3440 and ₹11442 for students,keyboard,3440,11442,,,reviews,reviews
good reviews earbuds in red starting from 19406-27538 durable with good quality,headphone,19406,27538,Western Digital,red,reviews,reviews
budget mechanical keyboard POCO in white between ₹4325 and ₹12398,keyboard,4325,12398,POCO,white,value,value
value for money screen Audio-Technica under ₹61991 durable,monitor,0,61991,Audio-Technica,,value,value
best overall macbook Seagate starting from 82336-136250 for students,laptop,82336,136250,Seagate,,ranking,best
best overall computer between ₹68560 and ₹153801 premium,laptop,68560,153801,,brown,ranking,best
please top rated camera Corsair below 117786 new,camera,0,117786,Corsair,,reviews,reviews
customer reviews bluetooth speaker ₹2336-37377 new,speaker,2336,37377,,,reviews,reviews
suggest mirrorless camera starting from 76768-80658 for office with good quality,camera,76768,80658,,,ranking,best
pick for me external drive Xiaomi in green between ₹13090 and ₹17671 gaming,storage,13090,17671,Xiaomi,green,ranking,best
recommended tablet in gold ₹17147-18092,tablet,17147,18092,,gold,ranking,best
pick for me sneakers Lenovo between ₹1061 and ₹18745,shoe,1061,18745,Lenovo,,ranking,best
please recommended headphones below 48242,headphone,0,48242,,gold,ranking,best
cheap speaker JBL starting from 9406-43522 latest,speaker,9406,43522,JBL,,value,value
highest rated screen Seagate between ₹33247 and ₹54132 for students,monitor,33247,54132,Seagate,,reviews,reviews
please worth it speaker Acer in purple under ₹32850 latest with good quality,speaker,0,32850,Acer,purple,value,value
customer reviews mirrorless camera Marshall in brown starting from 77802-217441 wireless,camera,77802,217441,Marshall,brown,reviews,reviews
recommended iphone Razer ₹30522-33532 lightweight,phone,30522,33532,Razer,,ranking,best
please best mobile in black below 37686 durable,phone,0,37686,,black,ranking,best
affordable shoes under ₹6425 durable,shoe,0,6425,Apple,,value,value
best android phone ₹13764-34728 for students,phone,13764,34728,,,ranking,best
please top rated notebook under ₹124216,laptop,0,124216,HP,,reviews,reviews
good reviews mechanical keyboard below 17321 gaming,keyboard,0,17321,,,reviews,reviews
customer reviews iphone ₹32970-55535 premium with good quality,phone,32970,55535,,,reviews,reviews
best overall macbook starting from 48312-144375 premium with good quality,laptop,48312,144375,,,ranking,best
good reviews mechanical keyboard in navy under ₹4867 premium,keyboard,0,4867,Samsung,navy,reviews,reviews
best reviews headphones under ₹19903 for office,headphone,0,19903,,,reviews,reviews
good reviews android tablet in red below 69165 wireless with good quality,tablet,0,69165,Puma,red,reviews,reviews
please best overall mobile between ₹14303 and ₹70660 for students with good quality,phone,14303,70660,,,ranking,best
please best computer starting from 79948-104699 wireless,laptop,79948,104699,,,ranking,best
value for money macbook ₹87546-198069 for office,laptop,87546,198069,Canon,,value,value
top rated wireless headphones under ₹49184 for office,headphone,0,49184,,,reviews,reviews
please recommended tablet starting from 30642-85112 latest,tablet,30642,85112,,,ranking,best
please top rated phone starting from 8175-14162,phone,8175,14162,,,reviews,reviews
please pick for me watch Xiaomi in purple under ₹67356 durable,watch,0,67356,Xiaomi,purple,ranking,best
best overall sneakers starting from 2959-18421 with good quality,shoe,2959,18421,,gold,ranking,best
please worth it boots between ₹4100 and ₹12736 for office,shoe,4100,12736,,black,value,value
suggest ipad Adidas in yellow under ₹108545 lightweight with good quality,tablet,0,108545,Adidas,yellow,ranking,best
suggest external drive in green ₹11830-26037,storage,11830,26037,,green,ranking,best
please best reviews bluetooth speaker starting from 14291-22362 latest,speaker,14291,22362,,,reviews,reviews
customer reviews footwear in navy between ₹2955 and ₹9425 new,shoe,2955,9425,,navy,reviews,reviews
budget notebook Huawei in brown ₹69899-141164 premium,laptop,69899,141164,Huawei,brown,value,value
please good reviews earbuds in white starting from 16981-43714,headphone,16981,43714,Samsung,white,reviews,reviews
suggest shoes Sony ₹5139-11584 lightweight with good quality,shoe,5139,11584,Sony,,ranking,best
best headphone Seagate in black between ₹13735 and ₹39422,headphone,13735,39422,Seagate,black,ranking,best
top rated keyboard Fujifilm starting from 3191-6619 with good quality,keyboard,3191,6619,Fujifilm,,reviews,reviews
please customer reviews ipad Fossil between ₹25997 and ₹59767 lightweight,tablet,25997,59767,Fossil,,reviews,reviews
best overall hdd below 20312 for office,storage,0,20312,,,ranking,best
please top rated display Panasonic under ₹42334 gaming,monitor,0,42334,Panasonic,,reviews,reviews
please best hdd under ₹27875 for office,storage,0,27875,,,ranking,best
value for money display Kingston between ₹28560 and ₹28777 for office,monitor,28560,28777,Kingston,,value,value
budget fitness watch in brown under ₹79698 with good quality,watch,0,79698,Apple,brown,value,value
best reviews mechanical keyboard in silver under ₹9022 with good quality,keyboard,0,9022,,silver,reviews,reviews
best bluetooth speaker ₹17708-40388 for office with good quality,speaker,17708,40388,,,ranking,best
best reviews fitness watch below 50414 premium,watch,0,50414,,,reviews,reviews
customer reviews android tablet Realme ₹43042-50983 lightweight with good quality,tablet,43042,50983,Realme,,reviews,reviews
top rated shoes starting from 5367-14518,shoe,5367,14518,Sony,,reviews,reviews
please highest rated monitor under ₹72123 lightweight,monitor,0,72123,,,reviews,reviews
please top rated android phone in orange under ₹75384 wireless,phone,0,75384,,orange,reviews,reviews
please customer reviews android tablet Fujifilm under ₹77205 durable with good quality,tablet,0,77205,Fujifilm,silver,reviews,reviews
please cheap phone starting from 28912-40155 wireless,phone,28912,40155,Reebok,,value,value
worth it ipad under ₹33073 for students,tablet,0,33073,,,value,value
customer reviews headphones Garmin between ₹11361 and ₹36295 new,headphone,11361,36295,Garmin,gray,reviews,reviews
value for money ipad starting from 37040-77815 durable,tablet,37040,77815,,,value,value
budget iphone below 33881,phone,0,33881,,,value,value
worth it dslr Samsung under ₹247651 for office with good quality,camera,0,247651,Samsung,,value,value
pick for me storage under ₹36637 durable,storage,0,36637,,,ranking,best
affordable mirrorless camera ASUS ₹67603-165099 gaming,camera,67603,165099,ASUS,,value,value
please affordable monitor Fossil between ₹20612 and ₹21839 for office,monitor,20612,21839,Fossil,,value,value
top rated display Motorola below 70138 durable,monitor,0,70138,Motorola,,reviews,reviews
highest rated monitor below 65543 for students with good quality,monitor,0,65543,Corsair,,reviews,reviews
customer reviews android tablet starting from 44730-66878,tablet,44730,66878,Fitbit,navy,reviews,reviews
top rated mouse in navy starting from 3763-14096 lightweight,mouse,3763,14096,,navy,reviews,reviews
affordable ssd in brown below 36730 new,storage,0,36730,,brown,value,value
customer reviews headphones between ₹10967 and ₹40928 for office with good quality,headphone,10967,40928,,,reviews,reviews
affordable screen in purple below 45606 for office,monitor,0,45606,,purple,value,value
pick for me running shoes in gray ₹5970-17572 latest,shoe,5970,17572,,gray,ranking,best
please good reviews display Dell in white under ₹58949 new,monitor,0,58949,Dell,white,reviews,reviews
value for money watch starting from 6400-12507,watch,6400,12507,,,value,value
cheap shoe New Balance under ₹12821 wireless,shoe,0,12821,New Balance,gold,value,value
please highest rated earphones between ₹3683 and ₹22156 new with good quality,headphone,3683,22156,Panasonic,,reviews,reviews
please best overall android tablet in purple under ₹74942 for office with good quality,tablet,0,74942,,purple,ranking,best
value for money tablet Audio-Technica ₹34189-78006,tablet,34189,78006,Audio-Technica,,value,value
pick for me smartwatch between ₹14740 and ₹38919 for office,watch,14740,38919,,purple,ranking,best
please value for money bluetooth speaker between ₹4046 and ₹17875,speaker,4046,17875,,,value,value
best earbuds Marshall in purple starting from 11166-25526 wireless,headphone,11166,25526,Marshall,purple,ranking,best
affordable earbuds JBL between ₹5827 and ₹45417 lightweight with good quality,headphone,5827,45417,JBL,,value,value
best overall headphone between ₹14866 and ₹33433,headphone,14866,33433,,,ranking,best
best reviews mechanical keyboard Xiaomi below 4213 premium,keyboard,0,4213,Xiaomi,,reviews,reviews
please top rated laptop starting from 48678-177223 wireless,laptop,48678,177223,Motorola,gold,reviews,reviews
worth it tablet Adidas in blue below 82736 new,tablet,0,82736,Adidas,blue,value,value
please budget bluetooth speaker starting from 3597-10015,speaker,3597,10015,,silver,value,value
best reviews external drive between ₹4379 and ₹9973 durable,storage,4379,9973,Samsung,blue,reviews,reviews
please worth it ssd between ₹16229 and ₹39106 for students,storage,16229,39106,,green,value,value
please suggest keyboard between ₹1135 and ₹18903 premium with good quality,keyboard,1135,18903,Fossil,,ranking,best
please good reviews ultrabook in gold below 165342 premium with good quality,laptop,0,165342,,gold,reviews,reviews
value for money macbook in gold below 142234 new,laptop,0,142234,,gold,value,value
highest rated monitor between ₹15376 and ₹55620 new,monitor,15376,55620,,,reviews,reviews
best reviews earbuds Nike in purple between ₹1901 and ₹27444 lightweight,headphone,1901,27444,Nike,purple,reviews,reviews
customer reviews android tablet Bose ₹28922-29798 wireless,tablet,28922,29798,Bose,purple,reviews,reviews
budget bluetooth speaker Marshall in yellow below 7802 lightweight,speaker,0,7802,Marshall,yellow,value,value
top rated earphones between ₹19951 and ₹24388 durable with good quality,headphone,19951,24388,Panasonic,gold,reviews,reviews
value for money camera Reebok ₹18169-151725 latest with good quality,camera,18169,151725,Reebok,,value,value
worth it running shoes in red between ₹1742 and ₹2070,shoe,1742,2070,,red,value,value
please customer reviews mouse Reebok starting from 7588-17307 gaming,mouse,7588,17307,Reebok,,reviews,reviews
please best overall computer starting from 80308-127840,laptop,80308,127840,Kingston,,ranking,best
recommended ssd below 32225,storage,0,32225,,,ranking,best
top rated bluetooth speaker Garmin in blue between ₹18303 and ₹21914 for office,speaker,18303,21914,Garmin,blue,reviews,reviews
best mechanical keyboard in purple between ₹6026 and ₹7044 premium,keyboard,6026,7044,,purple,ranking,best
cheap mirrorless camera in purple starting from 93682-213607 new,camera,93682,213607,,purple,value,value
please affordable mouse below 14604 latest,mouse,0,14604,,green,value,value
please customer reviews camera Razer ₹42049-225395 for office,camera,42049,225395,Razer,,reviews,reviews
worth it bluetooth speaker starting from 19378-42184,speaker,19378,42184,,,value,value
top rated gaming mouse Fossil starting from 922-2579,mouse,922,2579,Fossil,,reviews,reviews
please good reviews tablet below 68569 latest,tablet,0,68569,Motorola,blue,reviews,reviews
highest rated ssd below 16201 latest with good quality,storage,0,16201,,,reviews,reviews
worth it earbuds Samsung between ₹17191 and ₹37729 new,headphone,17191,37729,Samsung,brown,value,value
please top rated fitness watch between ₹15062 and ₹35281 lightweight,watch,15062,35281,POCO,orange,reviews,reviews
please best shoe ₹8095-10213 premium,shoe,8095,10213,,,ranking,best
worth it android tablet Sony starting from 28593-39317 durable,tablet,28593,39317,Sony,,value,value
budget bluetooth speaker ₹4495-27393 latest,speaker,4495,27393,MSI,silver,value,value
value for money wireless headphones Kingston in green starting from 9738-13175,headphone,9738,13175,Kingston,green,value,value
pick for me keyboard Corsair ₹8154-11477 premium with good quality,keyboard,8154,11477,Corsair,,ranking,best
please good reviews ssd Reebok in black between ₹10239 and ₹37265 new with good quality,storage,10239,37265,Reebok,black,reviews,reviews
customer reviews mouse Apple in navy ₹5458-8315 for students,mouse,5458,8315,Apple,navy,reviews,reviews
cheap android tablet between ₹36483 and ₹87174,tablet,36483,87174,,yellow,value,value
top rated keyboard ₹4736-13919 durable,keyboard,4736,13919,Google,,reviews,reviews
please best overall bluetooth speaker Reebok under ₹9640 for office,speaker,0,9640,Reebok,silver,ranking,best
budget keyboard ₹7338-17728 new,keyboard,7338,17728,New Balance,,value,value
good reviews display ₹8155-42860 with good quality,monitor,8155,42860,,,reviews,reviews
good reviews earbuds under ₹42495 wireless,headphone,0,42495,,,reviews,reviews
please top rated earphones between ₹3674 and ₹42873 latest,headphone,3674,42873,,orange,reviews,reviews
please customer reviews external drive Western Digital ₹5972-25878 gaming,storage,5972,25878,Western Digital,,reviews,reviews
affordable mechanical keyboard ₹2278-4055,keyboard,2278,4055,,,value,value
please best overall wireless headphones ₹11310-43020 gaming,headphone,11310,43020,,blue,ranking,best
please best reviews earphones Reebok between ₹18844 and ₹26704 for office with good quality,headphone,18844,26704,Reebok,,reviews,reviews
please customer reviews notebook below 97316 for office,laptop,0,97316,,,reviews,reviews
please best reviews speaker in gray below 45093,speaker,0,45093,,gray,reviews,reviews
recommended wireless headphones below 47702 premium,headphone,0,47702,,,ranking,best
please top rated sneakers Motorola in brown ₹4658-16887 gaming,shoe,4658,16887,Motorola,brown,reviews,reviews
suggest storage MSI below 39163 durable,storage,0,39163,MSI,,ranking,best
suggest ipad Seagate in yellow starting from 46464-101053 new,tablet,46464,101053,Seagate,yellow,ranking,best
value for money ipad under ₹47926 new,tablet,0,47926,,gray,value,value
value for money watch HP below 21813 durable with good quality,watch,0,21813,HP,,value,value
cheap sneakers between ₹1392 and ₹11557,shoe,1392,11557,,purple,value,value
recommended ssd Sony in silver under ₹34696 gaming,storage,0,34696,Sony,silver,ranking,best
value for money monitor Sony under ₹39148 with good quality,monitor,0,39148,Sony,,value,value
cheap screen JBL in blue under ₹40750,monitor,0,40750,JBL,blue,value,value
worth it phone OnePlus starting from 13298-71422 latest,phone,13298,71422,OnePlus,,value,value
best laptop Samsung under ₹122259 new,laptop,0,122259,Samsung,,ranking,best
please good reviews footwear Microsoft in black starting from 5595-11372,shoe,5595,11372,Microsoft,black,reviews,reviews
please worth it smartwatch Fitbit in silver below 61609,watch,0,61609,Fitbit,silver,value,value
please highest rated mechanical keyboard Adidas ₹5403-18990 for office,keyboard,5403,18990,Adidas,,reviews,reviews
best mouse below 16682,mouse,0,16682,,,ranking,best
value for money ipad HP starting from 12312-22502 for students,tablet,12312,22502,HP,,value,value
cheap ultrabook Garmin ₹42761-193163,laptop,42761,193163,Garmin,,value,value
value for money watch in purple between ₹11370 and ₹51050 gaming,watch,11370,51050,,purple,value,value
suggest headphones Reebok below 45618,headphone,0,45618,Reebok,,ranking,best
best reviews dslr between ₹54279 and ₹123667,camera,54279,123667,OnePlus,purple,reviews,reviews
top rated shoes starting from 6030-17161 with good quality,shoe,6030,17161,,,reviews,reviews
affordable mouse between ₹3736 and ₹6572,mouse,3736,6572,,gray,value,value
worth it iphone under ₹35170 lightweight,phone,0,35170,,,value,value
please value for money sneakers Crucial between ₹6031 and ₹11504 durable with good quality,shoe,6031,11504,Crucial,,value,value
please affordable camera Logitech ₹65343-107758 with good quality,camera,65343,107758,Logitech,navy,value,value
highest rated mechanical keyboard under ₹14785,keyboard,0,14785,,,reviews,reviews
please best reviews monitor Garmin starting from 16613-65938 gaming,monitor,16613,65938,Garmin,green,reviews,reviews
worth it ultrabook under ₹199406 premium,laptop,0,199406,Crucial,,value,value
budget android tablet Seagate below 26667 latest,tablet,0,26667,Seagate,,value,value
worth it android phone in navy below 25564 premium,phone,0,25564,,navy,value,value
cheap headphone Adidas between ₹16556 and ₹48720 for office,headphone,16556,48720,Adidas,,value,value
top rated mouse Samsung in blue below 9612 wireless,mouse,0,9612,Samsung,blue,reviews,reviews
please highest rated gaming mouse Reebok in orange under ₹15322 new,mouse,0,15322,Reebok,orange,reviews,reviews
cheap headphones in navy between ₹16980 and ₹29012 lightweight,headphone,16980,29012,,navy,value,value
cheap external drive under ₹25588 wireless with good quality,storage,0,25588,,,value,value
best overall keyboard starting from 4289-7093 lightweight,keyboard,4289,7093,,,ranking,best
please affordable storage starting from 12974-36474 latest,storage,12974,36474,,,value,value
highest rated speaker Huawei below 24034 for office,speaker,0,24034,Huawei,,reviews,reviews
please pick for me smartphone between ₹23089 and ₹65099,phone,23089,65099,Motorola,,ranking,best
worth it bluetooth speaker in orange starting from 10427-10932,speaker,10427,10932,,orange,value,value
please cheap keyboard starting from 3526-13322 gaming,keyboard,3526,13322,,green,value,value
cheap keyboard ₹860-11162,keyboard,860,11162,,,value,value
recommended keyboard Seagate starting from 3148-16474 lightweight with good quality,keyboard,3148,16474,Seagate,,ranking,best
please best reviews android phone Razer in black below 62402 wireless with good quality,phone,0,62402,Razer,black,reviews,reviews
recommended watch ₹26338-59390,watch,26338,59390,,,ranking,best
good reviews screen Marshall in navy ₹13172-66865 for office with good quality,monitor,13172,66865,Marshall,navy,reviews,reviews
suggest iphone starting from 21265-74229 with good quality,phone,21265,74229,,,ranking,best
best reviews iphone in gold between ₹17856 and ₹50213 lightweight with good quality,phone,17856,50213,,gold,reviews,reviews
please cheap phone New Balance in orange starting from 25151-38662 new with good quality,phone,25151,38662,New Balance,orange,value,value
please top rated iphone between ₹16460 and ₹62552 for office,phone,16460,62552,,,reviews,reviews
suggest headphone in gold between ₹6898 and ₹11537,headphone,6898,11537,,gold,ranking,best
best overall storage Adidas between ₹10579 and ₹16691 lightweight,storage,10579,16691,Adidas,,ranking,best
best overall computer under ₹109859 wireless,laptop,0,109859,,,ranking,best
budget bluetooth speaker below 44177,speaker,0,44177,Nike,,value,value
budget keyboard between ₹7704 and ₹14625 with good quality,keyboard,7704,14625,,,value,value
best screen below 33484,monitor,0,33484,,,ranking,best
best external drive below 20260 lightweight with good quality,storage,0,20260,,,ranking,best
highest rated camera ₹92995-170810 wireless,camera,92995,170810,,,reviews,reviews
best fitness watch ₹14333-73119 durable with good quality,watch,14333,73119,Fujifilm,,ranking,best
pick for me keyboard Adidas in orange ₹5366-13308,keyboard,5366,13308,Adidas,orange,ranking,best
best android tablet in red ₹16374-83947 lightweight with good quality,tablet,16374,83947,Google,red,ranking,best
highest rated ultrabook below 93726 for office,laptop,0,93726,,red,reviews,reviews
budget speaker in gold below 29372 lightweight,speaker,0,29372,,gold,value,value
pick for me mirrorless camera under ₹244082 new,camera,0,244082,,,ranking,best
suggest computer below 126798 wireless,laptop,0,126798,,,ranking,best
please worth it wireless headphones starting from 2480-19990 with good quality,headphone,2480,19990,OnePlus,black,value,value
suggest watch starting from 2243-31066 with good quality,watch,2243,31066,,,ranking,best
best tablet in green ₹17506-113941 durable,tablet,17506,113941,,green,ranking,best
highest rated android tablet starting from 39652-87487 for students,tablet,39652,87487,,,reviews,reviews
best overall storage Motorola under ₹16359 durable,storage,0,16359,Motorola,yellow,ranking,best
customer reviews speaker Marshall below 40915 durable,speaker,0,40915,Marshall,,reviews,reviews
please budget monitor in green between ₹5178 and ₹51669 for students,monitor,5178,51669,,green,value,value
best tablet in black ₹39189-42370 gaming,tablet,39189,42370,,black,ranking,best
customer reviews earbuds Bose in gray starting from 10750-30420,headphone,10750,30420,Bose,gray,reviews,reviews
budget ssd under ₹29743,storage,0,29743,Fitbit,,value,value
suggest notebook Nike under ₹118108,laptop,0,118108,Nike,,ranking,best
best hdd Adidas below 31801 latest with good quality,storage,0,31801,Adidas,,ranking,best
worth it ipad Motorola in brown starting from 32192-36171 durable,tablet,32192,36171,Motorola,brown,value,value
please worth it gaming mouse under ₹7659 premium,mouse,0,7659,OnePlus,,value,value
pick for me speaker below 23022 for office,speaker,0,23022,,,ranking,best
value for money android tablet starting from 12167-63158,tablet,12167,63158,,,value,value
cheap display between ₹28568 and ₹55438 new with good quality,monitor,28568,55438,,,value,value
recommended android phone under ₹40685 with good quality,phone,0,40685,Fossil,navy,ranking,best
affordable keyboard in red between ₹6494 and ₹14482 gaming,keyboard,6494,14482,Motorola,red,value,value
value for money bluetooth speaker Asics ₹9529-24252 lightweight,speaker,9529,24252,Asics,,value,value
customer reviews fitness watch in silver starting from 16475-23857,watch,16475,23857,,silver,reviews,reviews
please customer reviews headphones ₹15229-34200,headphone,15229,34200,,,reviews,reviews
affordable keyboard between ₹4628 and ₹12851 with good quality,keyboard,4628,12851,,,value,value
top rated computer between ₹74275 and ₹99776 latest,laptop,74275,99776,,,reviews,reviews
value for money smartphone Nike in silver starting from 23430-59047,phone,23430,59047,Nike,silver,value,value
best overall mouse Reebok below 5155 premium,mouse,0,5155,Reebok,red,ranking,best
best reviews watch Sony ₹26389-45148 for students,watch,26389,45148,Sony,,reviews,reviews
highest rated display under ₹35894 for office,monitor,0,35894,,,reviews,reviews
please budget mouse ₹6822-13181 durable,mouse,6822,13181,,black,value,value
best overall mechanical keyboard Kingston ₹7970-8656 new with good quality,keyboard,7970,8656,Kingston,,ranking,best
please best iphone between ₹18356 and ₹70855 new,phone,18356,70855,,,ranking,best
budget camera between ₹25391 and ₹184931 durable,camera,25391,184931,MSI,,value,value
please highest rated notebook in gold below 53072 wireless,laptop,0,53072,,gold,reviews,reviews
please good reviews mechanical keyboard Garmin in green ₹7989-18311,keyboard,7989,18311,Garmin,green,reviews,reviews
please best display in purple below 64057 durable,monitor,0,64057,Lenovo,purple,ranking,best
please customer reviews phone between ₹26460 and ₹66945 with good quality,phone,26460,66945,,,reviews,reviews
worth it keyboard in purple between ₹3994 and ₹9932 wireless,keyboard,3994,9932,,purple,value,value
value for money speaker Western Digital ₹9063-12835 premium,speaker,9063,12835,Western Digital,,value,value
please top rated gaming mouse OnePlus below 17438,mouse,0,17438,OnePlus,,reviews,reviews
suggest mobile between ₹23561 and ₹34819 gaming,phone,23561,34819,,,ranking,best
please highest rated ipad ₹43773-61341 for students,tablet,43773,61341,,,reviews,reviews
value for money display ₹4358-62728 latest with good quality,monitor,4358,62728,,,value,value
affordable monitor in purple below 77942 premium with good quality,monitor,0,77942,,purple,value,value
highest rated dslr Nike under ₹188634 premium,camera,0,188634,Nike,white,reviews,reviews
highest rated shoe in gold starting from 5390-10517 premium,shoe,5390,10517,,gold,reviews,reviews
best shoe ₹3720-18708,shoe,3720,18708,,purple,ranking,best
cheap android tablet Dell ₹11026-57116,tablet,11026,57116,Dell,,value,value
please good reviews headphones below 25821 new,headphone,0,25821,Fossil,,reviews,reviews
please pick for me wireless headphones Realme under ₹38508,headphone,0,38508,Realme,,ranking,best
affordable mouse starting from 7171-12614 for students,mouse,7171,12614,,yellow,value,value
best dslr under ₹200053 durable,camera,0,200053,,,ranking,best
suggest wireless headphones between ₹16355 and ₹46215 wireless,headphone,16355,46215,,red,ranking,best
worth it mirrorless camera below 201404 gaming,camera,0,201404,Fitbit,,value,value
value for money tablet between ₹31931 and ₹72524 premium with good quality,tablet,31931,72524,,,value,value
please best overall iphone starting from 20771-47247 latest,phone,20771,47247,,gray,ranking,best
please good reviews mouse between ₹3760 and ₹7862,mouse,3760,7862,Puma,,reviews,reviews
please suggest dslr between ₹33057 and ₹95844 durable,camera,33057,95844,,,ranking,best
highest rated hdd in white between ₹10526 and ₹18885 premium,storage,10526,18885,,white,reviews,reviews
please best storage Sennheiser in yellow under ₹38205 latest with good quality,storage,0,38205,Sennheiser,yellow,ranking,best
customer reviews ipad under ₹46828 durable,tablet,0,46828,,,reviews,reviews
affordable headphone ₹3077-28933 with good quality,headphone,3077,28933,,,value,value
recommended ssd in navy below 11098 with good quality,storage,0,11098,,navy,ranking,best
pick for me android tablet ₹39532-49304,tablet,39532,49304,Western Digital,,ranking,best
please best gaming mouse in gold under ₹3183 wireless with good quality,mouse,0,3183,,gold,ranking,best
please good reviews keyboard starting from 6589-12088 with good quality,keyboard,6589,12088,,white,reviews,reviews
pick for me ipad MSI below 104524 for students,tablet,0,104524,MSI,,ranking,best
good reviews bluetooth speaker Sony starting from 9981-46955 durable,speaker,9981,46955,Sony,white,reviews,reviews
highest rated android tablet starting from 10106-31193,tablet,10106,31193,,gold,reviews,reviews
best overall smartwatch starting from 3429-22131,watch,3429,22131,,,ranking,best
top rated hdd in blue under ₹22619,storage,0,22619,,blue,reviews,reviews
customer reviews running shoes Crucial starting from 3755-15062 gaming with good quality,shoe,3755,15062,Crucial,,reviews,reviews
affordable running shoes in gold under ₹4928 for office with good quality,shoe,0,4928,,gold,value,value
pick for me macbook in black starting from 43763-150720 premium,laptop,43763,150720,,black,ranking,best
best reviews mechanical keyboard in orange below 13597 latest,keyboard,0,13597,Acer,orange,reviews,reviews
customer reviews smartphone below 54596 for office with good quality,phone,0,54596,Adidas,gray,reviews,reviews
recommended mirrorless camera Razer starting from 43501-131366 gaming,camera,43501,131366,Razer,,ranking,best
please affordable running shoes in green ₹2400-2838 lightweight with good quality,shoe,2400,2838,Panasonic,green,value,value
please best reviews hdd SteelSeries in brown between ₹13494 and ₹39815 lightweight,storage,13494,39815,SteelSeries,brown,reviews,reviews
please pick for me external drive Motorola ₹5260-32384 latest,storage,5260,32384,Motorola,,ranking,best
please recommended fitness watch under ₹39808 for students with good quality,watch,0,39808,,,ranking,best
highest rated phone under ₹29564 latest,phone,0,29564,,navy,reviews,reviews
affordable wireless headphones Western Digital ₹1446-5240 durable,headphone,1446,5240,Western Digital,,value,value
good reviews ultrabook between ₹50568 and ₹187756 for office,laptop,50568,187756,Huawei,,reviews,reviews
please best reviews macbook below 49368,laptop,0,49368,,,reviews,reviews
best display Lenovo in red starting from 6954-62776,monitor,6954,62776,Lenovo,red,ranking,best
please suggest mouse Asics ₹6617-7173 with good quality,mouse,6617,7173,Asics,,ranking,best
budget shoes Dell under ₹15034 with good quality,shoe,0,15034,Dell,,value,value
please top rated monitor Acer ₹25305-53800 durable,monitor,25305,53800,Acer,,reviews,reviews
please value for money mirrorless camera in navy between ₹62905 and ₹226164 durable with good quality,camera,62905,226164,,navy,value,value
highest rated ipad below 56257,tablet,0,56257,,,reviews,reviews
good reviews dslr in black under ₹59439 gaming with good quality,camera,0,59439,Audio-Technica,black,reviews,reviews
please best overall earphones ₹19228-36506,headphone,19228,36506,,,ranking,best
top rated gaming mouse in gold under ₹9596,mouse,0,9596,Fujifilm,gold,reviews,reviews
best camera HP in gray ₹61058-228768 for students,camera,61058,228768,HP,gray,ranking,best
please best overall laptop between ₹73132 and ₹196313,laptop,73132,196313,,,ranking,best
please recommended hdd Dell between ₹1527 and ₹32780 with good quality,storage,1527,32780,Dell,brown,ranking,best
please value for money running shoes between ₹5823 and ₹15258 wireless,shoe,5823,15258,,green,value,value
budget android phone New Balance under ₹47970,phone,0,47970,New Balance,,value,value
budget screen between ₹21608 and ₹54244 gaming,monitor,21608,54244,,,value,value
best gaming mouse SteelSeries in white starting from 3441-8430 lightweight,mouse,3441,8430,SteelSeries,white,ranking,best
good reviews sneakers under ₹15105 for office,shoe,0,15105,,black,reviews,reviews
highest rated mirrorless camera starting from 42658-240432 for students,camera,42658,240432,Samsung,green,reviews,reviews
please highest rated mechanical keyboard starting from 5959-14646 premium,keyboard,5959,14646,,,reviews,reviews
please pick for me monitor ₹7139-79953 with good quality,monitor,7139,79953,,,ranking,best
good reviews mouse ASUS ₹7781-9994 premium,mouse,7781,9994,ASUS,green,reviews,reviews
top rated ipad POCO under ₹116488 durable,tablet,0,116488,POCO,,reviews,reviews
highest rated smartwatch in blue starting from 9008-53459,watch,9008,53459,,blue,reviews,reviews
budget keyboard below 18291,keyboard,0,18291,,,value,value
pick for me ipad Huawei starting from 37313-95963 lightweight with good quality,tablet,37313,95963,Huawei,,ranking,best
cheap screen below 59720 new,monitor,0,59720,,silver,value,value
please suggest hdd below 16510,storage,0,16510,,green,ranking,best
top rated mechanical keyboard POCO under ₹11674 gaming,keyboard,0,11674,POCO,,reviews,reviews
pick for me mirrorless camera Seagate in navy starting from 65359-154380,camera,65359,154380,Seagate,navy,ranking,best
cheap watch in blue between ₹22278 and ₹42766 premium with good quality,watch,22278,42766,,blue,value,value
please best overall smartwatch starting from 18947-32843 for office,watch,18947,32843,,,ranking,best
suggest camera Acer in gold between ₹91065 and ₹112685,camera,91065,112685,Acer,gold,ranking,best
top rated shoe between ₹6262 and ₹15864,shoe,6262,15864,,,reviews,reviews
please best overall bluetooth speaker Fujifilm in white under ₹46514 lightweight,speaker,0,46514,Fujifilm,white,ranking,best
cheap dslr Seagate under ₹176171 durable,camera,0,176171,Seagate,green,value,value
pick for me gaming mouse in gray between ₹3302 and ₹17490 for office,mouse,3302,17490,,gray,ranking,best
customer reviews speaker in green starting from 16717-42112 premium,speaker,16717,42112,Acer,green,reviews,reviews
please worth it monitor under ₹68679 lightweight,monitor,0,68679,,,value,value
good reviews external drive starting from 12302-21150 with good quality,storage,12302,21150,Fossil,,reviews,reviews
top rated sneakers Corsair in white starting from 5855-10204,shoe,5855,10204,Corsair,white,reviews,reviews
recommended mechanical keyboard starting from 6345-8411 for students,keyboard,6345,8411,,,ranking,best
worth it fitness watch between ₹27611 and ₹77739,watch,27611,77739,,white,value,value
highest rated phone below 64907 for students,phone,0,64907,,,reviews,reviews
worth it iphone below 52037 latest with good quality,phone,0,52037,,,value,value
value for money tablet Lenovo in white between ₹45127 and ₹60607 premium,tablet,45127,60607,Lenovo,white,value,value
affordable notebook Sony in orange below 182826 gaming,laptop,0,182826,Sony,orange,value,value
customer reviews footwear OnePlus under ₹19020,shoe,0,19020,OnePlus,,reviews,reviews
suggest mirrorless camera Garmin starting from 59173-208399 for students with good quality,camera,59173,208399,Garmin,,ranking,best
please budget ssd in navy under ₹21824 wireless,storage,0,21824,,navy,value,value
suggest speaker Fujifilm in gray below 25583 lightweight,speaker,0,25583,Fujifilm,gray,ranking,best
good reviews mechanical keyboard MSI between ₹1824 and ₹18634,keyboard,1824,18634,MSI,,reviews,reviews
highest rated boots starting from 3874-13467 durable,shoe,3874,13467,,white,reviews,reviews
affordable footwear Marshall starting from 8320-15297 lightweight,shoe,8320,15297,Marshall,,value,value
best overall smartwatch starting from 8636-60051 premium with good quality,watch,8636,60051,,,ranking,best
highest rated mechanical keyboard below 13775,keyboard,0,13775,,,reviews,reviews
best dslr Canon ₹100411-157913 for office with good quality,camera,100411,157913,Canon,,ranking,best
affordable earbuds between ₹5603 and ₹8379 for office,headphone,5603,8379,,,value,value
please budget ssd in brown starting from 11933-36884 premium,storage,11933,36884,POCO,brown,value,value
budget macbook Motorola under ₹163697 durable,laptop,0,163697,Motorola,,value,value
suggest monitor ₹9715-40290,monitor,9715,40290,,,ranking,best
value for money tablet below 109199 premium,tablet,0,109199,,,value,value
please customer reviews phone Canon in green between ₹23541 and ₹41247 for students,phone,23541,41247,Canon,green,reviews,reviews
suggest ipad starting from 34967-111165 premium,tablet,34967,111165,,,ranking,best
worth it smartphone below 44945,phone,0,44945,Nike,,value,value
affordable ipad under ₹49498 gaming,tablet,0,49498,,green,value,value
worth it storage starting from 2224-3189 premium,storage,2224,3189,Apple,,value,value
highest rated macbook in purple starting from 73710-140047 with good quality,laptop,73710,140047,,purple,reviews,reviews
affordable shoe below 7868 premium,shoe,0,7868,,,value,value
value for money speaker under ₹49413 wireless with good quality,speaker,0,49413,,,value,value
suggest keyboard Lenovo in yellow starting from 4479-9456,keyboard,4479,9456,Lenovo,yellow,ranking,best
value for money hdd Google in red under ₹33159 gaming with good quality,storage,0,33159,Google,red,value,value
value for money bluetooth speaker in purple under ₹22450 premium,speaker,0,22450,Western Digital,purple,value,value
best bluetooth speaker starting from 14686-34116 for students,speaker,14686,34116,Apple,gray,ranking,best
worth it smartphone ₹25473-54372 latest,phone,25473,54372,,,value,value
best monitor Corsair under ₹47711 premium with good quality,monitor,0,47711,Corsair,,ranking,best
cheap shoe in gray below 12968,shoe,0,12968,Apple,gray,value,value
highest rated camera under ₹214931 gaming with good quality,camera,0,214931,,,reviews,reviews
pick for me external drive below 16054,storage,0,16054,,,ranking,best
customer reviews keyboard Canon in red between ₹2337 and ₹7814 lightweight with good quality,keyboard,2337,7814,Canon,red,reviews,reviews
please top rated laptop in blue below 136703 lightweight,laptop,0,136703,,blue,reviews,reviews
please value for money footwear in white starting from 7446-13708,shoe,7446,13708,Nikon,white,value,value
highest rated shoes JBL in blue starting from 7674-12455 with good quality,shoe,7674,12455,JBL,blue,reviews,reviews
please best reviews earbuds below 37955,headphone,0,37955,,,reviews,reviews
please worth it tablet under ₹102176 durable with good quality,tablet,0,102176,,orange,value,value
worth it mirrorless camera starting from 16378-208917 new,camera,16378,208917,Google,gold,value,value
best overall monitor ₹30684-71182,monitor,30684,71182,,white,ranking,best
suggest smartwatch below 71368 wireless,watch,0,71368,,red,ranking,best
highest rated mouse in purple ₹1035-8193 durable,mouse,1035,8193,,purple,reviews,reviews
pick for me phone starting from 11746-46727 with good quality,phone,11746,46727,Samsung,,ranking,best
value for money monitor under ₹59368 lightweight,monitor,0,59368,,,value,value
please budget monitor under ₹50916 lightweight,monitor,0,50916,,purple,value,value
please good reviews screen under ₹23529,monitor,0,23529,,white,reviews,reviews
please worth it bluetooth speaker in yellow under ₹39840 gaming with good quality,speaker,0,39840,,yellow,value,value
affordable display starting from 23375-55754,monitor,23375,55754,,orange,value,value
budget bluetooth speaker under ₹34675 premium,speaker,0,34675,,,value,value
affordable earphones Motorola starting from 9923-28830,headphone,9923,28830,Motorola,,value,value
best external drive between ₹1093 and ₹23964,storage,1093,23964,,,ranking,best
suggest smartwatch in brown starting from 1563-39701 new,watch,1563,39701,,brown,ranking,best
good reviews notebook below 102078 wireless with good quality,laptop,0,102078,,,reviews,reviews
worth it mouse Adidas in white under ₹7343 wireless,mouse,0,7343,Adidas,white,value,value
highest rated mirrorless camera Audio-Technica below 158642,camera,0,158642,Audio-Technica,,reviews,reviews
best reviews speaker starting from 1489-35425 durable,speaker,1489,35425,,,reviews,reviews
please worth it iphone under ₹63753 premium,phone,0,63753,Nikon,,value,value
best reviews watch Google starting from 27897-62160 latest with good quality,watch,27897,62160,Google,,reviews,reviews
please highest rated android tablet below 53086,tablet,0,53086,,,reviews,reviews
customer reviews earbuds JBL in gold under ₹24106 lightweight,headphone,0,24106,JBL,gold,reviews,reviews
cheap ssd Adidas below 38158 durable,storage,0,38158,Adidas,,value,value
please customer reviews headphones under ₹42771,headphone,0,42771,,purple,reviews,reviews
please highest rated camera Asics between ₹24443 and ₹85555 lightweight,camera,24443,85555,Asics,,reviews,reviews
please cheap smartwatch Sennheiser ₹5121-40073,watch,5121,40073,Sennheiser,orange,value,value
affordable earphones between ₹6976 and ₹47744 gaming with good quality,headphone,6976,47744,,orange,value,value
good reviews running shoes between ₹3078 and ₹13668 gaming,shoe,3078,13668,Huawei,,reviews,reviews
recommended computer in gray ₹89429-119371 lightweight,laptop,89429,119371,,gray,ranking,best
suggest macbook Sennheiser starting from 67523-82925 latest,laptop,67523,82925,Sennheiser,silver,ranking,best
good reviews dslr Dell in red between ₹59051 and ₹239604 wireless,camera,59051,239604,Dell,red,reviews,reviews
customer reviews macbook ₹28026-72000,laptop,28026,72000,Adidas,,reviews,reviews
please worth it bluetooth speaker below 32142 gaming with good quality,speaker,0,32142,,purple,value,value
customer reviews fitness watch starting from 28896-34408 with good quality,watch,28896,34408,Audio-Technica,gray,reviews,reviews
top rated tablet in gray ₹22338-46966 for students,tablet,22338,46966,Western Digital,gray,reviews,reviews
good reviews display Huawei in green starting from 11391-40931,monitor,11391,40931,Huawei,green,reviews,reviews
best reviews computer in purple under ₹81464 for students with good quality,laptop,0,81464,,purple,reviews,reviews
please recommended storage SteelSeries between ₹8764 and ₹25351 with good quality,storage,8764,25351,SteelSeries,,ranking,best
worth it display starting from 16584-26088 lightweight,monitor,16584,26088,,,value,value
best overall footwear Fitbit between ₹3248 and ₹13281,shoe,3248,13281,Fitbit,,ranking,best
affordable speaker under ₹44728 for office,speaker,0,44728,Fossil,,value,value
worth it gaming mouse ₹7769-10143 for office,mouse,7769,10143,,,value,value
best dslr JBL in yellow under ₹137042,camera,0,137042,JBL,yellow,ranking,best
best headphones under ₹36199 premium with good quality,headphone,0,36199,Realme,,ranking,best
top rated bluetooth speaker Nike starting from 19828-41546 for office,speaker,19828,41546,Nike,,reviews,reviews
suggest notebook in gold between ₹34486 and ₹79478,laptop,34486,79478,,gold,ranking,best
please highest rated android phone Bose ₹21409-33613,phone,21409,33613,Bose,,reviews,reviews
worth it tablet Seagate in orange starting from 42212-77154,tablet,42212,77154,Seagate,orange,value,value
highest rated headphone starting from 6288-35601 wireless,headphone,6288,35601,,silver,reviews,reviews
please pick for me monitor MSI in red between ₹28665 and ₹69517,monitor,28665,69517,MSI,red,ranking,best
top rated screen ₹7629-73498 latest,monitor,7629,73498,,,reviews,reviews
please good reviews android phone in white ₹26647-57715 with good quality,phone,26647,57715,,white,reviews,reviews
customer reviews speaker below 19659 gaming with good quality,speaker,0,19659,,,reviews,reviews
best reviews gaming mouse Xiaomi under ₹17596 latest,mouse,0,17596,Xiaomi,,reviews,reviews
cheap sneakers in blue between ₹7247 and ₹14045 gaming,shoe,7247,14045,,blue,value,value
worth it ssd below 27202 durable,storage,0,27202,,green,value,value
please budget display Fossil under ₹40177 wireless,monitor,0,40177,Fossil,,value,value
please customer reviews fitness watch under ₹18798 durable,watch,0,18798,,,reviews,reviews
please best android tablet ₹24898-64852 new,tablet,24898,64852,,,ranking,best
worth it dslr Crucial in gray between ₹81799 and ₹220366 latest,camera,81799,220366,Crucial,gray,value,value
cheap display in blue under ₹70638,monitor,0,70638,,blue,value,value
budget ssd starting from 8397-29613,storage,8397,29613,,,value,value
best reviews screen Logitech in black below 40741 for office,monitor,0,40741,Logitech,black,reviews,reviews
best headphones Nike starting from 7525-16969,headphone,7525,16969,Nike,,ranking,best
budget external drive Motorola in silver under ₹17306 wireless,storage,0,17306,Motorola,silver,value,value
please top rated display in orange ₹7571-51466 with good quality,monitor,7571,51466,MSI,orange,reviews,reviews
please affordable mouse Google in silver between ₹6236 and ₹12965 gaming,mouse,6236,12965,Google,silver,value,value
please best dslr in silver ₹76143-131477 for students,camera,76143,131477,Lenovo,silver,ranking,best
please value for money dslr starting from 25474-236428,camera,25474,236428,Nike,,value,value
suggest tablet Google in navy between ₹21557 and ₹82659,tablet,21557,82659,Google,navy,ranking,best
suggest monitor in gray between ₹20510 and ₹50690 gaming,monitor,20510,50690,Acer,gray,ranking,best
top rated keyboard in gray ₹5615-17622,keyboard,5615,17622,,gray,reviews,reviews
good reviews mirrorless camera under ₹161931 latest,camera,0,161931,ASUS,,reviews,reviews
please best smartwatch starting from 30129-38519,watch,30129,38519,,,ranking,best
affordable iphone Sennheiser under ₹52756 new with good quality,phone,0,52756,Sennheiser,,value,value
budget ultrabook below 31846 gaming,laptop,0,31846,,,value,value
suggest gaming mouse Sony between ₹7103 and ₹15515 gaming,mouse,7103,15515,Sony,yellow,ranking,best
customer reviews external drive in black starting from 4937-36270 with good quality,storage,4937,36270,,black,reviews,reviews
best overall sneakers JBL between ₹5478 and ₹16093 premium,shoe,5478,16093,JBL,,ranking,best
please top rated shoes Nike starting from 4608-12979 with good quality,shoe,4608,12979,Nike,,reviews,reviews
good reviews computer in blue under ₹196270 for students,laptop,0,196270,,blue,reviews,reviews
best reviews phone in brown below 68890 lightweight,phone,0,68890,,brown,reviews,reviews
please affordable keyboard below 10797 premium with good quality,keyboard,0,10797,,,value,value
top rated mobile MSI in green below 63103 for office,phone,0,63103,MSI,green,reviews,reviews
best overall mechanical keyboard ₹7791-15888 gaming,keyboard,7791,15888,Nike,,ranking,best
please recommended camera below 100323,camera,0,100323,Realme,,ranking,best
please highest rated shoes Asics below 17282 wireless,shoe,0,17282,Asics,yellow,reviews,reviews
good reviews earphones Xiaomi ₹18368-47133 for office,headphone,18368,47133,Xiaomi,,reviews,reviews
best overall keyboard in blue between ₹6755 and ₹9424 new with good quality,keyboard,6755,9424,,blue,ranking,best
best gaming mouse under ₹14937,mouse,0,14937,,,ranking,best
budget screen in orange starting from 9360-71999 for office with good quality,monitor,9360,71999,,orange,value,value
recommended hdd in yellow below 36054,storage,0,36054,,yellow,ranking,best
please affordable mirrorless camera below 217591 with good quality,camera,0,217591,,,value,value
please budget mouse between ₹1210 and ₹9502,mouse,1210,9502,,red,value,value
good reviews mouse in yellow between ₹5320 and ₹18841,mouse,5320,18841,,yellow,reviews,reviews
best reviews mouse Razer in white between ₹6535 and ₹16286 with good quality,mouse,6535,16286,Razer,white,reviews,reviews
good reviews fitness watch in yellow between ₹6745 and ₹17872 latest,watch,6745,17872,,yellow,reviews,reviews
good reviews headphone Google under ₹35914 with good quality,headphone,0,35914,Google,,reviews,reviews
best reviews external drive Xiaomi in gray under ₹12831,storage,0,12831,Xiaomi,gray,reviews,reviews
best reviews display Kingston between ₹19479 and ₹67379,monitor,19479,67379,Kingston,,reviews,reviews
budget headphones in gold starting from 16907-44122 new,headphone,16907,44122,,gold,value,value
customer reviews keyboard Kingston between ₹5896 and ₹19713 latest with good quality,keyboard,5896,19713,Kingston,,reviews,reviews
good reviews display below 78678 durable,monitor,0,78678,New Balance,,reviews,reviews
please customer reviews android phone Xiaomi below 79615 durable with good quality,phone,0,79615,Xiaomi,white,reviews,reviews
affordable fitness watch Sony between ₹2062 and ₹65635 for students,watch,2062,65635,Sony,,value,value
pick for me notebook below 131433 latest,laptop,0,131433,,,ranking,best
budget bluetooth speaker in silver below 31275 lightweight with good quality,speaker,0,31275,,silver,value,value
please highest rated boots Corsair below 14394 latest,shoe,0,14394,Corsair,,reviews,reviews
pick for me fitness watch ₹25208-51567 durable,watch,25208,51567,,,ranking,best
please worth it gaming mouse starting from 4627-6223 premium with good quality,mouse,4627,6223,HP,orange,value,value
best overall mirrorless camera JBL in orange below 247705 new,camera,0,247705,JBL,orange,ranking,best
suggest camera between ₹75206 and ₹220091 durable,camera,75206,220091,,,ranking,best
affordable android phone in blue between ₹15222 and ₹30007 lightweight with good quality,phone,15222,30007,,blue,value,value
affordable ipad in silver under ₹70496 gaming,tablet,0,70496,Google,silver,value,value
pick for me boots in orange ₹3831-11219 new,shoe,3831,11219,,orange,ranking,best
please best reviews gaming mouse Apple under ₹17129 durable,mouse,0,17129,Apple,,reviews,reviews
best overall storage starting from 1205-8733 gaming with good quality,storage,1205,8733,,silver,ranking,best
customer reviews wireless headphones between ₹19015 and ₹38286 durable,headphone,19015,38286,,,reviews,reviews
best earbuds between ₹13637 and ₹48080 gaming,headphone,13637,48080,,,ranking,best
affordable external drive ₹15166-17516 for students,storage,15166,17516,,,value,value
pick for me smartwatch in orange ₹5299-35209 new,watch,5299,35209,,orange,ranking,best
cheap gaming mouse Seagate starting from 4299-15636 with good quality,mouse,4299,15636,Seagate,,value,value
pick for me iphone under ₹19476,phone,0,19476,,,ranking,best
pick for me display below 70679,monitor,0,70679,,,ranking,best
good reviews mirrorless camera in white starting from 35933-149720,camera,35933,149720,Samsung,white,reviews,reviews
please pick for me keyboard below 8195,keyboard,0,8195,,,ranking,best
best keyboard Realme in gold ₹6679-8948 for students,keyboard,6679,8948,Realme,gold,ranking,best
best reviews mouse Acer starting from 7100-7543,mouse,7100,7543,Acer,,reviews,reviews
good reviews external drive under ₹27512 new with good quality,storage,0,27512,,,reviews,reviews
value for money speaker between ₹11666 and ₹24986 for students,speaker,11666,24986,,red,value,value
cheap watch in red starting from 2912-5528 with good quality,watch,2912,5528,,red,value,value
best headphone in orange ₹7710-26602 with good quality,headphone,7710,26602,Reebok,orange,ranking,best
please worth it screen Marshall in silver under ₹31929,monitor,0,31929,Marshall,silver,value,value
highest rated android phone Puma starting from 24627-39635 latest,phone,24627,39635,Puma,brown,reviews,reviews
please best reviews camera below 249795,camera,0,249795,Apple,,reviews,reviews
best mobile starting from 31235-77188,phone,31235,77188,,blue,ranking,best
best mechanical keyboard ASUS starting from 6193-10752 for students,keyboard,6193,10752,ASUS,,ranking,best
please good reviews ssd between ₹6106 and ₹24991 for office,storage,6106,24991,,,reviews,reviews
value for money dslr in blue under ₹198542 with good quality,camera,0,198542,Motorola,blue,value,value
please budget ipad in navy ₹8300-81404 latest with good quality,tablet,8300,81404,Apple,navy,value,value
cheap tablet between ₹12051 and ₹91248 new,tablet,12051,91248,,,value,value
please best laptop starting from 42764-76805 latest with good quality,laptop,42764,76805,,blue,ranking,best
best reviews smartphone in gray between ₹21471 and ₹53867 durable with good quality,phone,21471,53867,,gray,reviews,reviews
best overall android tablet between ₹11578 and ₹24352,tablet,11578,24352,,,ranking,best
cheap external drive Huawei under ₹24433,storage,0,24433,Huawei,red,value,value
please suggest gaming mouse starting from 931-17209 durable,mouse,931,17209,,,ranking,best
best notebook Microsoft under ₹102016,laptop,0,102016,Microsoft,,ranking,best
please pick for me smartwatch in orange starting from 19301-46627 for students,watch,19301,46627,Huawei,orange,ranking,best
pick for me earbuds Realme in green under ₹48231 with good quality,headphone,0,48231,Realme,green,ranking,best
customer reviews screen Huawei below 74661 wireless,monitor,0,74661,Huawei,,reviews,reviews
best mouse Asics below 13835 premium,mouse,0,13835,Asics,,ranking,best
best mobile Panasonic in silver under ₹32148 with good quality,phone,0,32148,Panasonic,silver,ranking,best
budget android tablet in navy under ₹53703,tablet,0,53703,,navy,value,value
best overall iphone below 20142 for students with good quality,phone,0,20142,,,ranking,best
good reviews gaming mouse Seagate under ₹10330 latest,mouse,0,10330,Seagate,,reviews,reviews
best overall bluetooth speaker ₹1260-33188 for students,speaker,1260,33188,Adidas,,ranking,best
worth it monitor in blue between ₹24241 and ₹28742,monitor,24241,28742,Bose,blue,value,value
please highest rated bluetooth speaker Corsair between ₹4779 and ₹43148,speaker,4779,43148,Corsair,,reviews,reviews
please top rated laptop SteelSeries starting from 76961-120585 premium with good quality,laptop,76961,120585,SteelSeries,,reviews,reviews
top rated shoes between ₹5186 and ₹10712 for office,shoe,5186,10712,,,reviews,reviews
good reviews storage between ₹5110 and ₹38039 durable,storage,5110,38039,Canon,,reviews,reviews
top rated mirrorless camera Bose in green under ₹101778 with good quality,camera,0,101778,Bose,green,reviews,reviews
top rated mouse ₹5256-18042 new,mouse,5256,18042,Panasonic,green,reviews,reviews
cheap speaker ASUS between ₹1419 and ₹33960 for office with good quality,speaker,1419,33960,ASUS,,value,value
cheap storage in navy starting from 1224-8934 with good quality,storage,1224,8934,Marshall,navy,value,value
pick for me camera between ₹90576 and ₹147925 with good quality,camera,90576,147925,,,ranking,best
suggest mouse below 10163 gaming with good quality,mouse,0,10163,Razer,,ranking,best
please best reviews tablet Audio-Technica below 51529 lightweight,tablet,0,51529,Audio-Technica,,reviews,reviews
best reviews mechanical keyboard under ₹15112 for students,keyboard,0,15112,Realme,,reviews,reviews
cheap earphones between ₹14741 and ₹35672 lightweight with good quality,headphone,14741,35672,Samsung,,value,value
highest rated earbuds POCO between ₹14975 and ₹41483,headphone,14975,41483,POCO,,reviews,reviews
please pick for me mouse in yellow starting from 1823-18905 durable,mouse,1823,18905,,yellow,ranking,best
value for money keyboard below 17061 latest,keyboard,0,17061,Samsung,,value,value
please affordable smartwatch Xiaomi under ₹59165 for office,watch,0,59165,Xiaomi,,value,value
please good reviews ssd starting from 12095-21165 durable,storage,12095,21165,,,reviews,reviews
good reviews storage below 21378 lightweight,storage,0,21378,,,reviews,reviews
recommended keyboard starting from 3677-7542 for office,keyboard,3677,7542,Nikon,,ranking,best
best android tablet in red ₹29994-49436 premium with good quality,tablet,29994,49436,Fossil,red,ranking,best
good reviews keyboard under ₹1971 gaming,keyboard,0,1971,,brown,reviews,reviews
budget speaker below 36612 wireless,speaker,0,36612,,,value,value
cheap hdd ₹6517-24144 with good quality,storage,6517,24144,,gold,value,value
please top rated smartwatch POCO under ₹40751 latest,watch,0,40751,POCO,,reviews,reviews
please budget laptop in blue starting from 67302-79748 with good quality,laptop,67302,79748,Garmin,blue,value,value
worth it phone Sony in silver ₹31674-64817,phone,31674,64817,Sony,silver,value,value
please budget bluetooth speaker Puma ₹9343-24989,speaker,9343,24989,Puma,,value,value
suggest fitness watch HP in red ₹6192-76571,watch,6192,76571,HP,red,ranking,best
customer reviews gaming mouse New Balance under ₹9002 wireless,mouse,0,9002,New Balance,,reviews,reviews
value for money earphones Acer starting from 13960-36124 gaming,headphone,13960,36124,Acer,,value,value
please good reviews dslr under ₹167322 wireless,camera,0,167322,,,reviews,reviews
please top rated external drive Huawei ₹1415-7481 wireless,storage,1415,7481,Huawei,,reviews,reviews
please best monitor Huawei starting from 12380-35394,monitor,12380,35394,Huawei,green,ranking,best
best reviews speaker Nikon ₹7714-26841 latest,speaker,7714,26841,Nikon,,reviews,reviews
worth it mobile in white ₹22569-53331 gaming,phone,22569,53331,,white,value,value
top rated ultrabook MSI between ₹46208 and ₹195971 wireless,laptop,46208,195971,MSI,,reviews,reviews
affordable keyboard ASUS in gold between ₹2909 and ₹16359 wireless,keyboard,2909,16359,ASUS,gold,value,value
please cheap footwear ₹2373-10706 latest,shoe,2373,10706,,,value,value
suggest boots Nike between ₹5492 and ₹11258 latest,shoe,5492,11258,Nike,,ranking,best
highest rated laptop ₹40658-167380 durable,laptop,40658,167380,,,reviews,reviews
customer reviews smartwatch in blue below 49764 latest,watch,0,49764,,blue,reviews,reviews
best display in green below 71843 for office with good quality,monitor,0,71843,,green,ranking,best
highest rated running shoes Apple in green ₹3241-4790 gaming with good quality,shoe,3241,4790,Apple,green,reviews,reviews
pick for me camera Marshall ₹52619-211003,camera,52619,211003,Marshall,,ranking,best
highest rated android tablet below 75809 premium with good quality,tablet,0,75809,,,reviews,reviews
please best mouse starting from 1104-6400 latest,mouse,1104,6400,,,ranking,best
please affordable ipad starting from 9710-14315 durable,tablet,9710,14315,,,value,value
pick for me dslr starting from 102909-212242 wireless,camera,102909,212242,,,ranking,best
please best iphone Puma below 74482 wireless,phone,0,74482,Puma,,ranking,best
best overall wireless headphones Acer in purple starting from 9955-34836 for students,headphone,9955,34836,Acer,purple,ranking,best
cheap tablet in yellow below 43761 gaming with good quality,tablet,0,43761,,yellow,value,value
best overall shoe below 2687 durable with good quality,shoe,0,2687,Huawei,,ranking,best
highest rated phone under ₹43304 new,phone,0,43304,Logitech,brown,reviews,reviews
please highest rated dslr below 103478 for students,camera,0,103478,,red,reviews,reviews
suggest storage Adidas starting from 11349-17403 gaming,storage,11349,17403,Adidas,,ranking,best
please good reviews keyboard between ₹1644 and ₹14029,keyboard,1644,14029,,,reviews,reviews
pick for me gaming mouse in navy between ₹4119 and ₹7184 lightweight with good quality,mouse,4119,7184,,navy,ranking,best
suggest headphone in black below 3620 new with good quality,headphone,0,3620,Kingston,black,ranking,best
affordable mirrorless camera in orange between ₹60556 and ₹184188 new,camera,60556,184188,,orange,value,value
customer reviews laptop between ₹41613 and ₹80756 wireless,laptop,41613,80756,Huawei,,reviews,reviews
customer reviews bluetooth speaker Marshall between ₹3096 and ₹44621,speaker,3096,44621,Marshall,,reviews,reviews
good reviews mouse in red starting from 7651-11709 wireless,mouse,7651,11709,,red,reviews,reviews
value for money gaming mouse POCO below 16797,mouse,0,16797,POCO,black,value,value
highest rated keyboard between ₹5538 and ₹13042 with good quality,keyboard,5538,13042,Google,,reviews,reviews
budget speaker under ₹37372 new,speaker,0,37372,HP,,value,value
customer reviews external drive Fitbit starting from 15470-34835 lightweight,storage,15470,34835,Fitbit,,reviews,reviews
please suggest camera Logitech under ₹81469 gaming,camera,0,81469,Logitech,,ranking,best
pick for me gaming mouse starting from 2212-5032 latest,mouse,2212,5032,,silver,ranking,best
highest rated speaker Xiaomi in black under ₹10873 lightweight,speaker,0,10873,Xiaomi,black,reviews,reviews
budget headphone under ₹33952 gaming,headphone,0,33952,,,value,value
good reviews keyboard ₹6534-15965,keyboard,6534,15965,Bose,white,reviews,reviews
please best reviews phone in gold ₹16210-26513 new,phone,16210,26513,,gold,reviews,reviews
recommended ultrabook in orange under ₹139456 gaming,laptop,0,139456,,orange,ranking,best
highest rated iphone Nike below 12199 latest,phone,0,12199,Nike,,reviews,reviews
worth it shoe starting from 4059-15616 for students,shoe,4059,15616,,,value,value
pick for me mirrorless camera Seagate under ₹53002,camera,0,53002,Seagate,,ranking,best
please value for money android phone HP ₹11944-67491,phone,11944,67491,HP,,value,value
best camera below 212253 with good quality,camera,0,212253,Corsair,,ranking,best
best mechanical keyboard Crucial between ₹7626 and ₹13350 with good quality,keyboard,7626,13350,Crucial,black,ranking,best
worth it mechanical keyboard ₹6917-19711 durable,keyboard,6917,19711,,gray,value,value
please good reviews ssd Sennheiser starting from 7135-22343 latest,storage,7135,22343,Sennheiser,,reviews,reviews
worth it tablet in red ₹33229-106853 gaming,tablet,33229,106853,,red,value,value
good reviews speaker starting from 1517-4694,speaker,1517,4694,,,reviews,reviews
please pick for me macbook starting from 36412-94592 lightweight,laptop,36412,94592,,,ranking,best
best reviews earphones in black ₹885-38689 premium,headphone,885,38689,,black,reviews,reviews
recommended external drive Canon below 31593 with good quality,storage,0,31593,Canon,white,ranking,best
affordable mirrorless camera Lenovo below 109525 with good quality,camera,0,109525,Lenovo,,value,value
affordable headphones Reebok starting from 17724-24600,headphone,17724,24600,Reebok,,value,value
good reviews shoes starting from 2020-12003,shoe,2020,12003,Western Digital,,reviews,reviews
recommended ipad under ₹45850 durable with good quality,tablet,0,45850,Crucial,,ranking,best
good reviews android tablet ₹8177-108918 new with good quality,tablet,8177,108918,,,reviews,reviews
best reviews ssd Huawei starting from 5074-10993 premium,storage,5074,10993,Huawei,,reviews,reviews
suggest screen between ₹23289 and ₹35572 latest with good quality,monitor,23289,35572,,black,ranking,best
best keyboard ₹2442-11769 durable,keyboard,2442,11769,,,ranking,best
best reviews boots ₹3628-4236 durable,shoe,3628,4236,,,reviews,reviews
please highest rated fitness watch in silver ₹17789-54140 wireless with good quality,watch,17789,54140,,silver,reviews,reviews
pick for me mechanical keyboard under ₹16535,keyboard,0,16535,HP,yellow,ranking,best
top rated dslr Corsair below 125960 latest with good quality,camera,0,125960,Corsair,,reviews,reviews
value for money android phone Fitbit ₹11443-24911 new,phone,11443,24911,Fitbit,white,value,value
please best reviews ssd in gold under ₹14801 new,storage,0,14801,Huawei,gold,reviews,reviews
affordable earbuds Huawei starting from 10535-11011,headphone,10535,11011,Huawei,,value,value
best reviews storage Fujifilm in green under ₹20572 durable,storage,0,20572,Fujifilm,green,reviews,reviews
worth it camera POCO in green starting from 58379-183236 for office,camera,58379,183236,POCO,green,value,value
please best reviews phone New Balance ₹29499-66287 wireless with good quality,phone,29499,66287,New Balance,black,reviews,reviews
please best reviews keyboard between ₹1916 and ₹17264 for students,keyboard,1916,17264,,,reviews,reviews
best earphones ₹4988-25803,headphone,4988,25803,,,ranking,best
cheap headphone under ₹31521 wireless,headphone,0,31521,,,value,value
customer reviews ssd in gray under ₹36303,storage,0,36303,,gray,reviews,reviews
affordable android tablet Fujifilm in purple between ₹39276 and ₹75282,tablet,39276,75282,Fujifilm,purple,value,value
please worth it dslr under ₹81963 wireless,camera,0,81963,Canon,,value,value
best reviews notebook Marshall between ₹73687 and ₹120174 with good quality,laptop,73687,120174,Marshall,,reviews,reviews
best camera Adidas in gold between ₹53338 and ₹216302,camera,53338,216302,Adidas,gold,ranking,best
customer reviews phone in black below 71363 gaming,phone,0,71363,,black,reviews,reviews
please pick for me shoe Corsair between ₹939 and ₹18929 gaming,shoe,939,18929,Corsair,green,ranking,best
recommended smartwatch Marshall under ₹44624 durable,watch,0,44624,Marshall,,ranking,best
please customer reviews mobile Apple below 67284,phone,0,67284,Apple,purple,reviews,reviews
best smartwatch in navy ₹5069-76818,watch,5069,76818,,navy,ranking,best
customer reviews ultrabook under ₹105060 premium,laptop,0,105060,,blue,reviews,reviews
pick for me earbuds starting from 2870-9591 premium with good quality,headphone,2870,9591,,,ranking,best
please budget tablet in blue between ₹24870 and ₹70957 for office with good quality,tablet,24870,70957,Huawei,blue,value,value
please pick for me mobile ₹18168-31335 premium with good quality,phone,18168,31335,Asics,,ranking,best
please suggest external drive under ₹21558,storage,0,21558,,,ranking,best
best overall earbuds Samsung starting from 12046-48501 for students,headphone,12046,48501,Samsung,,ranking,best
suggest shoes below 19191 lightweight,shoe,0,19191,ASUS,,ranking,best
highest rated display Logitech starting from 25731-48857 gaming,monitor,25731,48857,Logitech,black,reviews,reviews
worth it dslr Realme under ₹193436 with good quality,camera,0,193436,Realme,,value,value
pick for me external drive below 18663 for office with good quality,storage,0,18663,,,ranking,best
affordable android tablet below 110318 for students,tablet,0,110318,,,value,value
recommended iphone in green starting from 31286-54986 wireless with good quality,phone,31286,54986,,green,ranking,best
please cheap ssd ₹15530-32481 for office with good quality,storage,15530,32481,,,value,value
highest rated mechanical keyboard in silver starting from 7990-8495 lightweight,keyboard,7990,8495,,silver,reviews,reviews
best reviews mouse between ₹7586 and ₹12438,mouse,7586,12438,,,reviews,reviews
pick for me tablet in navy below 99976 with good quality,tablet,0,99976,,navy,ranking,best
good reviews iphone between ₹30882 and ₹79908 wireless,phone,30882,79908,,,reviews,reviews
worth it bluetooth speaker in blue ₹4790-47525 premium,speaker,4790,47525,,blue,value,value
customer reviews mechanical keyboard Fitbit below 13671 new,keyboard,0,13671,Fitbit,orange,reviews,reviews
please suggest android phone between ₹35150 and ₹50246 for students with good quality,phone,35150,50246,,,ranking,best
please suggest keyboard ASUS ₹6511-19382 with good quality,keyboard,6511,19382,ASUS,,ranking,best
worth it speaker between ₹5491 and ₹28817 premium,speaker,5491,28817,,silver,value,value
worth it keyboard in yellow starting from 8160-9859 new,keyboard,8160,9859,,yellow,value,value
affordable display below 72441 new with good quality,monitor,0,72441,,,value,value
please recommended monitor Nikon between ₹32291 and ₹62188 durable,monitor,32291,62188,Nikon,red,ranking,best
worth it tablet ₹15852-118358,tablet,15852,118358,,,value,value
cheap mouse between ₹4043 and ₹14630 latest,mouse,4043,14630,,,value,value
worth it screen Bose between ₹25843 and ₹66974,monitor,25843,66974,Bose,,value,value
please cheap gaming mouse starting from 6998-16231,mouse,6998,16231,Puma,orange,value,value
please top rated fitness watch Logitech below 43635 for office,watch,0,43635,Logitech,,reviews,reviews
top rated speaker Adidas under ₹17637 for students,speaker,0,17637,Adidas,,reviews,reviews
please highest rated fitness watch under ₹24966 for office,watch,0,24966,,,reviews,reviews
cheap storage Panasonic in gold ₹7167-14089 latest,storage,7167,14089,Panasonic,gold,value,value
cheap bluetooth speaker in orange starting from 15709-23548 latest with good quality,speaker,15709,23548,,orange,value,value
pick for me bluetooth speaker in yellow under ₹40323 for students with good quality,speaker,0,40323,,yellow,ranking,best
value for money earphones Bose below 41267 for students,headphone,0,41267,Bose,,value,value
please pick for me ssd between ₹10893 and ₹26714,storage,10893,26714,,black,ranking,best
please affordable display in red under ₹29688 gaming,monitor,0,29688,,red,value,value
cheap speaker starting from 6845-10572 lightweight,speaker,6845,10572,OnePlus,,value,value
top rated android tablet in white between ₹49787 and ₹92360,tablet,49787,92360,,white,reviews,reviews
affordable headphones under ₹33353,headphone,0,33353,Reebok,,value,value
please best dslr Nikon in gold between ₹62337 and ₹65149 with good quality,camera,62337,65149,Nikon,gold,ranking,best
suggest keyboard SteelSeries between ₹7280 and ₹18911 latest,keyboard,7280,18911,SteelSeries,,ranking,best
please value for money ipad Apple between ₹17596 and ₹55908,tablet,17596,55908,Apple,,value,value
please best overall iphone HP in gold below 67101,phone,0,67101,HP,gold,ranking,best
worth it computer Corsair in brown starting from 87288-168278 latest,laptop,87288,168278,Corsair,brown,value,value
best reviews fitness watch under ₹19171 for students,watch,0,19171,,,reviews,reviews
suggest watch in orange starting from 20676-69857 lightweight,watch,20676,69857,,orange,ranking,best
budget fitness watch Logitech below 29036 for students,watch,0,29036,Logitech,purple,value,value
best smartwatch in orange under ₹47274 for students with good quality,watch,0,47274,,orange,ranking,best
please worth it mechanical keyboard Corsair under ₹8674 latest,keyboard,0,8674,Corsair,,value,value
please affordable earphones HP below 28274 new,headphone,0,28274,HP,blue,value,value
cheap footwear in orange starting from 7240-9600 premium with good quality,shoe,7240,9600,,orange,value,value
please best overall mirrorless camera Nike ₹81876-216394 wireless with good quality,camera,81876,216394,Nike,,ranking,best
please best reviews screen Huawei under ₹69987,monitor,0,69987,Huawei,,reviews,reviews
good reviews mechanical keyboard Puma under ₹7034 latest,keyboard,0,7034,Puma,,reviews,reviews
highest rated android phone starting from 30621-43482 gaming,phone,30621,43482,Xiaomi,,reviews,reviews
value for money fitness watch ₹10181-15535 for office,watch,10181,15535,,,value,value
worth it tablet starting from 43154-54031 latest,tablet,43154,54031,,,value,value
value for money bluetooth speaker Fossil between ₹12710 and ₹33758 lightweight,speaker,12710,33758,Fossil,,value,value
best overall external drive ₹3145-27805 for students with good quality,storage,3145,27805,,,ranking,best
pick for me bluetooth speaker Fujifilm under ₹19949,speaker,0,19949,Fujifilm,,ranking,best
best reviews mirrorless camera JBL ₹80479-245995 premium,camera,80479,245995,JBL,,reviews,reviews
good reviews headphones starting from 10322-36351 gaming,headphone,10322,36351,Corsair,orange,reviews,reviews
cheap laptop Asics between ₹40036 and ₹89680 for students,laptop,40036,89680,Asics,,value,value
affordable external drive Sony below 19991 wireless,storage,0,19991,Sony,yellow,value,value
cheap android phone POCO in brown under ₹78866 latest,phone,0,78866,POCO,brown,value,value
pick for me screen OnePlus under ₹70810 durable,monitor,0,70810,OnePlus,brown,ranking,best
affordable running shoes under ₹7348 durable,shoe,0,7348,,,value,value
pick for me computer below 173555 for office,laptop,0,173555,Reebok,,ranking,best
cheap tablet under ₹44926 gaming,tablet,0,44926,MSI,,value,value
please customer reviews android phone below 67647 with good quality,phone,0,67647,,,reviews,reviews
pick for me gaming mouse in gray under ₹6665 for office,mouse,0,6665,,gray,ranking,best
good reviews display Adidas under ₹53845 premium,monitor,0,53845,Adidas,,reviews,reviews
suggest ssd below 6125,storage,0,6125,HP,,ranking,best
please suggest camera starting from 96344-159345,camera,96344,159345,,,ranking,best
top rated ssd ₹2513-4529,storage,2513,4529,ASUS,gray,reviews,reviews
best overall iphone ₹31450-41383 for office,phone,31450,41383,,purple,ranking,best
value for money sneakers below 14088,shoe,0,14088,,,value,value
good reviews mirrorless camera under ₹232640,camera,0,232640,,white,reviews,reviews
best overall laptop MSI below 70354 with good quality,laptop,0,70354,MSI,,ranking,best
affordable bluetooth speaker Dell below 34857 for students,speaker,0,34857,Dell,,value,value
suggest bluetooth speaker below 38367 premium,speaker,0,38367,,,ranking,best
best reviews headphones below 29943,headphone,0,29943,,gray,reviews,reviews
best overall earbuds in brown between ₹13070 and ₹34486,headphone,13070,34486,,brown,ranking,best
please cheap mobile starting from 14640-24532,phone,14640,24532,Dell,,value,value
value for money speaker Sony below 15517 lightweight,speaker,0,15517,Sony,navy,value,value
recommended mouse Huawei under ₹14568 with good quality,mouse,0,14568,Huawei,,ranking,best
budget mouse Fossil below 14229 new,mouse,0,14229,Fossil,,value,value
customer reviews speaker below 12286 for office,speaker,0,12286,,,reviews,reviews
please customer reviews mechanical keyboard ₹2435-9317 durable,keyboard,2435,9317,,,reviews,reviews
worth it mechanical keyboard in gold ₹6836-14440 for students with good quality,keyboard,6836,14440,,gold,value,value
affordable wireless headphones HP between ₹12084 and ₹49959 latest,headphone,12084,49959,HP,blue,value,value
best reviews monitor Google between ₹16210 and ₹33164 durable,monitor,16210,33164,Google,,reviews,reviews
best overall mouse under ₹14037 for office,mouse,0,14037,,,ranking,best
suggest camera starting from 47802-62174,camera,47802,62174,,,ranking,best
please pick for me smartwatch Nikon below 72275 gaming,watch,0,72275,Nikon,,ranking,best
highest rated phone in purple between ₹21368 and ₹74337 for office,phone,21368,74337,,purple,reviews,reviews
value for money shoe Kingston ₹3670-11580 new,shoe,3670,11580,Kingston,,value,value
good reviews macbook under ₹193762 gaming,laptop,0,193762,,,reviews,reviews
highest rated ultrabook Western Digital below 182820 wireless,laptop,0,182820,Western Digital,,reviews,reviews
affordable speaker between ₹2973 and ₹38112 gaming,speaker,2973,38112,,,value,value
value for money laptop starting from 70749-159980 for students,laptop,70749,159980,POCO,,value,value
affordable footwear Sony between ₹7849 and ₹8623 wireless with good quality,shoe,7849,8623,Sony,,value,value
best reviews ssd below 15107 wireless,storage,0,15107,,yellow,reviews,reviews
good reviews screen below 46046 durable,monitor,0,46046,,,reviews,reviews
please worth it sneakers in white between ₹1198 and ₹5407 with good quality,shoe,1198,5407,,white,value,value
worth it android phone starting from 19024-50005 premium,phone,19024,50005,Razer,,value,value
please best reviews boots ₹4015-18548 lightweight,shoe,4015,18548,,gold,reviews,reviews
please customer reviews keyboard Seagate in brown under ₹10818,keyboard,0,10818,Seagate,brown,reviews,reviews
best overall hdd starting from 10665-19732,storage,10665,19732,,,ranking,best
customer reviews wireless headphones Kingston in blue ₹15437-22480 lightweight,headphone,15437,22480,Kingston,blue,reviews,reviews
good reviews earbuds Samsung starting from 6863-36442,headphone,6863,36442,Samsung,brown,reviews,reviews
value for money screen in silver between ₹7379 and ₹26586 premium,monitor,7379,26586,Dell,silver,value,value
please highest rated display starting from 26216-33165 for office,monitor,26216,33165,,,reviews,reviews
best overall tablet ₹34115-66075 gaming,tablet,34115,66075,Bose,,ranking,best
best overall boots in white ₹7211-18635 durable,shoe,7211,18635,,white,ranking,best
please worth it android phone in gray below 66024,phone,0,66024,,gray,value,value
best overall bluetooth speaker in brown starting from 16984-19906 latest,speaker,16984,19906,,brown,ranking,best
budget tablet ₹12609-14535,tablet,12609,14535,,,value,value
pick for me ipad between ₹32804 and ₹67181,tablet,32804,67181,Microsoft,,ranking,best
cheap external drive ₹6389-8061 durable,storage,6389,8061,,orange,value,value
please good reviews mechanical keyboard between ₹5235 and ₹10861 latest,keyboard,5235,10861,,,reviews,reviews
suggest ssd Acer below 26879,storage,0,26879,Acer,,ranking,best
highest rated running shoes starting from 7894-11012 durable,shoe,7894,11012,,brown,reviews,reviews
please affordable mouse Audio-Technica between ₹6128 and ₹11843 with good quality,mouse,6128,11843,Audio-Technica,blue,value,value
please affordable watch under ₹35025 premium,watch,0,35025,,,value,value
budget running shoes Garmin ₹1488-9447 latest with good quality,shoe,1488,9447,Garmin,,value,value
suggest bluetooth speaker Google between ₹19162 and ₹47247 lightweight,speaker,19162,47247,Google,,ranking,best
suggest sneakers starting from 6190-8486 latest,shoe,6190,8486,,,ranking,best
customer reviews shoe below 10603 latest,shoe,0,10603,MSI,,reviews,reviews
recommended smartphone Apple between ₹24687 and ₹33832 premium with good quality,phone,24687,33832,Apple,,ranking,best
recommended shoe in brown starting from 6708-19254 premium,shoe,6708,19254,Huawei,brown,ranking,best
please top rated smartphone between ₹9186 and ₹31938,phone,9186,31938,Huawei,,reviews,reviews
top rated shoe in purple between ₹2632 and ₹7483 durable,shoe,2632,7483,,purple,reviews,reviews
best bluetooth speaker ASUS starting from 11406-19509,speaker,11406,19509,ASUS,,ranking,best
value for money phone Dell between ₹34706 and ₹77862 lightweight,phone,34706,77862,Dell,white,value,value
please best reviews iphone in black under ₹66983 gaming,phone,0,66983,,black,reviews,reviews
cheap bluetooth speaker SteelSeries in red below 29695 lightweight,speaker,0,29695,SteelSeries,red,value,value
please customer reviews computer Fitbit under ₹166011,laptop,0,166011,Fitbit,yellow,reviews,reviews
value for money screen under ₹49908 gaming,monitor,0,49908,,,value,value
pick for me smartwatch in brown below 71127 durable,watch,0,71127,,brown,ranking,best
budget keyboard starting from 1998-4188,keyboard,1998,4188,,,value,value
value for money ultrabook New Balance in gray under ₹135253 for office,laptop,0,135253,New Balance,gray,value,value
good reviews keyboard in green starting from 7288-18053 for students,keyboard,7288,18053,Adidas,green,reviews,reviews
pick for me monitor starting from 23058-31374 gaming with good quality,monitor,23058,31374,,,ranking,best
please pick for me smartwatch Corsair in blue starting from 21236-63172 durable,watch,21236,63172,Corsair,blue,ranking,best
customer reviews boots Google in yellow under ₹14195,shoe,0,14195,Google,yellow,reviews,reviews
suggest watch below 73970,watch,0,73970,,,ranking,best
value for money headphone in brown starting from 10656-47772 gaming with good quality,headphone,10656,47772,,brown,value,value
please worth it mechanical keyboard between ₹5172 and ₹19354,keyboard,5172,19354,Apple,,value,value
budget ultrabook ₹57829-178365,laptop,57829,178365,,,value,value
value for money dslr starting from 54044-223768,camera,54044,223768,,green,value,value
please best overall speaker ASUS in gray under ₹37023 gaming with good quality,speaker,0,37023,ASUS,gray,ranking,best
top rated smartphone Logitech under ₹31124 for office,phone,0,31124,Logitech,,reviews,reviews
recommended ipad in blue below 100492 latest,tablet,0,100492,,blue,ranking,best
highest rated screen under ₹54166 for office,monitor,0,54166,,,reviews,reviews
please suggest tablet Google ₹48342-98755,tablet,48342,98755,Google,,ranking,best
highest rated dslr in orange under ₹174928 lightweight,camera,0,174928,,orange,reviews,reviews
best reviews screen Reebok starting from 22703-48471,monitor,22703,48471,Reebok,gray,reviews,reviews
affordable ipad Realme in red below 39824,tablet,0,39824,Realme,red,value,value
best speaker under ₹36281,speaker,0,36281,Fujifilm,,ranking,best
pick for me speaker POCO between ₹7514 and ₹29224,speaker,7514,29224,POCO,yellow,ranking,best
good reviews bluetooth speaker under ₹47201,speaker,0,47201,,green,reviews,reviews
please recommended dslr Adidas in gray starting from 98668-143156,camera,98668,143156,Adidas,gray,ranking,best
affordable bluetooth speaker Nikon below 40554 with good quality,speaker,0,40554,Nikon,gray,value,value
best reviews screen ₹28830-39718 for students,monitor,28830,39718,,,reviews,reviews
please affordable monitor in brown between ₹19387 and ₹60791 premium,monitor,19387,60791,,brown,value,value
highest rated external drive ₹15107-34382 wireless with good quality,storage,15107,34382,,,reviews,reviews
worth it camera Huawei in green starting from 95404-114765 with good quality,camera,95404,114765,Huawei,green,value,value
please recommended keyboard under ₹4928 for office with good quality,keyboard,0,4928,Razer,,ranking,best
please best overall tablet starting from 42917-86133 for office,tablet,42917,86133,,,ranking,best
value for money ssd Crucial under ₹34472,storage,0,34472,Crucial,,value,value
best screen between ₹22196 and ₹67792 wireless with good quality,monitor,22196,67792,,,ranking,best
affordable camera Sennheiser below 77750 durable,camera,0,77750,Sennheiser,,value,value
best overall speaker starting from 10327-44273,speaker,10327,44273,,,ranking,best
cheap wireless headphones under ₹40492 lightweight with good quality,headphone,0,40492,,,value,value
highest rated ipad between ₹45229 and ₹75567 gaming,tablet,45229,75567,Kingston,,reviews,reviews
best overall mouse Canon starting from 5841-7059 for office,mouse,5841,7059,Canon,,ranking,best
good reviews speaker Razer below 41993 new,speaker,0,41993,Razer,green,reviews,reviews
customer reviews mouse in white between ₹2485 and ₹9133 lightweight,mouse,2485,9133,,white,reviews,reviews
best sneakers below 9373 new,shoe,0,9373,,,ranking,best
suggest mouse MSI ₹2645-9213 premium,mouse,2645,9213,MSI,white,ranking,best
worth it smartphone Corsair in gray ₹14126-73417 wireless,phone,14126,73417,Corsair,gray,value,value
best overall android tablet under ₹91234 latest,tablet,0,91234,,,ranking,best
customer reviews dslr in green below 210978 for students,camera,0,210978,Seagate,green,reviews,reviews
please top rated watch ₹7972-40400 new,watch,7972,40400,,,reviews,reviews
best smartphone below 34047,phone,0,34047,,,ranking,best
please highest rated headphone under ₹21869 wireless with good quality,headphone,0,21869,Puma,,reviews,reviews
cheap hdd starting from 1144-19337 new,storage,1144,19337,,,value,value
cheap keyboard below 4400 for students,keyboard,0,4400,,,value,value
please customer reviews tablet HP in silver below 103958 latest,tablet,0,103958,HP,silver,reviews,reviews
highest rated screen in gray under ₹78336 premium,monitor,0,78336,,gray,reviews,reviews
customer reviews external drive starting from 3683-19987 with good quality,storage,3683,19987,,,reviews,reviews
pick for me sneakers starting from 3653-16569 wireless with good quality,shoe,3653,16569,,gold,ranking,best
budget mobile starting from 8939-70577 durable,phone,8939,70577,Marshall,,value,value
value for money dslr starting from 45045-92791 for office,camera,45045,92791,,,value,value
budget external drive below 39952,storage,0,39952,,,value,value
worth it storage Audio-Technica under ₹27882 for students,storage,0,27882,Audio-Technica,silver,value,value
best overall bluetooth speaker in yellow below 25813 with good quality,speaker,0,25813,,yellow,ranking,best
value for money monitor Seagate in orange between ₹22778 and ₹36245 for students,monitor,22778,36245,Seagate,orange,value,value
top rated dslr between ₹54244 and ₹246652 for students,camera,54244,246652,Lenovo,,reviews,reviews
best reviews bluetooth speaker in gray between ₹7157 and ₹15857 latest,speaker,7157,15857,,gray,reviews,reviews
budget external drive between ₹13069 and ₹26852 for office,storage,13069,26852,,,value,value
recommended android tablet Adidas between ₹15288 and ₹99161 for office,tablet,15288,99161,Adidas,red,ranking,best
please value for money mechanical keyboard in green starting from 6320-8179 durable,keyboard,6320,8179,,green,value,value
budget macbook below 79040 latest,laptop,0,79040,,,value,value
good reviews notebook Kingston below 118765 lightweight,laptop,0,118765,Kingston,,reviews,reviews
best overall mechanical keyboard ₹3989-6384,keyboard,3989,6384,,,ranking,best
pick for me screen ₹7899-43279 new with good quality,monitor,7899,43279,,,ranking,best
please affordable smartwatch starting from 27220-53736,watch,27220,53736,,black,value,value
value for money gaming mouse Xiaomi below 11151 latest with good quality,mouse,0,11151,Xiaomi,,value,value
budget bluetooth speaker between ₹19365 and ₹34787 latest,speaker,19365,34787,,,value,value
cheap keyboard starting from 2877-8292,keyboard,2877,8292,,,value,value
cheap computer JBL below 161052 with good quality,laptop,0,161052,JBL,,value,value
recommended smartwatch below 43532 lightweight,watch,0,43532,,purple,ranking,best
top rated shoes Kingston starting from 3147-5317 for students with good quality,shoe,3147,5317,Kingston,,reviews,reviews
please worth it ultrabook Panasonic below 120672 for office,laptop,0,120672,Panasonic,,value,value
recommended watch Logitech between ₹20037 and ₹23360 gaming,watch,20037,23360,Logitech,black,ranking,best
best reviews macbook Google under ₹92573 gaming,laptop,0,92573,Google,blue,reviews,reviews
top rated camera under ₹133792 gaming,camera,0,133792,,blue,reviews,reviews
affordable fitness watch Logitech starting from 5431-50545 lightweight,watch,5431,50545,Logitech,,value,value
worth it android phone under ₹75632 for students,phone,0,75632,,,value,value
worth it mechanical keyboard starting from 6736-8384,keyboard,6736,8384,,,value,value
top rated computer POCO starting from 28737-160915 new,laptop,28737,160915,POCO,,reviews,reviews
best overall laptop between ₹41931 and ₹169841 gaming,laptop,41931,169841,,black,ranking,best
please best footwear in silver between ₹8080 and ₹17158 lightweight,shoe,8080,17158,,silver,ranking,best
affordable screen in silver below 69034,monitor,0,69034,,silver,value,value
highest rated running shoes ₹6414-6908,shoe,6414,6908,,,reviews,reviews
best mouse JBL below 6071 new,mouse,0,6071,JBL,,ranking,best
best overall tablet Western Digital under ₹55477 for office with good quality,tablet,0,55477,Western Digital,,ranking,best
pick for me mouse between ₹6017 and ₹13233 durable with good quality,mouse,6017,13233,Sony,,ranking,best
value for money fitness watch below 51122 new with good quality,watch,0,51122,,,value,value
suggest computer between ₹65551 and ₹113746 lightweight,laptop,65551,113746,,navy,ranking,best
cheap watch in yellow below 74881 new with good quality,watch,0,74881,ASUS,yellow,value,value
highest rated monitor under ₹63574 for students,monitor,0,63574,Xiaomi,,reviews,reviews
top rated mechanical keyboard under ₹10096 gaming,keyboard,0,10096,,,reviews,reviews
recommended display below 33535,monitor,0,33535,,yellow,ranking,best
good reviews tablet HP starting from 15890-37510 new,tablet,15890,37510,HP,purple,reviews,reviews
please best overall ultrabook between ₹75889 and ₹94936 wireless,laptop,75889,94936,,purple,ranking,best
affordable shoe in gold between ₹5790 and ₹13725 lightweight,shoe,5790,13725,Seagate,gold,value,value
highest rated monitor ₹16459-56544 gaming,monitor,16459,56544,,blue,reviews,reviews
please highest rated tablet in green under ₹85473,tablet,0,85473,Adidas,green,reviews,reviews
please good reviews mouse Reebok under ₹18728,mouse,0,18728,Reebok,yellow,reviews,reviews
affordable mouse Apple below 11802 new,mouse,0,11802,Apple,,value,value
best reviews mechanical keyboard under ₹12662,keyboard,0,12662,,,reviews,reviews
budget wireless headphones starting from 8794-47621 for office with good quality,headphone,8794,47621,Asics,blue,value,value
budget screen Apple starting from 21963-49367 for students with good quality,monitor,21963,49367,Apple,,value,value
suggest bluetooth speaker between ₹7136 and ₹10742,speaker,7136,10742,,,ranking,best
top rated speaker MSI starting from 4086-17166 premium,speaker,4086,17166,MSI,,reviews,reviews
please value for money footwear Marshall starting from 4906-9044 new,shoe,4906,9044,Marshall,,value,value
budget ssd ₹7607-14401 premium,storage,7607,14401,,,value,value
best overall sneakers Sony in red under ₹14147,shoe,0,14147,Sony,red,ranking,best
please value for money smartwatch in gray between ₹4708 and ₹21612 premium with good quality,watch,4708,21612,Realme,gray,value,value
best overall smartphone starting from 8543-71678,phone,8543,71678,Apple,,ranking,best
please highest rated android phone in red below 41726,phone,0,41726,,red,reviews,reviews
best overall speaker Huawei starting from 12203-15760 for students,speaker,12203,15760,Huawei,,ranking,best
suggest smartwatch under ₹49987 premium,watch,0,49987,,brown,ranking,best
please customer reviews phone below 55397 latest with good quality,phone,0,55397,,,reviews,reviews
best display Nike in purple starting from 13314-45051 wireless,monitor,13314,45051,Nike,purple,ranking,best
top rated keyboard starting from 6659-13568 lightweight,keyboard,6659,13568,,silver,reviews,reviews
best reviews watch in red between ₹12199 and ₹42262,watch,12199,42262,,red,reviews,reviews
affordable watch between ₹22843 and ₹70299 new,watch,22843,70299,Motorola,,value,value
suggest mirrorless camera Garmin in green starting from 94674-191631 new,camera,94674,191631,Garmin,green,ranking,best
please top rated footwear Canon in gray under ₹10608 with good quality,shoe,0,10608,Canon,gray,reviews,reviews
affordable boots Panasonic in brown starting from 3658-7692 durable,shoe,3658,7692,Panasonic,brown,value,value
value for money footwear ₹7782-17178 latest,shoe,7782,17178,,,value,value
value for money wireless headphones in black between ₹15177 and ₹34877 wireless,headphone,15177,34877,,black,value,value
top rated external drive in red starting from 13638-20937 with good quality,storage,13638,20937,,red,reviews,reviews
best overall tablet Crucial starting from 28896-73290 for students with good quality,tablet,28896,73290,Crucial,,ranking,best
value for money watch Kingston under ₹22579 new,watch,0,22579,Kingston,,value,value
please best overall bluetooth speaker starting from 18526-34177 lightweight with good quality,speaker,18526,34177,,,ranking,best
worth it monitor under ₹20366 with good quality,monitor,0,20366,,yellow,value,value
best overall earphones starting from 11753-12075 premium,headphone,11753,12075,JBL,,ranking,best
top rated mechanical keyboard ₹5728-15081 wireless with good quality,keyboard,5728,15081,Kingston,,reviews,reviews
please recommended headphone ₹17046-31919 for students,headphone,17046,31919,,orange,ranking,best
best overall smartwatch below 29982 durable,watch,0,29982,,,ranking,best
top rated shoes below 6963,shoe,0,6963,Bose,,reviews,reviews
good reviews hdd Fujifilm in yellow under ₹10461 latest,storage,0,10461,Fujifilm,yellow,reviews,reviews
best notebook Google between ₹34376 and ₹43600 with good quality,laptop,34376,43600,Google,,ranking,best
cheap bluetooth speaker ₹16260-40376 durable,speaker,16260,40376,,,value,value
best reviews display Adidas ₹31836-71049 durable,monitor,31836,71049,Adidas,,reviews,reviews
best earbuds in orange under ₹46371 durable with good quality,headphone,0,46371,,orange,ranking,best
pick for me android tablet Nikon in purple ₹46733-72768,tablet,46733,72768,Nikon,purple,ranking,best
please best mechanical keyboard ₹7081-14905 for students,keyboard,7081,14905,,,ranking,best
best reviews fitness watch starting from 18922-36529 for students with good quality,watch,18922,36529,,,reviews,reviews
suggest dslr below 220948 premium,camera,0,220948,Reebok,,ranking,best
best watch ₹17951-48081 for office,watch,17951,48081,,,ranking,best
affordable fitness watch Nike starting from 17831-22522 latest with good quality,watch,17831,22522,Nike,,value,value
best ssd below 8598,storage,0,8598,,green,ranking,best
best reviews screen in purple between ₹17352 and ₹23456,monitor,17352,23456,,purple,reviews,reviews
cheap mobile below 30842 new with good quality,phone,0,30842,Adidas,,value,value
customer reviews computer in red between ₹32663 and ₹35309 for office,laptop,32663,35309,,red,reviews,reviews
affordable shoes Fitbit between ₹1487 and ₹3724 for students,shoe,1487,3724,Fitbit,,value,value
good reviews android phone New Balance between ₹27928 and ₹64322 gaming,phone,27928,64322,New Balance,,reviews,reviews
best overall bluetooth speaker below 19943 with good quality,speaker,0,19943,Dell,,ranking,best
please best mechanical keyboard Canon in brown under ₹2698 gaming,keyboard,0,2698,Canon,brown,ranking,best
worth it mechanical keyboard below 7671 for students,keyboard,0,7671,,,value,value
cheap ultrabook in white starting from 84497-127977 with good quality,laptop,84497,127977,,white,value,value
affordable display under ₹22062 for office,monitor,0,22062,,white,value,value
budget earphones below 45343 latest,headphone,0,45343,Huawei,,value,value
budget speaker under ₹40647 lightweight with good quality,speaker,0,40647,,,value,value
best overall keyboard Puma in gold starting from 2711-7531 for students with good quality,keyboard,2711,7531,Puma,gold,ranking,best
cheap gaming mouse starting from 1328-19582 gaming,mouse,1328,19582,,,value,value
cheap smartphone ₹18152-51954,phone,18152,51954,,,value,value
pick for me android phone Razer under ₹49637,phone,0,49637,Razer,,ranking,best
budget mechanical keyboard ₹1097-2257,keyboard,1097,2257,,,value,value
recommended android phone in red between ₹20887 and ₹25338 wireless,phone,20887,25338,,red,ranking,best
best mouse Samsung under ₹12489 gaming with good quality,mouse,0,12489,Samsung,,ranking,best
highest rated screen ASUS below 14905 durable with good quality,monitor,0,14905,ASUS,silver,reviews,reviews
best mouse Samsung starting from 4614-15825 with good quality,mouse,4614,15825,Samsung,,ranking,best
budget monitor Google below 41396 for office,monitor,0,41396,Google,gold,value,value
best reviews display below 46418 for office,monitor,0,46418,,,reviews,reviews
pick for me keyboard under ₹10931,keyboard,0,10931,,,ranking,best
recommended macbook in gray between ₹57695 and ₹150665 new,laptop,57695,150665,Fossil,gray,ranking,best
cheap hdd Logitech below 32203 premium,storage,0,32203,Logitech,,value,value
please worth it mouse Xiaomi in brown below 7446 wireless,mouse,0,7446,Xiaomi,brown,value,value
cheap ultrabook in silver between ₹49100 and ₹71054 wireless with good quality,laptop,49100,71054,,silver,value,value
please best overall gaming mouse below 7112 lightweight,mouse,0,7112,,,ranking,best
please good reviews keyboard starting from 6149-13679 lightweight,keyboard,6149,13679,Fujifilm,,reviews,reviews
good reviews smartphone between ₹15064 and ₹22725 for office,phone,15064,22725,,,reviews,reviews
pick for me monitor under ₹47115 new with good quality,monitor,0,47115,,,ranking,best
highest rated android tablet in yellow between ₹18937 and ₹102013 lightweight with good quality,tablet,18937,102013,,yellow,reviews,reviews
please recommended footwear in green below 9274 premium,shoe,0,9274,,green,ranking,best
best ipad ₹16263-99134 durable,tablet,16263,99134,,,ranking,best
good reviews mirrorless camera Panasonic in purple below 191989,camera,0,191989,Panasonic,purple,reviews,reviews
please worth it mechanical keyboard under ₹17834 latest,keyboard,0,17834,,,value,value
best reviews headphone in blue ₹1265-38727 premium,headphone,1265,38727,,blue,reviews,reviews
budget keyboard under ₹3536 with good quality,keyboard,0,3536,,orange,value,value
worth it android tablet ₹12638-25648 new,tablet,12638,25648,,,value,value
best reviews hdd starting from 14057-25176 gaming,storage,14057,25176,Fossil,,reviews,reviews
recommended camera below 168497 latest,camera,0,168497,,black,ranking,best
please recommended mechanical keyboard under ₹11109,keyboard,0,11109,Fossil,purple,ranking,best
please recommended bluetooth speaker starting from 1067-21650,speaker,1067,21650,,navy,ranking,best
customer reviews mirrorless camera New Balance in purple below 227220,camera,0,227220,New Balance,purple,reviews,reviews
best overall shoe Bose ₹8293-15291 with good quality,shoe,8293,15291,Bose,,ranking,best
please affordable bluetooth speaker below 45345 latest,speaker,0,45345,,,value,value
please budget smartwatch Kingston below 40364 lightweight,watch,0,40364,Kingston,,value,value
best reviews display below 67781 premium,monitor,0,67781,,orange,reviews,reviews
please good reviews shoe between ₹5015 and ₹8854,shoe,5015,8854,,green,reviews,reviews
please best reviews android phone Marshall under ₹79254,phone,0,79254,Marshall,,reviews,reviews
please worth it speaker Bose under ₹35297 latest,speaker,0,35297,Bose,,value,value
best reviews keyboard Nike below 13761,keyboard,0,13761,Nike,yellow,reviews,reviews
budget watch OnePlus in red below 35544 new,watch,0,35544,OnePlus,red,value,value
please top rated ipad in gray ₹36701-96144 premium,tablet,36701,96144,,gray,reviews,reviews
please best overall wireless headphones Adidas below 45866 latest,headphone,0,45866,Adidas,,ranking,best
customer reviews earbuds Razer between ₹18979 and ₹34759 new,headphone,18979,34759,Razer,red,reviews,reviews
worth it external drive in navy ₹7154-37536 wireless,storage,7154,37536,Google,navy,value,value
pick for me bluetooth speaker between ₹18826 and ₹24270 wireless,speaker,18826,24270,,,ranking,best
please highest rated watch ₹13620-45699 premium with good quality,watch,13620,45699,,,reviews,reviews
customer reviews screen under ₹44128 premium with good quality,monitor,0,44128,,,reviews,reviews
best shoes ₹7973-13302 gaming with good quality,shoe,7973,13302,,yellow,ranking,best
best monitor in black between ₹8752 and ₹15369 latest with good quality,monitor,8752,15369,SteelSeries,black,ranking,best
best reviews shoes starting from 8021-11417 latest,shoe,8021,11417,,white,reviews,reviews
good reviews shoe in red below 6049 durable,shoe,0,6049,,red,reviews,reviews
pick for me mirrorless camera JBL between ₹95411 and ₹104249 gaming,camera,95411,104249,JBL,gray,ranking,best
top rated display between ₹9383 and ₹18055 durable,monitor,9383,18055,,,reviews,reviews
suggest mechanical keyboard between ₹5148 and ₹14026 lightweight,keyboard,5148,14026,Reebok,,ranking,best
good reviews speaker Garmin in blue under ₹23422 with good quality,speaker,0,23422,Garmin,blue,reviews,reviews
please recommended bluetooth speaker ₹15403-31756 durable with good quality,speaker,15403,31756,,,ranking,best
affordable gaming mouse in silver ₹5466-5897 gaming,mouse,5466,5897,,silver,value,value
please pick for me mouse under ₹11733 latest,mouse,0,11733,,,ranking,best
highest rated mouse between ₹5873 and ₹8905,mouse,5873,8905,,,reviews,reviews
value for money iphone in yellow ₹9424-77957 lightweight,phone,9424,77957,,yellow,value,value
best reviews phone in white below 41039 lightweight with good quality,phone,0,41039,,white,reviews,reviews
highest rated sneakers Motorola in brown starting from 2911-12199 wireless,shoe,2911,12199,Motorola,brown,reviews,reviews
highest rated laptop in white ₹88987-169429 latest,laptop,88987,169429,,white,reviews,reviews
value for money gaming mouse Garmin starting from 6159-6837,mouse,6159,6837,Garmin,,value,value
best overall mirrorless camera Crucial ₹31384-101194 for students,camera,31384,101194,Crucial,,ranking,best
best camera in navy starting from 100342-105493,camera,100342,105493,,navy,ranking,best
top rated dslr Garmin in orange under ₹248540 for office,camera,0,248540,Garmin,orange,reviews,reviews
best overall mouse under ₹17133 new,mouse,0,17133,Google,,ranking,best
affordable ultrabook starting from 44162-175207 gaming with good quality,laptop,44162,175207,,,value,value
affordable mechanical keyboard Lenovo below 9889,keyboard,0,9889,Lenovo,,value,value
good reviews ssd in navy under ₹19008 new,storage,0,19008,,navy,reviews,reviews
recommended watch in purple under ₹36277 with good quality,watch,0,36277,Logitech,purple,ranking,best
recommended mechanical keyboard Logitech in yellow below 9326 lightweight,keyboard,0,9326,Logitech,yellow,ranking,best
cheap phone Acer starting from 30660-60490,phone,30660,60490,Acer,,value,value
suggest speaker in brown below 26388 wireless,speaker,0,26388,,brown,ranking,best
affordable wireless headphones Garmin in red starting from 19271-26320,headphone,19271,26320,Garmin,red,value,value
please top rated smartphone under ₹71965 latest,phone,0,71965,Razer,,reviews,reviews
budget screen Audio-Technica below 69701 with good quality,monitor,0,69701,Audio-Technica,,value,value
please pick for me camera below 208392,camera,0,208392,Logitech,,ranking,best
best smartwatch starting from 16097-48460,watch,16097,48460,,,ranking,best
please cheap dslr Sony below 167598 latest,camera,0,167598,Sony,,value,value
please customer reviews monitor Asics starting from 18581-39589 with good quality,monitor,18581,39589,Asics,,reviews,reviews
cheap speaker in white below 48234 new,speaker,0,48234,,white,value,value
budget tablet Adidas starting from 25990-105653 durable with good quality,tablet,25990,105653,Adidas,,value,value
top rated camera in yellow under ₹212541,camera,0,212541,,yellow,reviews,reviews
please cheap android tablet Marshall in yellow between ₹39021 and ₹54332 latest,tablet,39021,54332,Marshall,yellow,value,value
budget fitness watch JBL ₹30995-74393 for students,watch,30995,74393,JBL,,value,value
suggest shoe Realme in brown under ₹7117 latest with good quality,shoe,0,7117,Realme,brown,ranking,best
please top rated mouse under ₹8612 gaming,mouse,0,8612,Lenovo,,reviews,reviews
worth it hdd Western Digital ₹5157-27733 for office,storage,5157,27733,Western Digital,black,value,value
please recommended headphone under ₹39858 for students with good quality,headphone,0,39858,,,ranking,best
best bluetooth speaker starting from 17778-20263,speaker,17778,20263,,navy,ranking,best
recommended screen ₹29261-57429 wireless,monitor,29261,57429,,,ranking,best
pick for me smartwatch in blue ₹3218-9174,watch,3218,9174,,blue,ranking,best
highest rated notebook Canon between ₹59300 and ₹75954 new,laptop,59300,75954,Canon,,reviews,reviews
pick for me screen ₹6153-50099 wireless,monitor,6153,50099,,green,ranking,best
recommended notebook Microsoft between ₹82144 and ₹151778 premium,laptop,82144,151778,Microsoft,,ranking,best
please worth it hdd ₹10511-19954 gaming with good quality,storage,10511,19954,Xiaomi,,value,value
best overall speaker between ₹20112 and ₹22150 for students,speaker,20112,22150,Acer,orange,ranking,best
suggest iphone under ₹51566 for office,phone,0,51566,,,ranking,best
worth it display Huawei starting from 6094-15897 wireless,monitor,6094,15897,Huawei,,value,value
customer reviews display Kingston below 54149 with good quality,monitor,0,54149,Kingston,,reviews,reviews
please best overall storage under ₹11333,storage,0,11333,,,ranking,best
please good reviews bluetooth speaker Sennheiser ₹8926-28855 gaming with good quality,speaker,8926,28855,Sennheiser,gold,reviews,reviews
good reviews ipad Crucial in gold between ₹38787 and ₹74915 lightweight,tablet,38787,74915,Crucial,gold,reviews,reviews
budget smartwatch starting from 7283-36225 with good quality,watch,7283,36225,,gray,value,value
best reviews mechanical keyboard in orange between ₹2936 and ₹4235 with good quality,keyboard,2936,4235,,orange,reviews,reviews
worth it storage Panasonic under ₹12470 wireless,storage,0,12470,Panasonic,,value,value
pick for me laptop Apple below 141825 with good quality,laptop,0,141825,Apple,brown,ranking,best
recommended earphones Sennheiser starting from 6395-19306,headphone,6395,19306,Sennheiser,,ranking,best
recommended monitor under ₹37245 for office,monitor,0,37245,,,ranking,best
please best overall gaming mouse ₹5238-12640 for office,mouse,5238,12640,,,ranking,best
please worth it mobile in navy ₹13692-67237 for students,phone,13692,67237,,navy,value,value
cheap phone under ₹41219,phone,0,41219,,white,value,value
good reviews gaming mouse below 6073,mouse,0,6073,,,reviews,reviews
affordable keyboard in silver starting from 3892-16133,keyboard,3892,16133,,silver,value,value
budget bluetooth speaker Adidas ₹13171-46950 wireless,speaker,13171,46950,Adidas,red,value,value
worth it display Bose under ₹36847,monitor,0,36847,Bose,,value,value
worth it ipad below 90668 for office,tablet,0,90668,,,value,value
best phone New Balance starting from 31169-56982 with good quality,phone,31169,56982,New Balance,,ranking,best
recommended screen Fossil ₹23886-61232 for students,monitor,23886,61232,Fossil,,ranking,best
top rated headphone under ₹44758 premium with good quality,headphone,0,44758,,orange,reviews,reviews
recommended bluetooth speaker in green ₹15798-20743 wireless,speaker,15798,20743,,green,ranking,best
pick for me keyboard Garmin in green ₹2379-5188 latest with good quality,keyboard,2379,5188,Garmin,green,ranking,best
please customer reviews wireless headphones under ₹14875 wireless,headphone,0,14875,Realme,,reviews,reviews
value for money running shoes below 13793 lightweight with good quality,shoe,0,13793,,,value,value
please recommended notebook below 124222 with good quality,laptop,0,124222,,,ranking,best
best overall mechanical keyboard below 4842,keyboard,0,4842,JBL,,ranking,best
best hdd Panasonic ₹14063-18989 new,storage,14063,18989,Panasonic,,ranking,best
please pick for me storage Canon starting from 7107-24502 premium,storage,7107,24502,Canon,,ranking,best
affordable ssd Apple in orange between ₹7058 and ₹39662 for office,storage,7058,39662,Apple,orange,value,value
recommended gaming mouse Acer between ₹5170 and ₹11829 with good quality,mouse,5170,11829,Acer,,ranking,best
value for money smartwatch MSI below 60180,watch,0,60180,MSI,white,value,value
please best reviews dslr Kingston between ₹61208 and ₹96644,camera,61208,96644,Kingston,,reviews,reviews
worth it keyboard in green starting from 6048-18317,keyboard,6048,18317,,green,value,value
worth it keyboard Acer in red below 9362,keyboard,0,9362,Acer,red,value,value
highest rated phone between ₹22046 and ₹54075 for students,phone,22046,54075,Huawei,,reviews,reviews
budget bluetooth speaker Kingston in black starting from 2513-35972,speaker,2513,35972,Kingston,black,value,value
best smartphone Nikon in blue below 33169 gaming,phone,0,33169,Nikon,blue,ranking,best
please suggest wireless headphones ₹2284-30384 latest with good quality,headphone,2284,30384,Marshall,brown,ranking,best
value for money keyboard between ₹1474 and ₹5987 for office,keyboard,1474,5987,Acer,white,value,value
please value for money earbuds under ₹21587 gaming,headphone,0,21587,,,value,value
cheap screen Marshall starting from 4700-8218 premium,monitor,4700,8218,Marshall,,value,value
highest rated storage under ₹37451,storage,0,37451,,,reviews,reviews
good reviews keyboard OnePlus in white ₹2647-16151 premium,keyboard,2647,16151,OnePlus,white,reviews,reviews
cheap gaming mouse below 18041,mouse,0,18041,,,value,value
please budget display Reebok below 46111 latest with good quality,monitor,0,46111,Reebok,red,value,value
please highest rated boots ₹2258-10524 for office,shoe,2258,10524,,,reviews,reviews
best reviews boots under ₹16541,shoe,0,16541,,silver,reviews,reviews
affordable mechanical keyboard in brown under ₹12411 gaming with good quality,keyboard,0,12411,,brown,value,value
affordable bluetooth speaker Audio-Technica starting from 2862-21543,speaker,2862,21543,Audio-Technica,gray,value,value
suggest mouse ₹5304-10630 lightweight,mouse,5304,10630,Kingston,,ranking,best
top rated camera in brown between ₹24738 and ₹39289 with good quality,camera,24738,39289,,brown,reviews,reviews
good reviews android tablet Xiaomi in silver starting from 35453-117483 for students with good quality,tablet,35453,117483,Xiaomi,silver,reviews,reviews
recommended running shoes starting from 862-16457 for office with good quality,shoe,862,16457,,,ranking,best
please best reviews mechanical keyboard Samsung between ₹794 and ₹7634 with good quality,keyboard,794,7634,Samsung,orange,reviews,reviews
customer reviews ipad below 54568 wireless,tablet,0,54568,,,reviews,reviews
best overall ipad in yellow between ₹36155 and ₹63634 premium,tablet,36155,63634,,yellow,ranking,best
suggest mouse below 5383 wireless,mouse,0,5383,,,ranking,best
suggest smartwatch in green between ₹24332 and ₹39437 for office,watch,24332,39437,,green,ranking,best
best reviews macbook in red under ₹116444 premium with good quality,laptop,0,116444,SteelSeries,red,reviews,reviews
please good reviews monitor in blue between ₹20078 and ₹36146,monitor,20078,36146,Bose,blue,reviews,reviews
value for money gaming mouse in gray starting from 5427-9517 latest,mouse,5427,9517,,gray,value,value
please affordable fitness watch New Balance in blue starting from 29031-66487 for office with good quality,watch,29031,66487,New Balance,blue,value,value
best reviews bluetooth speaker ₹15522-35495,speaker,15522,35495,,,reviews,reviews
please best earbuds in gray ₹17454-43070 lightweight,headphone,17454,43070,,gray,ranking,best
please cheap mobile OnePlus under ₹51632 for students,phone,0,51632,OnePlus,,value,value
recommended wireless headphones Bose in red under ₹19787 wireless,headphone,0,19787,Bose,red,ranking,best
please worth it mouse between ₹7352 and ₹10650 durable with good quality,mouse,7352,10650,,,value,value
highest rated mouse under ₹17481,mouse,0,17481,,,reviews,reviews
please pick for me boots under ₹13947 premium,shoe,0,13947,,,ranking,best
please top rated mobile HP under ₹51489 wireless with good quality,phone,0,51489,HP,,reviews,reviews
best reviews speaker Xiaomi below 49016 wireless,speaker,0,49016,Xiaomi,,reviews,reviews
suggest smartwatch ₹17703-55783 wireless,watch,17703,55783,,,ranking,best
please suggest computer below 134901 for office,laptop,0,134901,,yellow,ranking,best
top rated earphones between ₹14057 and ₹23062 durable,headphone,14057,23062,Sony,yellow,reviews,reviews
budget mouse between ₹4836 and ₹14312 wireless,mouse,4836,14312,,,value,value
top rated smartwatch below 22083,watch,0,22083,,,reviews,reviews
pick for me laptop ₹31860-143938 new,laptop,31860,143938,,,ranking,best
recommended android tablet in black below 117807,tablet,0,117807,,black,ranking,best
top rated bluetooth speaker Nike under ₹46102 durable with good quality,speaker,0,46102,Nike,,reviews,reviews
highest rated keyboard in gray below 9482 for office with good quality,keyboard,0,9482,,gray,reviews,reviews
highest rated android tablet between ₹26088 and ₹82570 wireless,tablet,26088,82570,,,reviews,reviews
top rated gaming mouse in yellow ₹4784-14118 with good quality,mouse,4784,14118,,yellow,reviews,reviews
please recommended computer ₹81938-145170 gaming,laptop,81938,145170,,,ranking,best
please highest rated shoes under ₹17012 new with good quality,shoe,0,17012,,,reviews,reviews
affordable keyboard Panasonic in gold below 6287 durable,keyboard,0,6287,Panasonic,gold,value,value
highest rated smartwatch below 43922 for students,watch,0,43922,Logitech,,reviews,reviews
worth it footwear ₹7500-10809,shoe,7500,10809,,,value,value
please cheap boots ₹5510-15159 with good quality,shoe,5510,15159,Canon,,value,value
please best overall watch ₹22166-62749 with good quality,watch,22166,62749,Google,,ranking,best
highest rated laptop in blue starting from 45475-126661,laptop,45475,126661,Crucial,blue,reviews,reviews
best overall ssd starting from 7210-24298,storage,7210,24298,,gold,ranking,best
highest rated sneakers in black starting from 5702-12291,shoe,5702,12291,,black,reviews,reviews
please budget fitness watch between ₹8741 and ₹17633 gaming with good quality,watch,8741,17633,,,value,value
good reviews ipad under ₹117457 for students,tablet,0,117457,Seagate,,reviews,reviews
good reviews android tablet Samsung below 68473 premium,tablet,0,68473,Samsung,,reviews,reviews
customer reviews mirrorless camera Lenovo starting from 14956-91698 lightweight with good quality,camera,14956,91698,Lenovo,orange,reviews,reviews
pick for me display in gray under ₹65425 durable,monitor,0,65425,,gray,ranking,best
recommended gaming mouse starting from 5295-7490 lightweight,mouse,5295,7490,,blue,ranking,best
value for money mechanical keyboard under ₹8649,keyboard,0,8649,,,value,value
good reviews android phone Nikon between ₹28306 and ₹36528,phone,28306,36528,Nikon,,reviews,reviews
best overall mechanical keyboard Kingston under ₹5216 new,keyboard,0,5216,Kingston,brown,ranking,best
please affordable ipad POCO below 38109 latest,tablet,0,38109,POCO,,value,value
value for money earbuds starting from 19956-41880 with good quality,headphone,19956,41880,,,value,value
suggest monitor Bose starting from 24801-25527,monitor,24801,25527,Bose,purple,ranking,best
pick for me shoes in orange below 18560 with good quality,shoe,0,18560,,orange,ranking,best
suggest mechanical keyboard in silver below 18103 with good quality,keyboard,0,18103,,silver,ranking,best
best reviews speaker below 40288 new,speaker,0,40288,,,reviews,reviews
value for money tablet under ₹85347 latest,tablet,0,85347,Crucial,,value,value
good reviews footwear under ₹6713 for students with good quality,shoe,0,6713,,,reviews,reviews
suggest external drive between ₹3163 and ₹17727 premium with good quality,storage,3163,17727,,,ranking,best
value for money speaker Panasonic between ₹4397 and ₹30044,speaker,4397,30044,Panasonic,,value,value
please pick for me monitor below 39769 with good quality,monitor,0,39769,,,ranking,best
pick for me headphones Adidas in white between ₹9435 and ₹14174 durable,headphone,9435,14174,Adidas,white,ranking,best
highest rated storage Lenovo in white below 22922,storage,0,22922,Lenovo,white,reviews,reviews
recommended mouse ₹5621-9474 with good quality,mouse,5621,9474,,,ranking,best
best mechanical keyboard in green under ₹5774 gaming,keyboard,0,5774,,green,ranking,best
please best reviews iphone Sony under ₹64286 with good quality,phone,0,64286,Sony,,reviews,reviews
please best phone SteelSeries below 68785 with good quality,phone,0,68785,SteelSeries,,ranking,best
best reviews mouse starting from 6150-8289,mouse,6150,8289,,,reviews,reviews
please highest rated camera starting from 79010-85825,camera,79010,85825,,,reviews,reviews
affordable external drive in green between ₹4856 and ₹29070 durable,storage,4856,29070,,green,value,value
please highest rated android phone in gray below 62992 wireless,phone,0,62992,Apple,gray,reviews,reviews
please best reviews speaker Corsair ₹863-39495 lightweight with good quality,speaker,863,39495,Corsair,,reviews,reviews
best reviews earphones HP starting from 5561-10367 new with good quality,headphone,5561,10367,HP,navy,reviews,reviews
best reviews android tablet between ₹14455 and ₹59518 for office with good quality,tablet,14455,59518,,navy,reviews,reviews
best overall shoe JBL starting from 7672-16394 durable,shoe,7672,16394,JBL,,ranking,best
budget earphones in navy between ₹18788 and ₹30608 durable,headphone,18788,30608,Seagate,navy,value,value
please budget gaming mouse New Balance below 18328,mouse,0,18328,New Balance,,value,value
value for money ssd between ₹14249 and ₹19582 for office,storage,14249,19582,,silver,value,value
customer reviews mouse Seagate in blue below 19887 durable with good quality,mouse,0,19887,Seagate,blue,reviews,reviews
budget gaming mouse Garmin under ₹3603,mouse,0,3603,Garmin,,value,value
good reviews monitor JBL in black below 78014 wireless,monitor,0,78014,JBL,black,reviews,reviews
best reviews mirrorless camera Bose in white between ₹31024 and ₹92272 gaming,camera,31024,92272,Bose,white,reviews,reviews
value for money smartwatch in orange under ₹19953,watch,0,19953,,orange,value,value
please worth it android tablet in silver below 52538 premium,tablet,0,52538,Fossil,silver,value,value
cheap smartwatch in yellow below 76107 wireless with good quality,watch,0,76107,,yellow,value,value
best reviews storage Western Digital ₹2024-4628 new,storage,2024,4628,Western Digital,brown,reviews,reviews
cheap gaming mouse below 17848 gaming,mouse,0,17848,,,value,value
best external drive SteelSeries in navy between ₹13417 and ₹30238 durable,storage,13417,30238,SteelSeries,navy,ranking,best
budget smartphone below 59794,phone,0,59794,,,value,value
suggest watch under ₹45115 lightweight,watch,0,45115,Audio-Technica,,ranking,best
budget android tablet Realme between ₹39893 and ₹66894,tablet,39893,66894,Realme,orange,value,value
highest rated mouse starting from 5157-17609 gaming,mouse,5157,17609,,,reviews,reviews
recommended watch Fujifilm in green under ₹41098 lightweight,watch,0,41098,Fujifilm,green,ranking,best
worth it running shoes OnePlus starting from 1167-10250 premium,shoe,1167,10250,OnePlus,,value,value
customer reviews camera under ₹241180 with good quality,camera,0,241180,Fitbit,,reviews,reviews
top rated boots Nikon in black ₹5650-7627 for students,shoe,5650,7627,Nikon,black,reviews,reviews
value for money screen Adidas below 73839,monitor,0,73839,Adidas,,value,value
recommended smartwatch ASUS in purple under ₹29048 durable with good quality,watch,0,29048,ASUS,purple,ranking,best
best overall camera Adidas between ₹92706 and ₹173779 with good quality,camera,92706,173779,Adidas,,ranking,best
budget dslr ₹95476-162755 durable with good quality,camera,95476,162755,,,value,value
highest rated shoes in brown ₹876-12992,shoe,876,12992,,brown,reviews,reviews
highest rated ipad Corsair in black ₹48776-79427 lightweight,tablet,48776,79427,Corsair,black,reviews,reviews
customer reviews camera Acer ₹44642-236767 new with good quality,camera,44642,236767,Acer,,reviews,reviews
best reviews storage ₹4047-13359,storage,4047,13359,,,reviews,reviews
best overall dslr under ₹102411 durable with good quality,camera,0,102411,Razer,,ranking,best
recommended monitor Adidas between ₹13767 and ₹55999 durable with good quality,monitor,13767,55999,Adidas,,ranking,best
please affordable mobile starting from 33536-75037,phone,33536,75037,,,value,value
value for money headphone Microsoft between ₹16779 and ₹36827 for students with good quality,headphone,16779,36827,Microsoft,,value,value
best reviews speaker Marshall under ₹28618 durable with good quality,speaker,0,28618,Marshall,black,reviews,reviews
best footwear Adidas between ₹2013 and ₹11339 wireless,shoe,2013,11339,Adidas,,ranking,best
value for money tablet OnePlus under ₹79600 durable with good quality,tablet,0,79600,OnePlus,black,value,value
best reviews gaming mouse JBL under ₹12261 new with good quality,mouse,0,12261,JBL,,reviews,reviews
please best display ₹24654-48376,monitor,24654,48376,Microsoft,,ranking,best
please budget mouse Western Digital starting from 2072-10488 latest,mouse,2072,10488,Western Digital,,value,value
highest rated footwear under ₹8402 new,shoe,0,8402,Sony,silver,reviews,reviews
customer reviews mechanical keyboard Nikon in gray under ₹6880 latest,keyboard,0,6880,Nikon,gray,reviews,reviews
pick for me android phone between ₹29987 and ₹50315,phone,29987,50315,,,ranking,best
please budget headphones ₹17205-28391 lightweight,headphone,17205,28391,,,value,value
top rated mechanical keyboard between ₹5067 and ₹7438 latest,keyboard,5067,7438,,,reviews,reviews
recommended ipad between ₹14534 and ₹62738,tablet,14534,62738,,red,ranking,best
affordable mechanical keyboard Sony between ₹1282 and ₹12719,keyboard,1282,12719,Sony,blue,value,value
affordable smartwatch in blue between ₹8708 and ₹56399 wireless,watch,8708,56399,,blue,value,value
please recommended screen under ₹71945 premium with good quality,monitor,0,71945,,green,ranking,best
best overall speaker starting from 8327-18757,speaker,8327,18757,,,ranking,best
please cheap shoe below 5050 new,shoe,0,5050,,,value,value
good reviews earphones Adidas ₹19915-49927 premium,headphone,19915,49927,Adidas,,reviews,reviews
suggest screen Sennheiser ₹7811-65976 premium with good quality,monitor,7811,65976,Sennheiser,,ranking,best
best reviews hdd in white starting from 13146-23004,storage,13146,23004,Motorola,white,reviews,reviews
affordable mouse between ₹7703 and ₹16732 premium,mouse,7703,16732,,,value,value
best reviews speaker below 6851,speaker,0,6851,Nike,,reviews,reviews
worth it iphone Kingston below 41796 new,phone,0,41796,Kingston,silver,value,value
good reviews speaker Adidas starting from 11527-41248 for students with good quality,speaker,11527,41248,Adidas,,reviews,reviews
good reviews sneakers between ₹3024 and ₹3593 for students,shoe,3024,3593,New Balance,,reviews,reviews
please highest rated android phone starting from 34742-52485,phone,34742,52485,,,reviews,reviews
best reviews display ₹10647-41610 latest,monitor,10647,41610,,gold,reviews,reviews
worth it external drive in gray between ₹4973 and ₹13179 new,storage,4973,13179,Nikon,gray,value,value
budget camera HP between ₹76487 and ₹150598 wireless,camera,76487,150598,HP,,value,value
please cheap tablet in navy between ₹18243 and ₹72084 lightweight with good quality,tablet,18243,72084,,navy,value,value
please worth it smartwatch below 15599 for students,watch,0,15599,,gold,value,value
please suggest monitor in gold between ₹29871 and ₹62274 for students,monitor,29871,62274,Marshall,gold,ranking,best
recommended dslr below 147742 wireless,camera,0,147742,,black,ranking,best
cheap footwear Canon starting from 4327-10993 lightweight,shoe,4327,10993,Canon,silver,value,value
best overall screen in red ₹17000-63476 lightweight,monitor,17000,63476,,red,ranking,best
good reviews computer in green ₹89544-171286 wireless,laptop,89544,171286,,green,reviews,reviews
customer reviews running shoes Garmin under ₹9191 gaming,shoe,0,9191,Garmin,,reviews,reviews
affordable notebook in orange below 198565 durable,laptop,0,198565,,orange,value,value
value for money screen in blue below 56477 for students,monitor,0,56477,,blue,value,value
suggest speaker in orange under ₹15541 for students with good quality,speaker,0,15541,,orange,ranking,best
recommended android phone Asics in purple ₹20610-53164 premium,phone,20610,53164,Asics,purple,ranking,best
worth it monitor Samsung between ₹13274 and ₹76087 durable with good quality,monitor,13274,76087,Samsung,gold,value,value
customer reviews computer Fossil ₹72416-126667,laptop,72416,126667,Fossil,,reviews,reviews
please top rated camera in blue ₹41759-95453 with good quality,camera,41759,95453,Realme,blue,reviews,reviews
best sneakers Nikon in yellow between ₹2731 and ₹16347,shoe,2731,16347,Nikon,yellow,ranking,best
recommended gaming mouse in navy between ₹967 and ₹7630 latest,mouse,967,7630,Nike,navy,ranking,best
suggest earphones starting from 1143-20099 new,headphone,1143,20099,,brown,ranking,best
please top rated mechanical keyboard Realme in white under ₹19962 durable,keyboard,0,19962,Realme,white,reviews,reviews
highest rated speaker ₹19036-19953,speaker,19036,19953,,,reviews,reviews
best overall keyboard between ₹5424 and ₹11924,keyboard,5424,11924,,,ranking,best
best reviews monitor Crucial in yellow under ₹34083,monitor,0,34083,Crucial,yellow,reviews,reviews
customer reviews smartwatch Kingston in yellow between ₹5329 and ₹40569 durable,watch,5329,40569,Kingston,yellow,reviews,reviews
affordable screen Crucial starting from 15990-43216 for students,monitor,15990,43216,Crucial,,value,value
best overall gaming mouse Corsair ₹6485-15168 premium,mouse,6485,15168,Corsair,,ranking,best
worth it external drive under ₹27004 gaming,storage,0,27004,,silver,value,value
best reviews notebook under ₹34563 lightweight,laptop,0,34563,,,reviews,reviews
cheap smartwatch below 71950 premium,watch,0,71950,,,value,value
please pick for me speaker below 45173 latest,speaker,0,45173,,gray,ranking,best
best overall ssd between ₹2542 and ₹38046,storage,2542,38046,,gray,ranking,best
pick for me mouse Huawei in brown between ₹4032 and ₹12264 latest with good quality,mouse,4032,12264,Huawei,brown,ranking,best
best smartphone Xiaomi ₹23210-34495 new,phone,23210,34495,Xiaomi,brown,ranking,best
cheap tablet under ₹69498 gaming with good quality,tablet,0,69498,,,value,value
best reviews earbuds starting from 14869-24184,headphone,14869,24184,Huawei,red,reviews,reviews
good reviews android tablet ₹26168-43616 durable,tablet,26168,43616,,,reviews,reviews
please value for money computer starting from 55960-70611,laptop,55960,70611,Adidas,blue,value,value
please recommended monitor starting from 16765-24341 durable,monitor,16765,24341,,,ranking,best
value for money watch between ₹31670 and ₹60818 durable,watch,31670,60818,,orange,value,value
recommended smartwatch JBL ₹8561-27335,watch,8561,27335,JBL,,ranking,best
top rated android tablet Acer under ₹57120 lightweight,tablet,0,57120,Acer,,reviews,reviews
please top rated android tablet under ₹36975 durable,tablet,0,36975,,,reviews,reviews
top rated keyboard under ₹5475 new,keyboard,0,5475,,,reviews,reviews
best earphones in navy below 36306 for students,headphone,0,36306,Puma,navy,ranking,best
budget ipad Puma ₹43813-101657 with good quality,tablet,43813,101657,Puma,,value,value
cheap camera Kingston below 136018 latest,camera,0,136018,Kingston,,value,value
suggest android tablet Kingston below 116422,tablet,0,116422,Kingston,,ranking,best
pick for me smartwatch Logitech in silver ₹31105-54794 for office,watch,31105,54794,Logitech,silver,ranking,best
good reviews speaker under ₹11469 latest,speaker,0,11469,,,reviews,reviews
top rated speaker starting from 4372-4714 with good quality,speaker,4372,4714,,,reviews,reviews
good reviews keyboard ₹1674-16609 premium with good quality,keyboard,1674,16609,,green,reviews,reviews
recommended storage in green below 34859 wireless,storage,0,34859,,green,ranking,best
please pick for me macbook between ₹65913 and ₹148927 gaming,laptop,65913,148927,,,ranking,best
value for money dslr below 232824 durable,camera,0,232824,,blue,value,value
budget bluetooth speaker Seagate ₹10727-17815,speaker,10727,17815,Seagate,,value,value
budget notebook under ₹139504 latest with good quality,laptop,0,139504,,,value,value
value for money macbook Garmin in purple between ₹80578 and ₹148498 for office,laptop,80578,148498,Garmin,purple,value,value
please best overall watch JBL between ₹20420 and ₹59003 for office with good quality,watch,20420,59003,JBL,,ranking,best
affordable laptop below 196581 for office,laptop,0,196581,,,value,value
suggest ultrabook Dell between ₹85289 and ₹154976 new,laptop,85289,154976,Dell,,ranking,best
good reviews headphones in brown under ₹47800 wireless,headphone,0,47800,,brown,reviews,reviews
customer reviews fitness watch in white below 21804 lightweight,watch,0,21804,,white,reviews,reviews
please highest rated ssd Panasonic ₹14530-33841,storage,14530,33841,Panasonic,,reviews,reviews
top rated dslr JBL ₹21279-131821 latest,camera,21279,131821,JBL,,reviews,reviews
please pick for me hdd in brown below 38166 premium,storage,0,38166,ASUS,brown,ranking,best
customer reviews dslr in purple below 209299,camera,0,209299,,purple,reviews,reviews
please best overall external drive starting from 4377-37297,storage,4377,37297,,,ranking,best
pick for me keyboard starting from 4613-12819 for students,keyboard,4613,12819,POCO,,ranking,best
affordable gaming mouse in purple ₹7192-10368 for students,mouse,7192,10368,,purple,value,value
please best reviews watch ₹25639-44094 for office,watch,25639,44094,,white,reviews,reviews
budget footwear Crucial in brown ₹3057-11991 gaming,shoe,3057,11991,Crucial,brown,value,value
budget monitor Apple below 79907 lightweight,monitor,0,79907,Apple,,value,value
please customer reviews running shoes starting from 1728-13870 for students,shoe,1728,13870,,green,reviews,reviews
please value for money bluetooth speaker Crucial starting from 13665-19012,speaker,13665,19012,Crucial,brown,value,value
please best reviews mobile between ₹34950 and ₹37041 lightweight,phone,34950,37041,,gray,reviews,reviews
best mouse starting from 3167-18273 gaming with good quality,mouse,3167,18273,,orange,ranking,best
customer reviews speaker Sennheiser between ₹9243 and ₹46976 premium,speaker,9243,46976,Sennheiser,,reviews,reviews
please good reviews phone in navy starting from 24101-27631 lightweight,phone,24101,27631,Nike,navy,reviews,reviews
please cheap bluetooth speaker Sony under ₹24310,speaker,0,24310,Sony,,value,value
please budget computer in navy under ₹107431 for office,laptop,0,107431,Fossil,navy,value,value
please top rated wireless headphones Fujifilm ₹18461-49216 with good quality,headphone,18461,49216,Fujifilm,,reviews,reviews
suggest mechanical keyboard Nikon below 14354 durable,keyboard,0,14354,Nikon,,ranking,best
please customer reviews display SteelSeries under ₹69194 for office,monitor,0,69194,SteelSeries,,reviews,reviews
affordable shoe between ₹3828 and ₹7540 gaming,shoe,3828,7540,,,value,value
please top rated mechanical keyboard ₹3271-9727 lightweight,keyboard,3271,9727,,,reviews,reviews
worth it smartwatch Corsair under ₹27923 for students with good quality,watch,0,27923,Corsair,,value,value
best overall ultrabook Corsair in green ₹39061-92448 lightweight,laptop,39061,92448,Corsair,green,ranking,best
pick for me mechanical keyboard starting from 6010-15123 durable,keyboard,6010,15123,,purple,ranking,best
affordable storage between ₹2623 and ₹29523 durable,storage,2623,29523,,,value,value
budget tablet ₹18903-85973 for office,tablet,18903,85973,JBL,gold,value,value
please top rated display Puma ₹9908-76393,monitor,9908,76393,Puma,,reviews,reviews
please good reviews smartphone below 73452 latest,phone,0,73452,,,reviews,reviews
worth it headphone OnePlus in brown ₹3780-15496 lightweight,headphone,3780,15496,OnePlus,brown,value,value
please best speaker in purple starting from 14408-35513 durable with good quality,speaker,14408,35513,,purple,ranking,best
best overall android tablet Fitbit under ₹102301 for office,tablet,0,102301,Fitbit,,ranking,best
please customer reviews sneakers ₹6889-10880,shoe,6889,10880,,,reviews,reviews
cheap footwear Panasonic in blue starting from 1191-4779 gaming,shoe,1191,4779,Panasonic,blue,value,value
please highest rated ssd in black between ₹6360 and ₹34219 durable,storage,6360,34219,Bose,black,reviews,reviews
cheap screen Seagate in red ₹10087-40018 durable with good quality,monitor,10087,40018,Seagate,red,value,value
please good reviews screen Adidas ₹27790-71958 with good quality,monitor,27790,71958,Adidas,,reviews,reviews
please budget bluetooth speaker Acer between ₹14776 and ₹40250 latest,speaker,14776,40250,Acer,,value,value
top rated shoes between ₹3738 and ₹15417 premium with good quality,shoe,3738,15417,,silver,reviews,reviews
cheap shoe below 18828 latest,shoe,0,18828,Fitbit,,value,value
cheap mechanical keyboard Reebok under ₹1850 for students with good quality,keyboard,0,1850,Reebok,,value,value
top rated iphone Nike in silver starting from 35120-55262 lightweight,phone,35120,55262,Nike,silver,reviews,reviews
best overall camera Lenovo starting from 39767-154538 lightweight,camera,39767,154538,Lenovo,gray,ranking,best
value for money watch Nikon between ₹4883 and ₹71166,watch,4883,71166,Nikon,silver,value,value
good reviews macbook in purple ₹51685-70151 new with good quality,laptop,51685,70151,Fujifilm,purple,reviews,reviews
please budget phone Audio-Technica in orange starting from 26875-64995 lightweight,phone,26875,64995,Audio-Technica,orange,value,value
value for money ssd below 31139,storage,0,31139,,,value,value
affordable footwear in blue between ₹6750 and ₹13863 for office,shoe,6750,13863,,blue,value,value
please worth it display starting from 9671-72913 lightweight,monitor,9671,72913,,purple,value,value
please recommended speaker in blue ₹18836-49318,speaker,18836,49318,Nike,blue,ranking,best
worth it screen in white starting from 21689-66234 with good quality,monitor,21689,66234,,white,value,value
value for money storage in gold between ₹2054 and ₹17764,storage,2054,17764,,gold,value,value
customer reviews camera below 155077 durable,camera,0,155077,Dell,,reviews,reviews
good reviews notebook Bose under ₹113510 premium,laptop,0,113510,Bose,,reviews,reviews
please best smartwatch starting from 9262-71659 new,watch,9262,71659,Crucial,,ranking,best
please pick for me smartphone Reebok ₹23327-26771 gaming,phone,23327,26771,Reebok,,ranking,best
cheap dslr in blue between ₹83284 and ₹151352 for students,camera,83284,151352,,blue,value,value
worth it fitness watch below 48914 new,watch,0,48914,,,value,value
recommended macbook between ₹88242 and ₹151777 for office,laptop,88242,151777,,,ranking,best
good reviews fitness watch in white between ₹12517 and ₹56855 gaming,watch,12517,56855,Audio-Technica,white,reviews,reviews
pick for me phone ₹30077-75197 gaming,phone,30077,75197,,,ranking,best
best overall monitor between ₹18296 and ₹19656,monitor,18296,19656,Huawei,,ranking,best
worth it storage below 23536,storage,0,23536,Dell,,value,value
please best reviews android phone Crucial under ₹64467 for office,phone,0,64467,Crucial,,reviews,reviews
highest rated mouse in white ₹4952-5839 gaming,mouse,4952,5839,,white,reviews,reviews
recommended shoe under ₹19816 gaming,shoe,0,19816,,silver,ranking,best
top rated speaker between ₹18134 and ₹37304,speaker,18134,37304,,,reviews,reviews
best overall ultrabook Sony below 119151 lightweight,laptop,0,119151,Sony,green,ranking,best
please value for money tablet in gold below 76479 new,tablet,0,76479,,gold,value,value
cheap mirrorless camera in green between ₹100307 and ₹227262 lightweight,camera,100307,227262,,green,value,value
top rated iphone starting from 28978-76440 for office,phone,28978,76440,,,reviews,reviews
cheap tablet in orange ₹20529-116297 lightweight,tablet,20529,116297,,orange,value,value
please recommended keyboard ₹2120-15385 gaming with good quality,keyboard,2120,15385,,,ranking,best
pick for me running shoes starting from 4036-8107,shoe,4036,8107,Bose,navy,ranking,best
please highest rated speaker below 9741,speaker,0,9741,,red,reviews,reviews
please worth it tablet OnePlus ₹16558-75778 premium,tablet,16558,75778,OnePlus,purple,value,value
worth it smartwatch Asics starting from 8968-43835 for office,watch,8968,43835,Asics,red,value,value
please value for money dslr Sony below 104842,camera,0,104842,Sony,,value,value
please recommended keyboard below 12017 lightweight with good quality,keyboard,0,12017,Huawei,,ranking,best
budget shoe in red under ₹9860,shoe,0,9860,,red,value,value
top rated keyboard Huawei in black below 8631 for office with good quality,keyboard,0,8631,Huawei,black,reviews,reviews
please highest rated storage Fitbit between ₹4961 and ₹39684 lightweight,storage,4961,39684,Fitbit,,reviews,reviews
recommended dslr Fujifilm in black below 217589 for students,camera,0,217589,Fujifilm,black,ranking,best
recommended headphones New Balance in purple ₹9787-19572 for office with good quality,headphone,9787,19572,New Balance,purple,ranking,best
worth it headphone Dell between ₹16255 and ₹36686 lightweight,headphone,16255,36686,Dell,,value,value
good reviews gaming mouse Huawei below 18388 premium with good quality,mouse,0,18388,Huawei,,reviews,reviews
worth it ultrabook between ₹30940 and ₹137080,laptop,30940,137080,,green,value,value
pick for me mirrorless camera Panasonic under ₹61687 gaming,camera,0,61687,Panasonic,,ranking,best
value for money mechanical keyboard Lenovo in blue below 13619,keyboard,0,13619,Lenovo,blue,value,value
please recommended mechanical keyboard Microsoft below 17972 wireless,keyboard,0,17972,Microsoft,,ranking,best
please cheap smartwatch between ₹15967 and ₹24575,watch,15967,24575,Bose,,value,value
cheap ssd Nikon starting from 4042-34859 wireless,storage,4042,34859,Nikon,,value,value
please good reviews dslr Logitech in green between ₹101249 and ₹102158 new,camera,101249,102158,Logitech,green,reviews,reviews
please best overall bluetooth speaker Canon under ₹29958,speaker,0,29958,Canon,,ranking,best
value for money speaker in purple starting from 17508-48411 new,speaker,17508,48411,,purple,value,value
please recommended headphone Microsoft in brown starting from 6707-25080 latest,headphone,6707,25080,Microsoft,brown,ranking,best
please worth it ssd ₹6125-15778 durable,storage,6125,15778,Xiaomi,,value,value
customer reviews gaming mouse MSI in silver ₹6301-12577 durable,mouse,6301,12577,MSI,silver,reviews,reviews
recommended storage between ₹13616 and ₹30911,storage,13616,30911,Samsung,,ranking,best
good reviews camera Panasonic ₹46303-163106,camera,46303,163106,Panasonic,,reviews,reviews
cheap ipad Microsoft under ₹77659 for office,tablet,0,77659,Microsoft,,value,value
worth it ultrabook between ₹26892 and ₹153342,laptop,26892,153342,,,value,value
best wireless headphones Dell below 32680 new,headphone,0,32680,Dell,,ranking,best
top rated mobile between ₹16363 and ₹79316 lightweight with good quality,phone,16363,79316,,,reviews,reviews
value for money shoes JBL between ₹8171 and ₹18005 lightweight,shoe,8171,18005,JBL,,value,value
please cheap headphone starting from 5287-41099 durable,headphone,5287,41099,,,value,value
cheap laptop Audio-Technica in silver starting from 72668-157933,laptop,72668,157933,Audio-Technica,silver,value,value
recommended display below 38415 new,monitor,0,38415,,,ranking,best
best screen under ₹74390 latest,monitor,0,74390,,,ranking,best
best reviews gaming mouse Crucial in red under ₹9645 durable with good quality,mouse,0,9645,Crucial,red,reviews,reviews
best gaming mouse ₹6704-19909,mouse,6704,19909,New Balance,white,ranking,best
pick for me mirrorless camera in gray between ₹67410 and ₹213198,camera,67410,213198,,gray,ranking,best
suggest wireless headphones below 25073 for students,headphone,0,25073,,gray,ranking,best
please recommended android phone Panasonic between ₹34716 and ₹48133 with good quality,phone,34716,48133,Panasonic,,ranking,best
please highest rated android phone between ₹32428 and ₹36036 durable,phone,32428,36036,Google,,reviews,reviews
customer reviews storage under ₹34061 latest with good quality,storage,0,34061,,,reviews,reviews
budget monitor in white starting from 14973-62101 for students,monitor,14973,62101,,white,value,value
affordable footwear ₹6978-12425,shoe,6978,12425,,,value,value
good reviews boots Google below 8395 for students,shoe,0,8395,Google,black,reviews,reviews
recommended iphone HP between ₹32968 and ₹67709 premium with good quality,phone,32968,67709,HP,white,ranking,best
pick for me ipad Dell starting from 33122-46442 latest,tablet,33122,46442,Dell,,ranking,best
please suggest iphone in blue under ₹49587 for office,phone,0,49587,,blue,ranking,best
please best reviews dslr Samsung below 105903 new with good quality,camera,0,105903,Samsung,,reviews,reviews
worth it android phone Kingston between ₹12518 and ₹28054,phone,12518,28054,Kingston,,value,value
affordable gaming mouse Crucial in gold starting from 2300-15114 for office with good quality,mouse,2300,15114,Crucial,gold,value,value
recommended android tablet Google below 94373 lightweight,tablet,0,94373,Google,,ranking,best
worth it laptop Puma in red starting from 45773-53348 latest,laptop,45773,53348,Puma,red,value,value
good reviews screen Fujifilm under ₹73334 latest,monitor,0,73334,Fujifilm,,reviews,reviews
customer reviews tablet between ₹35862 and ₹63944 durable,tablet,35862,63944,,black,reviews,reviews
good reviews mouse under ₹18519 for students with good quality,mouse,0,18519,,,reviews,reviews
top rated android tablet Acer under ₹94817 lightweight with good quality,tablet,0,94817,Acer,,reviews,reviews
best overall fitness watch in orange between ₹11111 and ₹53360,watch,11111,53360,,orange,ranking,best
please good reviews android phone under ₹73244 durable,phone,0,73244,,gold,reviews,reviews
please suggest screen below 52343 gaming,monitor,0,52343,,,ranking,best
budget dslr between ₹68040 and ₹81804 latest,camera,68040,81804,,,value,value
worth it speaker in blue between ₹11048 and ₹47953 premium,speaker,11048,47953,,blue,value,value
customer reviews watch between ₹22472 and ₹34665 premium,watch,22472,34665,Acer,,reviews,reviews
budget fitness watch Motorola under ₹72065,watch,0,72065,Motorola,,value,value
recommended smartwatch Puma below 16671,watch,0,16671,Puma,silver,ranking,best
budget earbuds New Balance under ₹15428 gaming,headphone,0,15428,New Balance,,value,value
affordable smartwatch in blue under ₹34936 gaming,watch,0,34936,,blue,value,value
recommended watch starting from 9911-41254,watch,9911,41254,,,ranking,best
please pick for me camera in red ₹73766-90105 durable with good quality,camera,73766,90105,,red,ranking,best
please budget ipad ₹20006-82036 durable,tablet,20006,82036,,yellow,value,value
best wireless headphones Corsair starting from 12510-22549 with good quality,headphone,12510,22549,Corsair,,ranking,best
please good reviews ultrabook below 98641 with good quality,laptop,0,98641,MSI,,reviews,reviews
best sneakers between ₹5958 and ₹11829 lightweight,shoe,5958,11829,,,ranking,best
please cheap running shoes in green under ₹13667,shoe,0,13667,,green,value,value
top rated ipad under ₹97631 new,tablet,0,97631,Asics,,reviews,reviews
please value for money keyboard ₹2184-8066 with good quality,keyboard,2184,8066,,,value,value
best overall fitness watch ₹15541-47352 latest,watch,15541,47352,,navy,ranking,best
please suggest footwear in yellow starting from 1422-16420 wireless,shoe,1422,16420,Sennheiser,yellow,ranking,best
please suggest ultrabook Seagate ₹51789-56469 latest,laptop,51789,56469,Seagate,,ranking,best
please value for money mouse MSI under ₹16767 gaming,mouse,0,16767,MSI,blue,value,value
suggest keyboard between ₹1400 and ₹15750 new,keyboard,1400,15750,,,ranking,best
affordable iphone Nike in black starting from 29927-48581 new,phone,29927,48581,Nike,black,value,value
please affordable speaker in blue between ₹4595 and ₹41663 wireless,speaker,4595,41663,ASUS,blue,value,value
please good reviews fitness watch under ₹43410 gaming,watch,0,43410,,,reviews,reviews
please value for money mouse Fitbit ₹2298-3203,mouse,2298,3203,Fitbit,,value,value
pick for me mechanical keyboard between ₹2550 and ₹18098 with good quality,keyboard,2550,18098,Xiaomi,,ranking,best
please recommended dslr in red under ₹165269,camera,0,165269,Puma,red,ranking,best
budget watch Reebok starting from 20426-61314 for office,watch,20426,61314,Reebok,,value,value
suggest sneakers POCO below 13255 wireless,shoe,0,13255,POCO,gray,ranking,best
top rated gaming mouse starting from 7197-16691,mouse,7197,16691,,,reviews,reviews
cheap mouse MSI under ₹9185 durable,mouse,0,9185,MSI,silver,value,value
highest rated bluetooth speaker Razer starting from 2683-3757 with good quality,speaker,2683,3757,Razer,,reviews,reviews
pick for me mobile in black ₹11764-60924 gaming,phone,11764,60924,,black,ranking,best
cheap watch under ₹46541 gaming,watch,0,46541,,,value,value
good reviews mechanical keyboard between ₹5607 and ₹9757,keyboard,5607,9757,,,reviews,reviews
best reviews headphones under ₹16150,headphone,0,16150,Logitech,brown,reviews,reviews
best boots Acer in blue between ₹2800 and ₹7294 latest,shoe,2800,7294,Acer,blue,ranking,best
pick for me watch ASUS in silver ₹23795-57458 latest,watch,23795,57458,ASUS,silver,ranking,best
please best bluetooth speaker Motorola between ₹19451 and ₹26045 premium,speaker,19451,26045,Motorola,,ranking,best
customer reviews smartphone Audio-Technica ₹30401-42076 premium,phone,30401,42076,Audio-Technica,,reviews,reviews
best overall storage Asics between ₹1563 and ₹15865 lightweight,storage,1563,15865,Asics,,ranking,best
best reviews headphone below 48260 new with good quality,headphone,0,48260,,white,reviews,reviews
value for money mechanical keyboard in white under ₹16739 durable,keyboard,0,16739,,white,value,value
good reviews android phone Microsoft in gold ₹28762-65726 new,phone,28762,65726,Microsoft,gold,reviews,reviews
good reviews hdd in gray between ₹8368 and ₹17938,storage,8368,17938,Apple,gray,reviews,reviews
recommended tablet Corsair starting from 41144-43195 gaming,tablet,41144,43195,Corsair,,ranking,best
highest rated android tablet JBL in navy starting from 15084-106765 new with good quality,tablet,15084,106765,JBL,navy,reviews,reviews
please best reviews headphones in green starting from 9969-24000 durable,headphone,9969,24000,HP,green,reviews,reviews
top rated earphones Seagate under ₹21127 new,headphone,0,21127,Seagate,,reviews,reviews
please best android phone in red between ₹22420 and ₹69794 premium,phone,22420,69794,,red,ranking,best
please best reviews keyboard under ₹11285 durable with good quality,keyboard,0,11285,,,reviews,reviews
highest rated hdd under ₹10103 new with good quality,storage,0,10103,,silver,reviews,reviews
suggest mechanical keyboard Motorola starting from 5730-18620 with good quality,keyboard,5730,18620,Motorola,,ranking,best
highest rated display below 71411,monitor,0,71411,,,reviews,reviews
highest rated mirrorless camera Samsung starting from 20621-148603,camera,20621,148603,Samsung,,reviews,reviews
affordable ssd Fossil under ₹16781 durable,storage,0,16781,Fossil,,value,value
budget display Adidas in silver ₹25490-68817 latest,monitor,25490,68817,Adidas,silver,value,value
top rated laptop Dell ₹75332-199937 new,laptop,75332,199937,Dell,,reviews,reviews
please good reviews iphone ₹23686-31217 wireless,phone,23686,31217,,,reviews,reviews
please worth it boots in gold between ₹7514 and ₹19954,shoe,7514,19954,SteelSeries,gold,value,value
budget earbuds starting from 14039-33337 wireless with good quality,headphone,14039,33337,,,value,value
best reviews watch under ₹77337 premium,watch,0,77337,,,reviews,reviews
pick for me hdd Corsair starting from 2451-7805 with good quality,storage,2451,7805,Corsair,,ranking,best
worth it dslr MSI ₹100542-190104,camera,100542,190104,MSI,,value,value
recommended dslr SteelSeries in brown below 98167 premium,camera,0,98167,SteelSeries,brown,ranking,best
highest rated smartwatch New Balance starting from 7163-69766 with good quality,watch,7163,69766,New Balance,,reviews,reviews
please affordable speaker SteelSeries under ₹33263 wireless,speaker,0,33263,SteelSeries,brown,value,value
best notebook under ₹177278 new,laptop,0,177278,Nikon,,ranking,best
worth it dslr in red under ₹226341 lightweight with good quality,camera,0,226341,,red,value,value
worth it smartwatch below 70420,watch,0,70420,,,value,value
top rated boots Western Digital between ₹6924 and ₹17131 for office,shoe,6924,17131,Western Digital,,reviews,reviews
highest rated ssd Fossil in orange below 19945 premium,storage,0,19945,Fossil,orange,reviews,reviews
good reviews gaming mouse in navy starting from 4406-6120,mouse,4406,6120,,navy,reviews,reviews
pick for me earbuds ₹17946-42241,headphone,17946,42241,,,ranking,best
highest rated laptop under ₹149099,laptop,0,149099,Crucial,,reviews,reviews
best earphones Fujifilm starting from 16345-32007,headphone,16345,32007,Fujifilm,,ranking,best
please top rated headphones in white under ₹21387,headphone,0,21387,,white,reviews,reviews
value for money speaker in gold below 20196 gaming,speaker,0,20196,,gold,value,value
worth it android tablet between ₹38999 and ₹113821 for office with good quality,tablet,38999,113821,Apple,,value,value
please recommended display JBL below 79167 new with good quality,monitor,0,79167,JBL,,ranking,best
value for money external drive between ₹7660 and ₹31931 lightweight,storage,7660,31931,,,value,value
please worth it mouse Seagate in green under ₹9393,mouse,0,9393,Seagate,green,value,value
budget earphones Fujifilm in black between ₹8908 and ₹10879,headphone,8908,10879,Fujifilm,black,value,value
please highest rated earphones Panasonic between ₹17710 and ₹29394,headphone,17710,29394,Panasonic,,reviews,reviews
cheap gaming mouse HP ₹3621-13123 latest,mouse,3621,13123,HP,,value,value
cheap screen JBL starting from 27817-60633 for office with good quality,monitor,27817,60633,JBL,white,value,value
affordable tablet Fossil under ₹61652 gaming,tablet,0,61652,Fossil,red,value,value
cheap screen Kingston in orange ₹7398-32344 lightweight,monitor,7398,32344,Kingston,orange,value,value
please good reviews camera below 108098 with good quality,camera,0,108098,,,reviews,reviews
best watch Razer in yellow ₹7084-47608,watch,7084,47608,Razer,yellow,ranking,best
please recommended fitness watch starting from 21203-62494,watch,21203,62494,Puma,,ranking,best
please best mechanical keyboard ₹3274-3689 lightweight,keyboard,3274,3689,,navy,ranking,best
please good reviews iphone Acer starting from 19124-48865 lightweight,phone,19124,48865,Acer,,reviews,reviews
highest rated mobile Xiaomi below 73365,phone,0,73365,Xiaomi,,reviews,reviews
please good reviews shoes starting from 852-10906 wireless,shoe,852,10906,,,reviews,reviews
please top rated mechanical keyboard in black between ₹6217 and ₹10220 with good quality,keyboard,6217,10220,Motorola,black,reviews,reviews
best reviews screen Seagate in red below 30198 new,monitor,0,30198,Seagate,red,reviews,reviews
highest rated gaming mouse SteelSeries below 6283 lightweight,mouse,0,6283,SteelSeries,silver,reviews,reviews
pick for me watch Google in orange starting from 11061-76243 with good quality,watch,11061,76243,Google,orange,ranking,best
best overall fitness watch Asics ₹24227-47460,watch,24227,47460,Asics,black,ranking,best
good reviews boots ₹1620-16826 lightweight,shoe,1620,16826,,,reviews,reviews
please cheap mirrorless camera ₹89968-243874 premium,camera,89968,243874,,,value,value
best overall computer under ₹100963 durable,laptop,0,100963,Acer,,ranking,best
recommended tablet POCO between ₹26938 and ₹102479 premium,tablet,26938,102479,POCO,,ranking,best
please best mobile under ₹71031 latest,phone,0,71031,Lenovo,gray,ranking,best
please affordable running shoes below 17181 durable,shoe,0,17181,,purple,value,value
please best headphone starting from 10762-44553,headphone,10762,44553,Logitech,,ranking,best
pick for me earphones in yellow between ₹3066 and ₹47063 with good quality,headphone,3066,47063,,yellow,ranking,best
top rated mouse Fujifilm below 12492 new,mouse,0,12492,Fujifilm,,reviews,reviews
budget smartphone Motorola below 67499 for office,phone,0,67499,Motorola,,value,value
customer reviews laptop in brown below 138338 for office,laptop,0,138338,,brown,reviews,reviews
please recommended screen between ₹21831 and ₹53186,monitor,21831,53186,,,ranking,best
top rated sneakers ₹7544-18585,shoe,7544,18585,Xiaomi,,reviews,reviews
highest rated bluetooth speaker in white below 37511 new,speaker,0,37511,Nikon,white,reviews,reviews
please suggest mirrorless camera Apple starting from 16089-35256 durable,camera,16089,35256,Apple,blue,ranking,best
please highest rated ultrabook between ₹38196 and ₹139630 lightweight,laptop,38196,139630,,,reviews,reviews
value for money bluetooth speaker ₹2539-21541,speaker,2539,21541,Marshall,,value,value
value for money smartwatch in orange below 36775 lightweight with good quality,watch,0,36775,Nikon,orange,value,value
best overall keyboard ASUS starting from 4393-9673 durable,keyboard,4393,9673,ASUS,navy,ranking,best
good reviews wireless headphones ₹15001-49964 lightweight,headphone,15001,49964,Reebok,black,reviews,reviews
best overall gaming mouse Acer ₹7341-9425,mouse,7341,9425,Acer,orange,ranking,best
cheap screen starting from 11666-50323 lightweight,monitor,11666,50323,,,value,value
affordable notebook under ₹113567 for students,laptop,0,113567,,,value,value
please suggest watch Razer in black ₹3734-52292 premium,watch,3734,52292,Razer,black,ranking,best
budget ssd Logitech below 11746,storage,0,11746,Logitech,,value,value
customer reviews display below 32058,monitor,0,32058,,,reviews,reviews
suggest fitness watch ₹26981-51317 premium with good quality,watch,26981,51317,,,ranking,best
please best reviews hdd Puma under ₹29333,storage,0,29333,Puma,yellow,reviews,reviews
value for money ipad Realme starting from 10465-104917 gaming with good quality,tablet,10465,104917,Realme,,value,value
affordable mechanical keyboard Realme in brown ₹2220-11953 for office,keyboard,2220,11953,Realme,brown,value,value
recommended mouse ₹1421-18727 lightweight,mouse,1421,18727,Dell,,ranking,best
affordable external drive ₹9695-13510 with good quality,storage,9695,13510,Lenovo,white,value,value
top rated shoes Logitech in green starting from 5782-15159 gaming,shoe,5782,15159,Logitech,green,reviews,reviews
please budget phone under ₹39403 gaming,phone,0,39403,,,value,value
good reviews gaming mouse under ₹2545 for office,mouse,0,2545,,purple,reviews,reviews
customer reviews shoes ₹5451-13708 latest,shoe,5451,13708,,,reviews,reviews
please value for money smartphone below 38565 lightweight,phone,0,38565,Adidas,,value,value
highest rated earphones Fujifilm ₹11240-25055 premium,headphone,11240,25055,Fujifilm,,reviews,reviews
please pick for me macbook in gold below 124022 lightweight,laptop,0,124022,Sennheiser,gold,ranking,best
worth it keyboard starting from 6533-18209 latest,keyboard,6533,18209,,gray,value,value
worth it phone Apple under ₹27834 gaming,phone,0,27834,Apple,black,value,value
please budget fitness watch in yellow under ₹45334,watch,0,45334,,yellow,value,value
highest rated headphones Lenovo below 47458 with good quality,headphone,0,47458,Lenovo,,reviews,reviews
pick for me dslr Razer starting from 94026-176463 premium,camera,94026,176463,Razer,,ranking,best
worth it storage Xiaomi under ₹14892 for office with good quality,storage,0,14892,Xiaomi,,value,value
suggest boots Acer in green between ₹6857 and ₹11773 durable,shoe,6857,11773,Acer,green,ranking,best
customer reviews computer New Balance below 68300 with good quality,laptop,0,68300,New Balance,,reviews,reviews
please customer reviews tablet Adidas ₹9265-31535 for office,tablet,9265,31535,Adidas,,reviews,reviews
pick for me headphones in orange ₹7644-28297 for students,headphone,7644,28297,,orange,ranking,best
best reviews gaming mouse under ₹7929 for office,mouse,0,7929,JBL,green,reviews,reviews
please best android tablet Western Digital below 101182 wireless,tablet,0,101182,Western Digital,,ranking,best
please best overall tablet starting from 50353-95993,tablet,50353,95993,Panasonic,,ranking,best
best ultrabook starting from 36372-83972 with good quality,laptop,36372,83972,,,ranking,best
best reviews speaker Seagate in blue below 30298 premium with good quality,speaker,0,30298,Seagate,blue,reviews,reviews
best reviews mouse in red starting from 3965-18205,mouse,3965,18205,Realme,red,reviews,reviews
value for money watch Puma below 42509 durable,watch,0,42509,Puma,blue,value,value
best overall footwear Dell under ₹13424,shoe,0,13424,Dell,,ranking,best
please suggest boots Motorola starting from 5285-18967 for students,shoe,5285,18967,Motorola,,ranking,best
budget speaker between ₹11125 and ₹27316 lightweight with good quality,speaker,11125,27316,,,value,value
budget external drive Adidas in navy below 23377,storage,0,23377,Adidas,navy,value,value
suggest android phone between ₹35112 and ₹61110 for office,phone,35112,61110,,gold,ranking,best
good reviews camera Xiaomi under ₹82494,camera,0,82494,Xiaomi,gold,reviews,reviews
cheap android tablet between ₹40558 and ₹42331 for office with good quality,tablet,40558,42331,,,value,value
please best earphones between ₹8029 and ₹43493 wireless,headphone,8029,43493,,,ranking,best
best keyboard Sony under ₹3993 latest,keyboard,0,3993,Sony,,ranking,best
customer reviews ssd Corsair under ₹32002 for office,storage,0,32002,Corsair,green,reviews,reviews
customer reviews ultrabook ASUS below 155190 for office,laptop,0,155190,ASUS,,reviews,reviews
best mechanical keyboard in silver under ₹3491 for office,keyboard,0,3491,,silver,ranking,best
best reviews wireless headphones in silver under ₹23140 for students,headphone,0,23140,,silver,reviews,reviews
worth it fitness watch below 22600 with good quality,watch,0,22600,,green,value,value
pick for me mirrorless camera Sony in red below 151254,camera,0,151254,Sony,red,ranking,best
please best reviews bluetooth speaker ₹11940-28506 new,speaker,11940,28506,,,reviews,reviews
customer reviews fitness watch in black between ₹3572 and ₹30711 for students,watch,3572,30711,JBL,black,reviews,reviews
best display under ₹38262 lightweight,monitor,0,38262,,,ranking,best
worth it dslr ₹54495-67540 premium with good quality,camera,54495,67540,,,value,value
highest rated earphones Nike under ₹16187 for office,headphone,0,16187,Nike,,reviews,reviews
good reviews headphone below 11753 lightweight,headphone,0,11753,,,reviews,reviews
please highest rated mechanical keyboard ₹2236-4449 for students,keyboard,2236,4449,HP,gray,reviews,reviews
cheap screen Lenovo under ₹24923 for office,monitor,0,24923,Lenovo,,value,value
affordable tablet Corsair in yellow ₹14949-15396 for students,tablet,14949,15396,Corsair,yellow,value,value
cheap smartwatch Puma under ₹58134 for students,watch,0,58134,Puma,,value,value
worth it notebook in black under ₹126950 durable,laptop,0,126950,Dell,black,value,value
budget tablet Acer ₹35378-37912 for students with good quality,tablet,35378,37912,Acer,red,value,value
best reviews mechanical keyboard between ₹1570 and ₹2734 for students,keyboard,1570,2734,,,reviews,reviews
please pick for me shoes between ₹3656 and ₹19841 with good quality,shoe,3656,19841,,,ranking,best
suggest tablet in gold under ₹24595 new with good quality,tablet,0,24595,,gold,ranking,best
suggest fitness watch between ₹20778 and ₹21965 gaming,watch,20778,21965,,red,ranking,best
affordable mobile Realme below 23873 for students,phone,0,23873,Realme,,value,value
good reviews storage below 25521 lightweight,storage,0,25521,,,reviews,reviews
best keyboard starting from 4232-4710 new,keyboard,4232,4710,,,ranking,best
highest rated ultrabook under ₹84239 durable with good quality,laptop,0,84239,,white,reviews,reviews
best keyboard under ₹7229 lightweight with good quality,keyboard,0,7229,Western Digital,,ranking,best
best overall bluetooth speaker starting from 15486-30956 latest,speaker,15486,30956,,purple,ranking,best
please recommended footwear Panasonic starting from 8210-17144 lightweight,shoe,8210,17144,Panasonic,,ranking,best
best overall bluetooth speaker Xiaomi between ₹8998 and ₹25723 lightweight,speaker,8998,25723,Xiaomi,,ranking,best
please cheap headphones MSI below 24978 gaming,headphone,0,24978,MSI,,value,value
best overall tablet POCO ₹12492-90503 with good quality,tablet,12492,90503,POCO,,ranking,best
pick for me monitor in gray under ₹44007 gaming,monitor,0,44007,,gray,ranking,best
suggest macbook Microsoft between ₹88086 and ₹97560 with good quality,laptop,88086,97560,Microsoft,,ranking,best
top rated keyboard ₹1308-15618 latest,keyboard,1308,15618,Microsoft,green,reviews,reviews
please pick for me earbuds Bose between ₹5569 and ₹18700,headphone,5569,18700,Bose,,ranking,best
top rated earbuds in black below 27130 durable,headphone,0,27130,,black,reviews,reviews
value for money mouse starting from 1723-6951,mouse,1723,6951,,,value,value
customer reviews fitness watch under ₹73923 premium,watch,0,73923,,,reviews,reviews
customer reviews notebook Nikon in purple below 85099 durable with good quality,laptop,0,85099,Nikon,purple,reviews,reviews
suggest camera under ₹189831 latest,camera,0,189831,Garmin,,ranking,best
highest rated running shoes under ₹4721 for office with good quality,shoe,0,4721,,,reviews,reviews
good reviews bluetooth speaker Puma between ₹7061 and ₹38933 premium,speaker,7061,38933,Puma,,reviews,reviews
cheap headphone Xiaomi starting from 8763-44570 new with good quality,headphone,8763,44570,Xiaomi,gold,value,value
top rated android phone between ₹11917 and ₹25664 latest,phone,11917,25664,,silver,reviews,reviews
value for money monitor in blue ₹7711-21859 latest,monitor,7711,21859,Fitbit,blue,value,value
please worth it dslr Lenovo in purple under ₹194461 lightweight with good quality,camera,0,194461,Lenovo,purple,value,value
top rated speaker Seagate in orange ₹10955-19656 durable,speaker,10955,19656,Seagate,orange,reviews,reviews
customer reviews gaming mouse starting from 7330-18583 for students,mouse,7330,18583,,,reviews,reviews
please highest rated shoes Dell starting from 6285-15419 premium with good quality,shoe,6285,15419,Dell,,reviews,reviews
please best reviews bluetooth speaker between ₹2434 and ₹37943 new with good quality,speaker,2434,37943,Logitech,,reviews,reviews
cheap ssd Huawei between ₹13840 and ₹19556 for students,storage,13840,19556,Huawei,,value,value
recommended earbuds in white below 35000,headphone,0,35000,,white,ranking,best
cheap laptop Nikon under ₹95987,laptop,0,95987,Nikon,,value,value
budget earphones below 30270 with good quality,headphone,0,30270,,gold,value,value
budget mobile in blue between ₹20255 and ₹24579 gaming,phone,20255,24579,,blue,value,value
please highest rated android phone in purple between ₹21726 and ₹28186 lightweight,phone,21726,28186,Fossil,purple,reviews,reviews
suggest smartphone in navy under ₹60281 new,phone,0,60281,,navy,ranking,best
best overall mouse Google under ₹13302 for students,mouse,0,13302,Google,,ranking,best
cheap android tablet Logitech ₹9927-94137 premium,tablet,9927,94137,Logitech,silver,value,value
recommended hdd starting from 2726-14606 latest,storage,2726,14606,,,ranking,best
best reviews hdd under ₹26180,storage,0,26180,Lenovo,,reviews,reviews
best overall iphone Corsair between ₹30962 and ₹70757,phone,30962,70757,Corsair,,ranking,best
worth it ssd in white under ₹9468 gaming,storage,0,9468,,white,value,value
suggest mechanical keyboard between ₹7112 and ₹8748 latest,keyboard,7112,8748,Sennheiser,,ranking,best
budget watch ASUS starting from 9850-68094 latest,watch,9850,68094,ASUS,,value,value
budget external drive SteelSeries starting from 15621-18212 for office,storage,15621,18212,SteelSeries,,value,value
budget bluetooth speaker under ₹44272 gaming,speaker,0,44272,,,value,value
affordable fitness watch below 36051,watch,0,36051,,,value,value
budget tablet ₹31109-43079 durable,tablet,31109,43079,,gold,value,value
please good reviews dslr ₹34743-41414 lightweight,camera,34743,41414,,,reviews,reviews
please customer reviews smartphone below 46313 latest,phone,0,46313,,,reviews,reviews
please customer reviews speaker in brown starting from 18401-21670 with good quality,speaker,18401,21670,Crucial,brown,reviews,reviews
please cheap display in gold under ₹38506 lightweight,monitor,0,38506,,gold,value,value
best reviews keyboard under ₹9431 for office,keyboard,0,9431,,,reviews,reviews
please recommended display ₹9890-56426,monitor,9890,56426,Razer,,ranking,best
best reviews speaker in purple starting from 5678-34822 for students,speaker,5678,34822,Western Digital,purple,reviews,reviews
best earphones in yellow starting from 6705-41246 for students,headphone,6705,41246,,yellow,ranking,best
budget dslr Marshall starting from 93124-207696 wireless,camera,93124,207696,Marshall,,value,value
best overall gaming mouse Sennheiser starting from 2655-8376 durable with good quality,mouse,2655,8376,Sennheiser,,ranking,best
affordable headphones Kingston in white ₹12713-43892 for office,headphone,12713,43892,Kingston,white,value,value
best overall watch Sony starting from 9827-66504 new,watch,9827,66504,Sony,yellow,ranking,best
recommended fitness watch Apple under ₹52454 durable,watch,0,52454,Apple,,ranking,best
value for money earphones Motorola starting from 2256-30323 wireless,headphone,2256,30323,Motorola,,value,value
value for money bluetooth speaker Nikon ₹14278-39255 premium with good quality,speaker,14278,39255,Nikon,,value,value
best overall screen below 46386 for students,monitor,0,46386,,,ranking,best
please highest rated fitness watch in black under ₹19825 for office,watch,0,19825,,black,reviews,reviews
best overall bluetooth speaker ₹13135-28578 for office,speaker,13135,28578,,,ranking,best
highest rated screen starting from 30924-33154 lightweight,monitor,30924,33154,,,reviews,reviews
best reviews tablet below 104074 with good quality,tablet,0,104074,,,reviews,reviews
affordable phone Google starting from 9850-66598 new,phone,9850,66598,Google,,value,value
best reviews bluetooth speaker Adidas under ₹43428 latest,speaker,0,43428,Adidas,,reviews,reviews
value for money phone under ₹33416 latest,phone,0,33416,Google,black,value,value
good reviews hdd in black ₹3674-19993 wireless with good quality,storage,3674,19993,,black,reviews,reviews
please worth it bluetooth speaker Puma below 20273 premium,speaker,0,20273,Puma,,value,value
please highest rated smartwatch in gray starting from 32387-77210 gaming,watch,32387,77210,,gray,reviews,reviews
suggest ipad between ₹30463 and ₹90182 for office,tablet,30463,90182,,,ranking,best
cheap iphone MSI ₹18023-62737 for office,phone,18023,62737,MSI,,value,value
good reviews camera in orange starting from 61228-206438,camera,61228,206438,,orange,reviews,reviews
value for money watch under ₹55028 latest with good quality,watch,0,55028,Adidas,,value,value
pick for me android tablet Western Digital under ₹72261 durable,tablet,0,72261,Western Digital,,ranking,best
cheap running shoes Adidas in white starting from 5794-16160 premium,shoe,5794,16160,Adidas,white,value,value
worth it android tablet Crucial in black starting from 33434-80492,tablet,33434,80492,Crucial,black,value,value
worth it running shoes below 8517,shoe,0,8517,,,value,value
worth it mouse below 7287 for students with good quality,mouse,0,7287,,,value,value
please suggest smartwatch starting from 7537-51714,watch,7537,51714,Corsair,,ranking,best
top rated gaming mouse Audio-Technica in blue ₹2913-11568 gaming with good quality,mouse,2913,11568,Audio-Technica,blue,reviews,reviews
best overall android tablet in purple between ₹37222 and ₹41801,tablet,37222,41801,,purple,ranking,best
worth it mechanical keyboard Fujifilm starting from 1802-16447,keyboard,1802,16447,Fujifilm,,value,value
suggest keyboard in yellow ₹6176-10161 premium with good quality,keyboard,6176,10161,,yellow,ranking,best
best reviews bluetooth speaker POCO in gold ₹6363-21253 gaming,speaker,6363,21253,POCO,gold,reviews,reviews
best reviews mechanical keyboard in yellow starting from 3457-12309,keyboard,3457,12309,Fitbit,yellow,reviews,reviews
please top rated earphones in green under ₹37984 latest,headphone,0,37984,Samsung,green,reviews,reviews
pick for me macbook below 100887 wireless,laptop,0,100887,,,ranking,best
please recommended ssd Dell starting from 12758-35014 gaming,storage,12758,35014,Dell,navy,ranking,best
top rated headphones starting from 6288-37263 lightweight,headphone,6288,37263,,,reviews,reviews
best overall computer ₹51396-52133 durable,laptop,51396,52133,OnePlus,,ranking,best
please recommended headphone Western Digital below 28486 premium,headphone,0,28486,Western Digital,blue,ranking,best
budget screen Microsoft below 41310 for students,monitor,0,41310,Microsoft,,value,value
best ipad below 118096 latest,tablet,0,118096,,,ranking,best
good reviews tablet below 38448 premium,tablet,0,38448,,,reviews,reviews
please highest rated gaming mouse Garmin under ₹5113 durable,mouse,0,5113,Garmin,white,reviews,reviews
best reviews monitor Google starting from 28586-71465 premium,monitor,28586,71465,Google,blue,reviews,reviews
budget monitor below 56715 latest,monitor,0,56715,,orange,value,value
best reviews mirrorless camera Canon under ₹125956 with good quality,camera,0,125956,Canon,,reviews,reviews
please budget speaker Seagate starting from 8490-24862 durable,speaker,8490,24862,Seagate,,value,value
top rated hdd under ₹13955 for office,storage,0,13955,,,reviews,reviews
good reviews screen Logitech between ₹16956 and ₹43480 gaming,monitor,16956,43480,Logitech,,reviews,reviews
highest rated smartphone in red under ₹50122 with good quality,phone,0,50122,,red,reviews,reviews
top rated watch Seagate between ₹23847 and ₹78450 gaming,watch,23847,78450,Seagate,,reviews,reviews
budget speaker Google ₹1560-44635 for students,speaker,1560,44635,Google,,value,value
please good reviews wireless headphones below 34362 with good quality,headphone,0,34362,,yellow,reviews,reviews
recommended mechanical keyboard under ₹15765 durable,keyboard,0,15765,,white,ranking,best
worth it external drive under ₹22804 durable,storage,0,22804,,,value,value
pick for me screen in silver starting from 6637-41652 lightweight,monitor,6637,41652,,silver,ranking,best
affordable bluetooth speaker ₹8830-25569 durable,speaker,8830,25569,Adidas,,value,value
best bluetooth speaker New Balance in silver under ₹35339 new,speaker,0,35339,New Balance,silver,ranking,best
good reviews bluetooth speaker starting from 18647-30979 lightweight with good quality,speaker,18647,30979,Asics,gold,reviews,reviews
customer reviews mechanical keyboard Google ₹4523-11373 wireless with good quality,keyboard,4523,11373,Google,white,reviews,reviews
value for money headphone between ₹4155 and ₹34225 new with good quality,headphone,4155,34225,Seagate,,value,value
pick for me screen in purple under ₹6945,monitor,0,6945,,purple,ranking,best
good reviews mouse in silver ₹4118-6882,mouse,4118,6882,,silver,reviews,reviews
good reviews macbook Microsoft in green below 162086 latest,laptop,0,162086,Microsoft,green,reviews,reviews
customer reviews fitness watch starting from 4698-56242,watch,4698,56242,,,reviews,reviews
value for money bluetooth speaker Apple in white below 13589 wireless,speaker,0,13589,Apple,white,value,value
highest rated storage between ₹3835 and ₹16456,storage,3835,16456,,red,reviews,reviews
best overall bluetooth speaker in orange starting from 16862-36511 durable,speaker,16862,36511,MSI,orange,ranking,best
worth it earbuds Samsung under ₹40421 wireless with good quality,headphone,0,40421,Samsung,,value,value
cheap ssd in gold below 39679 premium,storage,0,39679,Google,gold,value,value
please affordable mouse Acer below 17739 new,mouse,0,17739,Acer,orange,value,value
best macbook Razer under ₹181826 for office,laptop,0,181826,Razer,,ranking,best
please best camera in gold under ₹141902 premium,camera,0,141902,,gold,ranking,best
please good reviews keyboard ₹4546-5150 durable,keyboard,4546,5150,,,reviews,reviews
please suggest android phone below 39964,phone,0,39964,,,ranking,best
best overall camera ₹81004-154881 premium with good quality,camera,81004,154881,,gray,ranking,best
best reviews android tablet Asics under ₹77658 lightweight,tablet,0,77658,Asics,,reviews,reviews
worth it mobile Kingston below 79530 durable with good quality,phone,0,79530,Kingston,purple,value,value
please best overall speaker under ₹47953,speaker,0,47953,,,ranking,best
recommended fitness watch ₹32017-32634 with good quality,watch,32017,32634,,orange,ranking,best
please best keyboard ASUS between ₹1025 and ₹1733 new with good quality,keyboard,1025,1733,ASUS,,ranking,best
value for money computer under ₹127842 for office,laptop,0,127842,,,value,value
please affordable fitness watch ₹1504-23408 latest,watch,1504,23408,Marshall,,value,value
please affordable storage in brown ₹16184-34903 latest,storage,16184,34903,,brown,value,value
pick for me phone between ₹31589 and ₹70232 for office,phone,31589,70232,,,ranking,best
pick for me watch Corsair below 75900 premium,watch,0,75900,Corsair,brown,ranking,best
affordable mechanical keyboard ₹2247-9538 for students,keyboard,2247,9538,,white,value,value
pick for me mouse Lenovo below 11236,mouse,0,11236,Lenovo,,ranking,best
affordable keyboard between ₹1362 and ₹13383 durable with good quality,keyboard,1362,13383,,,value,value
customer reviews mirrorless camera Audio-Technica starting from 48003-110765 gaming,camera,48003,110765,Audio-Technica,,reviews,reviews
best macbook under ₹100164,laptop,0,100164,,,ranking,best
recommended mobile Nikon in silver ₹15956-60119 for office,phone,15956,60119,Nikon,silver,ranking,best
best bluetooth speaker Microsoft between ₹7921 and ₹23871 latest,speaker,7921,23871,Microsoft,,ranking,best
good reviews laptop Sennheiser in purple between ₹27201 and ₹91995,laptop,27201,91995,Sennheiser,purple,reviews,reviews
best overall ssd in blue between ₹14385 and ₹20261,storage,14385,20261,,blue,ranking,best
budget tablet in blue below 111563 latest,tablet,0,111563,,blue,value,value
top rated display starting from 25148-29390 for students,monitor,25148,29390,,,reviews,reviews
suggest speaker Nikon under ₹39687 gaming with good quality,speaker,0,39687,Nikon,,ranking,best
please best overall computer between ₹27279 and ₹195286 for students,laptop,27279,195286,,,ranking,best
good reviews bluetooth speaker Canon under ₹47519 lightweight,speaker,0,47519,Canon,,reviews,reviews
please customer reviews android tablet in silver ₹47185-48847 latest with good quality,tablet,47185,48847,,silver,reviews,reviews
best reviews mechanical keyboard below 6548 new with good quality,keyboard,0,6548,,white,reviews,reviews
please best overall shoe in purple below 15060 durable with good quality,shoe,0,15060,Puma,purple,ranking,best
recommended mouse below 15187 lightweight with good quality,mouse,0,15187,,,ranking,best
highest rated shoes POCO in brown under ₹6264 premium,shoe,0,6264,POCO,brown,reviews,reviews
budget mirrorless camera Sennheiser in purple between ₹79113 and ₹211363 for office,camera,79113,211363,Sennheiser,purple,value,value
cheap external drive Sennheiser under ₹11436 durable,storage,0,11436,Sennheiser,,value,value
please best overall camera ₹71925-216582 gaming,camera,71925,216582,,,ranking,best
best reviews ssd ₹5367-8997 latest,storage,5367,8997,,blue,reviews,reviews
top rated camera Google below 218932,camera,0,218932,Google,,reviews,reviews
highest rated ultrabook ₹66314-149440 durable,laptop,66314,149440,,,reviews,reviews
highest rated tablet in gray below 67555 durable with good quality,tablet,0,67555,,gray,reviews,reviews
highest rated external drive Fitbit in green below 4557 latest,storage,0,4557,Fitbit,green,reviews,reviews
please top rated keyboard starting from 6432-8494,keyboard,6432,8494,,silver,reviews,reviews
please pick for me gaming mouse in red starting from 571-5969,mouse,571,5969,Puma,red,ranking,best
value for money shoes below 18133 premium with good quality,shoe,0,18133,,,value,value
best boots under ₹3897 premium with good quality,shoe,0,3897,,black,ranking,best
cheap shoe Corsair under ₹13323,shoe,0,13323,Corsair,,value,value
please best reviews dslr Reebok starting from 35092-228259 gaming,camera,35092,228259,Reebok,,reviews,reviews
please highest rated mouse Western Digital in orange starting from 1801-7734 premium,mouse,1801,7734,Western Digital,orange,reviews,reviews
cheap keyboard below 7532 with good quality,keyboard,0,7532,,green,value,value
best screen HP under ₹13325 wireless,monitor,0,13325,HP,,ranking,best
value for money android phone Reebok between ₹8847 and ₹65507,phone,8847,65507,Reebok,,value,value
please recommended mouse Sony in brown below 8108,mouse,0,8108,Sony,brown,ranking,best
top rated mobile between ₹13796 and ₹28723 lightweight,phone,13796,28723,,,reviews,reviews
worth it boots Nikon under ₹17277,shoe,0,17277,Nikon,,value,value
please affordable keyboard in green below 9169,keyboard,0,9169,,green,value,value
affordable camera Motorola below 178526 with good quality,camera,0,178526,Motorola,,value,value
pick for me watch in brown below 54299 new with good quality,watch,0,54299,,brown,ranking,best
affordable mirrorless camera under ₹142952,camera,0,142952,,,value,value
please worth it wireless headphones Panasonic starting from 16800-49300,headphone,16800,49300,Panasonic,black,value,value
worth it wireless headphones between ₹18906 and ₹43437,headphone,18906,43437,Realme,,value,value
please cheap keyboard Seagate between ₹1824 and ₹13694 with good quality,keyboard,1824,13694,Seagate,,value,value
recommended smartwatch Microsoft between ₹25067 and ₹38017,watch,25067,38017,Microsoft,,ranking,best
recommended screen ₹29230-33598 for students with good quality,monitor,29230,33598,,green,ranking,best
good reviews fitness watch Marshall ₹7304-49918 new,watch,7304,49918,Marshall,,reviews,reviews
best overall headphones under ₹32726,headphone,0,32726,,,ranking,best
customer reviews laptop Fitbit between ₹32715 and ₹119400 new,laptop,32715,119400,Fitbit,,reviews,reviews
affordable sneakers in gray under ₹13310 gaming,shoe,0,13310,,gray,value,value
suggest android tablet below 113847 with good quality,tablet,0,113847,,navy,ranking,best
best overall tablet JBL ₹36448-64145 durable,tablet,36448,64145,JBL,,ranking,best
highest rated speaker Reebok in orange below 48860 with good quality,speaker,0,48860,Reebok,orange,reviews,reviews
cheap sneakers Fitbit in blue below 12983,shoe,0,12983,Fitbit,blue,value,value
recommended boots Sony below 8808 for office,shoe,0,8808,Sony,,ranking,best
recommended mechanical keyboard starting from 1216-10901 for office,keyboard,1216,10901,,,ranking,best
pick for me headphones Fossil under ₹43693 premium,headphone,0,43693,Fossil,,ranking,best
please recommended headphones Audio-Technica starting from 5750-6898 new,headphone,5750,6898,Audio-Technica,,ranking,best
budget ssd under ₹13668 for students with good quality,storage,0,13668,Dell,,value,value
please budget speaker between ₹7270 and ₹33464 lightweight with good quality,speaker,7270,33464,Lenovo,,value,value
suggest mobile Xiaomi between ₹27596 and ₹74958 lightweight,phone,27596,74958,Xiaomi,red,ranking,best
top rated keyboard ₹5008-6115,keyboard,5008,6115,,,reviews,reviews
please cheap bluetooth speaker in black between ₹2064 and ₹18491 for students,speaker,2064,18491,,black,value,value
good reviews mechanical keyboard Realme under ₹3314 for students,keyboard,0,3314,Realme,,reviews,reviews
customer reviews external drive under ₹12285,storage,0,12285,,,reviews,reviews
good reviews iphone in yellow below 35123,phone,0,35123,Razer,yellow,reviews,reviews
best overall fitness watch Realme under ₹42890 gaming,watch,0,42890,Realme,,ranking,best
best reviews mechanical keyboard Nike in green under ₹13803,keyboard,0,13803,Nike,green,reviews,reviews
customer reviews storage Kingston under ₹35051,storage,0,35051,Kingston,,reviews,reviews
best overall boots between ₹4121 and ₹18761 latest,shoe,4121,18761,,red,ranking,best
please pick for me earbuds Adidas in black under ₹29878,headphone,0,29878,Adidas,black,ranking,best
affordable headphone Garmin under ₹6489,headphone,0,6489,Garmin,,value,value
suggest hdd between ₹2967 and ₹21283,storage,2967,21283,,,ranking,best
customer reviews display Western Digital below 44697 for office,monitor,0,44697,Western Digital,,reviews,reviews
pick for me headphones ₹16564-26995,headphone,16564,26995,,,ranking,best
highest rated gaming mouse in black below 4048,mouse,0,4048,,black,reviews,reviews
top rated footwear Garmin under ₹6908 wireless with good quality,shoe,0,6908,Garmin,,reviews,reviews
budget screen under ₹30674 durable,monitor,0,30674,Samsung,,value,value
affordable watch ₹13769-45878 new,watch,13769,45878,,,value,value
please recommended shoes under ₹16089 gaming,shoe,0,16089,,,ranking,best
good reviews phone under ₹51144 for students,phone,0,51144,,,reviews,reviews
customer reviews footwear Bose under ₹15905 for students,shoe,0,15905,Bose,,reviews,reviews
affordable boots in navy starting from 2356-14447 new with good quality,shoe,2356,14447,,navy,value,value
pick for me gaming mouse ₹6574-12105 new,mouse,6574,12105,Samsung,,ranking,best
please pick for me mouse starting from 7695-16249 new with good quality,mouse,7695,16249,,,ranking,best
top rated watch under ₹79336 wireless with good quality,watch,0,79336,,,reviews,reviews
pick for me computer in brown between ₹78731 and ₹90127 wireless,laptop,78731,90127,,brown,ranking,best
please best overall storage OnePlus below 24880 for office with good quality,storage,0,24880,OnePlus,,ranking,best
value for money mechanical keyboard Crucial between ₹1481 and ₹12555 new with good quality,keyboard,1481,12555,Crucial,red,value,value
please good reviews ssd New Balance ₹3315-29606 wireless,storage,3315,29606,New Balance,,reviews,reviews
budget watch OnePlus ₹28167-32291 wireless,watch,28167,32291,OnePlus,,value,value
affordable speaker ₹17885-37009 lightweight,speaker,17885,37009,Samsung,,value,value
top rated monitor Logitech below 65676,monitor,0,65676,Logitech,,reviews,reviews
recommended display Acer between ₹15358 and ₹64519 for office,monitor,15358,64519,Acer,,ranking,best
top rated screen Kingston starting from 27813-64206 latest,monitor,27813,64206,Kingston,,reviews,reviews
highest rated ipad ₹24875-38825 with good quality,tablet,24875,38825,,,reviews,reviews
recommended speaker starting from 6598-43075 lightweight,speaker,6598,43075,Samsung,,ranking,best
please pick for me boots in black below 9642 for office,shoe,0,9642,,black,ranking,best
best mouse Audio-Technica starting from 4301-10596,mouse,4301,10596,Audio-Technica,,ranking,best
customer reviews keyboard Razer below 12163,keyboard,0,12163,Razer,purple,reviews,reviews
please recommended mobile starting from 14462-76340,phone,14462,76340,,,ranking,best
best phone under ₹57464 for students,phone,0,57464,Kingston,,ranking,best
please budget android phone starting from 20156-24497 durable,phone,20156,24497,Sony,,value,value
top rated mouse Samsung in silver starting from 2674-5418 durable with good quality,mouse,2674,5418,Samsung,silver,reviews,reviews
please budget keyboard starting from 5439-7413 for students with good quality,keyboard,5439,7413,,,value,value
best reviews speaker in white between ₹10088 and ₹12197 for office,speaker,10088,12197,Puma,white,reviews,reviews
best watch Adidas starting from 25129-57549 durable with good quality,watch,25129,57549,Adidas,,ranking,best
affordable screen Huawei between ₹12313 and ₹31613 for students,monitor,12313,31613,Huawei,purple,value,value
value for money mechanical keyboard Reebok ₹1683-2503 gaming,keyboard,1683,2503,Reebok,,value,value
please top rated shoe in blue below 10592,shoe,0,10592,Microsoft,blue,reviews,reviews
best overall wireless headphones ₹1014-28721 new with good quality,headphone,1014,28721,,,ranking,best
best monitor under ₹22689 gaming,monitor,0,22689,,,ranking,best
best smartwatch starting from 1529-67142 lightweight with good quality,watch,1529,67142,,white,ranking,best
best reviews watch Nikon ₹22402-51330 gaming with good quality,watch,22402,51330,Nikon,,reviews,reviews
please best overall dslr Xiaomi below 205268 wireless,camera,0,205268,Xiaomi,,ranking,best
best reviews shoes ₹3918-19764 new with good quality,shoe,3918,19764,,,reviews,reviews
suggest android tablet in black between ₹28346 and ₹98448,tablet,28346,98448,,black,ranking,best
pick for me monitor below 56531 for students,monitor,0,56531,,,ranking,best
best mechanical keyboard below 12372 premium with good quality,keyboard,0,12372,,,ranking,best
suggest iphone New Balance in green starting from 11623-64558,phone,11623,64558,New Balance,green,ranking,best
budget smartphone in red under ₹18234,phone,0,18234,,red,value,value
customer reviews display starting from 20874-77652,monitor,20874,77652,,silver,reviews,reviews
please affordable mechanical keyboard OnePlus starting from 1362-8666,keyboard,1362,8666,OnePlus,black,value,value
please recommended earbuds in silver under ₹39407 wireless,headphone,0,39407,,silver,ranking,best
pick for me gaming mouse ₹6014-11099 new,mouse,6014,11099,,white,ranking,best
highest rated android tablet between ₹40794 and ₹54223 gaming with good quality,tablet,40794,54223,Sony,blue,reviews,reviews
suggest watch under ₹73460 gaming,watch,0,73460,,,ranking,best
best overall phone Fujifilm starting from 18629-38848 lightweight,phone,18629,38848,Fujifilm,,ranking,best
customer reviews macbook ASUS between ₹42990 and ₹140382 for office,laptop,42990,140382,ASUS,,reviews,reviews
affordable fitness watch below 29132 for office,watch,0,29132,,blue,value,value
best overall mechanical keyboard New Balance under ₹16296 for office,keyboard,0,16296,New Balance,,ranking,best
please recommended android tablet under ₹23209,tablet,0,23209,,red,ranking,best
affordable ipad Corsair ₹27563-105357 for students,tablet,27563,105357,Corsair,,value,value
please budget smartphone under ₹40158 wireless,phone,0,40158,,,value,value
best reviews bluetooth speaker ₹19515-21525,speaker,19515,21525,,yellow,reviews,reviews
please highest rated external drive below 33735 new,storage,0,33735,,,reviews,reviews
please recommended mouse ₹5687-6502,mouse,5687,6502,,yellow,ranking,best
please suggest bluetooth speaker ₹9229-10723 for office,speaker,9229,10723,,,ranking,best
please customer reviews gaming mouse Razer under ₹10871 gaming,mouse,0,10871,Razer,white,reviews,reviews
best overall smartwatch starting from 15329-31467,watch,15329,31467,,,ranking,best
cheap smartwatch Nike in orange below 39340 latest with good quality,watch,0,39340,Nike,orange,value,value
value for money mirrorless camera ₹49383-181612 durable with good quality,camera,49383,181612,,,value,value
suggest bluetooth speaker starting from 20210-28110 lightweight,speaker,20210,28110,,,ranking,best
please cheap macbook Adidas ₹43646-118118 new with good quality,laptop,43646,118118,Adidas,,value,value
budget gaming mouse Samsung ₹1306-19311,mouse,1306,19311,Samsung,,value,value
please best overall mirrorless camera in black under ₹240094,camera,0,240094,,black,ranking,best
highest rated laptop Garmin below 78793 wireless,laptop,0,78793,Garmin,orange,reviews,reviews
highest rated android tablet Logitech ₹32347-49156 for students,tablet,32347,49156,Logitech,,reviews,reviews
pick for me fitness watch in white starting from 15074-58911,watch,15074,58911,,white,ranking,best
customer reviews bluetooth speaker in navy ₹5348-33366 for students,speaker,5348,33366,,navy,reviews,reviews
value for money footwear Nikon between ₹7400 and ₹9551 lightweight,shoe,7400,9551,Nikon,,value,value
please best reviews wireless headphones in purple between ₹2197 and ₹16212 lightweight,headphone,2197,16212,,purple,reviews,reviews
best monitor ₹6279-77081 latest,monitor,6279,77081,,,ranking,best
best smartwatch in blue below 17841,watch,0,17841,Crucial,blue,ranking,best
please suggest bluetooth speaker Reebok in silver ₹8437-21635 for students,speaker,8437,21635,Reebok,silver,ranking,best
value for money bluetooth speaker between ₹16537 and ₹31952 wireless,speaker,16537,31952,,orange,value,value
suggest camera Marshall in silver ₹31270-102887 durable,camera,31270,102887,Marshall,silver,ranking,best
cheap phone starting from 25149-28069 for office,phone,25149,28069,,,value,value
best overall ipad Marshall starting from 11862-21293 new,tablet,11862,21293,Marshall,,ranking,best
cheap screen in brown starting from 11647-35397,monitor,11647,35397,,brown,value,value
please suggest watch Marshall under ₹27859 new,watch,0,27859,Marshall,,ranking,best
customer reviews macbook Crucial below 119697,laptop,0,119697,Crucial,,reviews,reviews
please highest rated shoes Puma below 14406 for students with good quality,shoe,0,14406,Puma,,reviews,reviews
worth it mechanical keyboard New Balance ₹2835-4273 with good quality,keyboard,2835,4273,New Balance,gray,value,value
highest rated display starting from 7241-54955,monitor,7241,54955,Fujifilm,,reviews,reviews
recommended keyboard Adidas below 9226 for office,keyboard,0,9226,Adidas,,ranking,best
good reviews ipad Garmin in orange starting from 46866-118869 new,tablet,46866,118869,Garmin,orange,reviews,reviews
best smartwatch starting from 9752-42042 for office with good quality,watch,9752,42042,MSI,,ranking,best
best tablet in navy between ₹31222 and ₹62644 latest with good quality,tablet,31222,62644,,navy,ranking,best
suggest sneakers in purple ₹3216-18118 new,shoe,3216,18118,,purple,ranking,best
please top rated fitness watch Logitech ₹28229-66461 wireless,watch,28229,66461,Logitech,,reviews,reviews
please customer reviews gaming mouse in red below 19091,mouse,0,19091,,red,reviews,reviews
please highest rated speaker between ₹13810 and ₹18561 premium,speaker,13810,18561,,,reviews,reviews
best computer in gray under ₹196802 premium,laptop,0,196802,,gray,ranking,best
worth it fitness watch starting from 20555-38506 lightweight with good quality,watch,20555,38506,,,value,value
best reviews gaming mouse Marshall between ₹2976 and ₹4280 wireless with good quality,mouse,2976,4280,Marshall,,reviews,reviews
please worth it fitness watch starting from 1553-8218 latest,watch,1553,8218,POCO,,value,value
please best reviews computer in navy below 103709 premium with good quality,laptop,0,103709,MSI,navy,reviews,reviews
highest rated mirrorless camera Realme in blue below 155196,camera,0,155196,Realme,blue,reviews,reviews
please suggest dslr in navy ₹47091-96407 for students with good quality,camera,47091,96407,,navy,ranking,best
best overall android tablet under ₹28076 premium with good quality,tablet,0,28076,,,ranking,best
worth it keyboard under ₹18122 premium,keyboard,0,18122,Lenovo,yellow,value,value
pick for me watch under ₹38089 premium,watch,0,38089,,silver,ranking,best
budget hdd between ₹6403 and ₹38638 gaming,storage,6403,38638,,,value,value
best sneakers OnePlus between ₹5701 and ₹8141 lightweight with good quality,shoe,5701,8141,OnePlus,,ranking,best
best reviews mobile ₹29304-52655,phone,29304,52655,Reebok,,reviews,reviews
recommended tablet starting from 19691-119202 premium,tablet,19691,119202,,,ranking,best
suggest boots Fujifilm in red under ₹13392 latest,shoe,0,13392,Fujifilm,red,ranking,best
budget macbook starting from 84222-189424 premium,laptop,84222,189424,,,value,value
please suggest android tablet between ₹25407 and ₹95385 for students,tablet,25407,95385,Nikon,orange,ranking,best
customer reviews ultrabook below 150548,laptop,0,150548,Bose,,reviews,reviews
worth it fitness watch between ₹25691 and ₹76015,watch,25691,76015,,,value,value
best boots Canon ₹2600-13802 new,shoe,2600,13802,Canon,gray,ranking,best
affordable earbuds ₹10217-48465 gaming,headphone,10217,48465,,,value,value
value for money ultrabook below 107800 with good quality,laptop,0,107800,,,value,value
highest rated macbook Motorola in gold starting from 79046-142261 durable,laptop,79046,142261,Motorola,gold,reviews,reviews
highest rated gaming mouse in black starting from 4360-18938 gaming,mouse,4360,18938,,black,reviews,reviews
worth it smartwatch in red between ₹20741 and ₹42519 durable,watch,20741,42519,,red,value,value
please worth it mobile MSI in brown under ₹35508,phone,0,35508,MSI,brown,value,value
best overall earphones under ₹43960 latest with good quality,headphone,0,43960,,,ranking,best
budget display ₹4510-35837 for students,monitor,4510,35837,,green,value,value
customer reviews ultrabook Asics in white starting from 51615-100493 for students,laptop,51615,100493,Asics,white,reviews,reviews
best ssd ₹5464-19203 premium,storage,5464,19203,,,ranking,best
budget storage in purple starting from 13536-37871,storage,13536,37871,,purple,value,value
please pick for me mechanical keyboard in gray between ₹3539 and ₹4023 for students,keyboard,3539,4023,,gray,ranking,best
best overall laptop between ₹59922 and ₹198645 wireless,laptop,59922,198645,,,ranking,best
worth it mirrorless camera below 206974 latest,camera,0,206974,,,value,value
please top rated footwear Corsair below 7504,shoe,0,7504,Corsair,black,reviews,reviews
customer reviews mechanical keyboard JBL between ₹2542 and ₹16214 latest,keyboard,2542,16214,JBL,silver,reviews,reviews
top rated android tablet between ₹28084 and ₹119555 new,tablet,28084,119555,MSI,,reviews,reviews
best camera under ₹32997 premium,camera,0,32997,Logitech,,ranking,best
please best reviews mirrorless camera between ₹12032 and ₹47984 premium with good quality,camera,12032,47984,,orange,reviews,reviews
good reviews keyboard in white under ₹18763 for office,keyboard,0,18763,Microsoft,white,reviews,reviews
top rated gaming mouse starting from 872-7046,mouse,872,7046,Sennheiser,,reviews,reviews
please cheap shoes Fossil between ₹7627 and ₹13558 latest,shoe,7627,13558,Fossil,,value,value
cheap smartphone between ₹29080 and ₹69657 wireless,phone,29080,69657,,,value,value
pick for me speaker under ₹18292 wireless,speaker,0,18292,,,ranking,best
please worth it speaker Marshall ₹3438-37252 for students,speaker,3438,37252,Marshall,orange,value,value
pick for me bluetooth speaker in gray between ₹14762 and ₹29572 durable,speaker,14762,29572,MSI,gray,ranking,best
recommended earbuds in gold under ₹15406 wireless,headphone,0,15406,,gold,ranking,best
please top rated sneakers below 8616 wireless,shoe,0,8616,,black,reviews,reviews
budget macbook Google under ₹185531,laptop,0,185531,Google,,value,value
recommended bluetooth speaker Marshall between ₹13231 and ₹44042 durable,speaker,13231,44042,Marshall,brown,ranking,best
best mouse under ₹5527 premium,mouse,0,5527,,,ranking,best
top rated camera under ₹219942 for students with good quality,camera,0,219942,Bose,,reviews,reviews
please best notebook Reebok ₹64623-70396 new,laptop,64623,70396,Reebok,purple,ranking,best
budget wireless headphones between ₹2594 and ₹33423 latest,headphone,2594,33423,,,value,value
best overall watch below 56385 for office,watch,0,56385,,navy,ranking,best
please best overall keyboard between ₹2496 and ₹14951,keyboard,2496,14951,,,ranking,best
best smartphone Panasonic ₹27853-40751 new with good quality,phone,27853,40751,Panasonic,green,ranking,best
customer reviews gaming mouse under ₹11745 with good quality,mouse,0,11745,,,reviews,reviews
please top rated mechanical keyboard ₹3718-7783 lightweight,keyboard,3718,7783,,,reviews,reviews
highest rated shoe between ₹2703 and ₹10026,shoe,2703,10026,,,reviews,reviews
affordable headphone ₹14842-16392,headphone,14842,16392,OnePlus,,value,value
good reviews smartwatch ₹22040-23780 with good quality,watch,22040,23780,,,reviews,reviews
best reviews bluetooth speaker starting from 17657-36285 with good quality,speaker,17657,36285,,,reviews,reviews
recommended camera Reebok between ₹22321 and ₹217190 with good quality,camera,22321,217190,Reebok,,ranking,best
please best reviews camera Motorola below 171142 lightweight,camera,0,171142,Motorola,,reviews,reviews
value for money smartwatch between ₹29612 and ₹70915 new with good quality,watch,29612,70915,POCO,,value,value
budget hdd in silver starting from 8903-34886 with good quality,storage,8903,34886,,silver,value,value
value for money ssd under ₹21277 durable with good quality,storage,0,21277,Nike,,value,value
budget tablet ₹33909-37921 for office,tablet,33909,37921,Puma,black,value,value
please affordable display Logitech in silver starting from 12163-49950 latest with good quality,monitor,12163,49950,Logitech,silver,value,value
cheap ipad ₹41075-49404 for students,tablet,41075,49404,Fitbit,,value,value
please affordable headphone below 10157,headphone,0,10157,,purple,value,value
best mouse between ₹3188 and ₹13972 with good quality,mouse,3188,13972,,,ranking,best
top rated mobile below 25966 latest with good quality,phone,0,25966,,,reviews,reviews
suggest watch ASUS below 41920,watch,0,41920,ASUS,,ranking,best
please top rated iphone SteelSeries in navy between ₹14013 and ₹54231,phone,14013,54231,SteelSeries,navy,reviews,reviews
please customer reviews mirrorless camera in brown below 203539 new,camera,0,203539,Corsair,brown,reviews,reviews
pick for me mouse in gold under ₹11743 premium,mouse,0,11743,Huawei,gold,ranking,best
top rated phone JBL between ₹14860 and ₹78556,phone,14860,78556,JBL,,reviews,reviews
please pick for me android phone Fossil starting from 33110-62330 new,phone,33110,62330,Fossil,,ranking,best
best headphone Google under ₹21817 wireless,headphone,0,21817,Google,,ranking,best
cheap earphones Kingston below 45367 lightweight with good quality,headphone,0,45367,Kingston,,value,value
cheap smartwatch Huawei in red under ₹34646 with good quality,watch,0,34646,Huawei,red,value,value
highest rated mouse Google starting from 1513-15500,mouse,1513,15500,Google,,reviews,reviews
budget mechanical keyboard Logitech under ₹19529 for students,keyboard,0,19529,Logitech,silver,value,value
please cheap keyboard below 15250,keyboard,0,15250,,,value,value
please recommended bluetooth speaker under ₹44421,speaker,0,44421,Lenovo,,ranking,best
good reviews screen Seagate between ₹11298 and ₹50395,monitor,11298,50395,Seagate,,reviews,reviews
highest rated storage ₹11703-20096 new,storage,11703,20096,,,reviews,reviews
customer reviews smartwatch Apple in purple below 39541 premium,watch,0,39541,Apple,purple,reviews,reviews
suggest camera below 185910 lightweight with good quality,camera,0,185910,,,ranking,best
budget keyboard Corsair between ₹5903 and ₹14257 durable with good quality,keyboard,5903,14257,Corsair,,value,value
worth it gaming mouse between ₹2806 and ₹19201 lightweight with good quality,mouse,2806,19201,,,value,value
value for money external drive Apple ₹1229-19935 latest,storage,1229,19935,Apple,,value,value
budget earbuds ₹11274-15017 lightweight with good quality,headphone,11274,15017,,,value,value
best mirrorless camera ₹70366-144898 gaming,camera,70366,144898,,,ranking,best
suggest smartwatch starting from 11965-75591 for office,watch,11965,75591,,,ranking,best
worth it earphones below 38677 for students,headphone,0,38677,POCO,,value,value
please best mirrorless camera Bose below 211550,camera,0,211550,Bose,,ranking,best
value for money fitness watch in black ₹19661-24039,watch,19661,24039,Sennheiser,black,value,value
best keyboard between ₹7587 and ₹10433 with good quality,keyboard,7587,10433,,,ranking,best
best overall smartwatch in silver starting from 18339-32693,watch,18339,32693,,silver,ranking,best
best mechanical keyboard Audio-Technica below 17783 lightweight,keyboard,0,17783,Audio-Technica,,ranking,best
budget external drive ₹14360-30005 for students,storage,14360,30005,OnePlus,gray,value,value
best overall mouse Microsoft under ₹16606 wireless,mouse,0,16606,Microsoft,green,ranking,best
highest rated ultrabook in navy starting from 70408-147264,laptop,70408,147264,,navy,reviews,reviews
worth it watch starting from 27828-70447 gaming,watch,27828,70447,,,value,value
budget storage Nike in gold ₹13018-30723 latest with good quality,storage,13018,30723,Nike,gold,value,value
cheap screen OnePlus starting from 16530-44624 durable with good quality,monitor,16530,44624,OnePlus,,value,value
suggest gaming mouse Motorola starting from 6656-19791,mouse,6656,19791,Motorola,,ranking,best
please pick for me bluetooth speaker in green between ₹2679 and ₹12923,speaker,2679,12923,,green,ranking,best
customer reviews android phone starting from 9483-45013 gaming,phone,9483,45013,,,reviews,reviews
best overall phone Corsair below 52544 for students,phone,0,52544,Corsair,,ranking,best
good reviews wireless headphones in green under ₹37424 wireless,headphone,0,37424,,green,reviews,reviews
best overall display ₹19704-65536 lightweight with good quality,monitor,19704,65536,,,ranking,best
budget sneakers Adidas ₹7282-18384 for office,shoe,7282,18384,Adidas,,value,value
please best reviews headphone ₹6922-18507 wireless,headphone,6922,18507,,,reviews,reviews
cheap laptop in brown below 80808 gaming,laptop,0,80808,,brown,value,value
worth it display under ₹69324 premium,monitor,0,69324,,,value,value
budget speaker between ₹20121 and ₹28533,speaker,20121,28533,,,value,value
cheap android tablet Realme below 27457 wireless,tablet,0,27457,Realme,gold,value,value
good reviews wireless headphones Puma in orange under ₹42180 latest,headphone,0,42180,Puma,orange,reviews,reviews
please worth it ipad Logitech in red between ₹50870 and ₹117714 premium,tablet,50870,117714,Logitech,red,value,value
best watch Bose under ₹22983 premium,watch,0,22983,Bose,,ranking,best
best phone in white under ₹17280 wireless,phone,0,17280,Motorola,white,ranking,best
good reviews gaming mouse POCO in gray below 12988 wireless with good quality,mouse,0,12988,POCO,gray,reviews,reviews
please affordable gaming mouse Huawei under ₹19628,mouse,0,19628,Huawei,,value,value
best reviews ipad under ₹83161 lightweight,tablet,0,83161,,,reviews,reviews
value for money keyboard starting from 4444-9775 premium,keyboard,4444,9775,,white,value,value
please value for money hdd between ₹2607 and ₹38712,storage,2607,38712,,,value,value
budget hdd under ₹31438,storage,0,31438,,gray,value,value
budget watch under ₹61695 durable,watch,0,61695,,,value,value
good reviews running shoes New Balance starting from 1790-15724 lightweight,shoe,1790,15724,New Balance,,reviews,reviews
please good reviews ssd OnePlus starting from 5104-39568 with good quality,storage,5104,39568,OnePlus,,reviews,reviews
recommended monitor Adidas starting from 24272-35383 latest,monitor,24272,35383,Adidas,,ranking,best
customer reviews laptop Razer below 163956 premium,laptop,0,163956,Razer,white,reviews,reviews
please best reviews keyboard under ₹14552 latest,keyboard,0,14552,Sennheiser,purple,reviews,reviews
suggest external drive between ₹8412 and ₹35936 for office,storage,8412,35936,,,ranking,best
best mirrorless camera in green starting from 104136-159023 with good quality,camera,104136,159023,,green,ranking,best
value for money ssd Acer between ₹9744 and ₹11123 for office,storage,9744,11123,Acer,,value,value
top rated mirrorless camera under ₹217953 for students,camera,0,217953,Corsair,,reviews,reviews
good reviews gaming mouse Lenovo in yellow below 6612 for office with good quality,mouse,0,6612,Lenovo,yellow,reviews,reviews
customer reviews android tablet starting from 28370-49523 gaming with good quality,tablet,28370,49523,Western Digital,,reviews,reviews
best reviews speaker in purple below 43215 for students,speaker,0,43215,,purple,reviews,reviews
highest rated mouse in green starting from 2405-7406 durable,mouse,2405,7406,Nikon,green,reviews,reviews
suggest mouse in purple under ₹13445,mouse,0,13445,,purple,ranking,best
please suggest display SteelSeries in yellow below 58693 wireless,monitor,0,58693,SteelSeries,yellow,ranking,best
top rated keyboard in green under ₹9859,keyboard,0,9859,,green,reviews,reviews
please budget mouse below 11760 for office,mouse,0,11760,,red,value,value
please suggest mechanical keyboard between ₹5540 and ₹11461 for office,keyboard,5540,11461,,yellow,ranking,best
value for money mobile ₹20330-73481,phone,20330,73481,,brown,value,value
value for money smartwatch under ₹22730 gaming,watch,0,22730,Nike,,value,value
worth it monitor New Balance under ₹52416,monitor,0,52416,New Balance,purple,value,value
affordable smartphone starting from 12461-40832 lightweight with good quality,phone,12461,40832,,,value,value
please budget notebook below 71511 latest,laptop,0,71511,,,value,value
best speaker Audio-Technica in gray starting from 16586-36346,speaker,16586,36346,Audio-Technica,gray,ranking,best
highest rated speaker Asics in green starting from 15742-42710 premium,speaker,15742,42710,Asics,green,reviews,reviews
highest rated keyboard below 10919 with good quality,keyboard,0,10919,,,reviews,reviews
value for money earphones Acer ₹17931-18937 lightweight,headphone,17931,18937,Acer,,value,value
best overall gaming mouse starting from 7924-12786 for office,mouse,7924,12786,Samsung,,ranking,best
top rated ipad between ₹32140 and ₹73499 with good quality,tablet,32140,73499,,,reviews,reviews
please best reviews keyboard under ₹15328 lightweight,keyboard,0,15328,,,reviews,reviews
top rated ultrabook below 90047,laptop,0,90047,,,reviews,reviews
please highest rated shoes starting from 1515-12173,shoe,1515,12173,,,reviews,reviews
please budget running shoes Panasonic starting from 1354-7916 new with good quality,shoe,1354,7916,Panasonic,,value,value
please top rated mechanical keyboard in orange between ₹5462 and ₹14581 durable,keyboard,5462,14581,,orange,reviews,reviews
customer reviews mouse between ₹3405 and ₹9435 premium,mouse,3405,9435,,,reviews,reviews
please value for money smartwatch ₹4295-61046,watch,4295,61046,,blue,value,value
please highest rated mouse Nikon below 5627 durable,mouse,0,5627,Nikon,,reviews,reviews
please best notebook ₹70627-106616 latest,laptop,70627,106616,,,ranking,best
affordable fitness watch Motorola between ₹25466 and ₹28368,watch,25466,28368,Motorola,,value,value
please suggest gaming mouse Huawei in purple below 3319,mouse,0,3319,Huawei,purple,ranking,best
cheap wireless headphones between ₹2528 and ₹30208 lightweight with good quality,headphone,2528,30208,,,value,value
please worth it speaker Marshall below 29208 for office,speaker,0,29208,Marshall,,value,value
please suggest gaming mouse Audio-Technica between ₹4214 and ₹18951 with good quality,mouse,4214,18951,Audio-Technica,,ranking,best
best speaker in black between ₹2118 and ₹24126,speaker,2118,24126,Garmin,black,ranking,best
cheap notebook Fossil in yellow between ₹50371 and ₹82922,laptop,50371,82922,Fossil,yellow,value,value
best monitor MSI below 68497,monitor,0,68497,MSI,,ranking,best
pick for me wireless headphones in silver between ₹10821 and ₹18377 durable with good quality,headphone,10821,18377,,silver,ranking,best
budget mechanical keyboard ₹6239-12238 for students,keyboard,6239,12238,HP,purple,value,value
please good reviews notebook Razer below 110094 for office with good quality,laptop,0,110094,Razer,,reviews,reviews
please top rated boots in gray between ₹3720 and ₹17398 durable,shoe,3720,17398,MSI,gray,reviews,reviews
customer reviews fitness watch in white starting from 5605-17274,watch,5605,17274,Samsung,white,reviews,reviews
customer reviews notebook Logitech under ₹179097 with good quality,laptop,0,179097,Logitech,green,reviews,reviews
recommended notebook in black below 139237 durable,laptop,0,139237,,black,ranking,best
please good reviews wireless headphones in orange under ₹45872 wireless,headphone,0,45872,Microsoft,orange,reviews,reviews
worth it ultrabook below 134248 durable,laptop,0,134248,,,value,value
please recommended tablet starting from 13752-59757,tablet,13752,59757,,,ranking,best
budget ipad in gray ₹15071-114101 gaming,tablet,15071,114101,Reebok,gray,value,value
please suggest screen New Balance ₹25490-77688 latest,monitor,25490,77688,New Balance,,ranking,best
best overall monitor Crucial below 76669,monitor,0,76669,Crucial,orange,ranking,best
budget watch in yellow ₹27348-79007,watch,27348,79007,Garmin,yellow,value,value
best computer ₹39077-88736 latest,laptop,39077,88736,,navy,ranking,best
top rated laptop between ₹27944 and ₹166338 premium,laptop,27944,166338,Apple,,reviews,reviews
please best overall macbook Seagate in red ₹31814-60785 wireless with good quality,laptop,31814,60785,Seagate,red,ranking,best
affordable iphone Apple under ₹70263,phone,0,70263,Apple,,value,value
best overall external drive POCO ₹16327-33528 for office with good quality,storage,16327,33528,POCO,,ranking,best
budget shoes under ₹9769,shoe,0,9769,,,value,value
please worth it notebook between ₹49295 and ₹162183 new,laptop,49295,162183,Panasonic,gray,value,value
pick for me notebook ₹84187-85854 gaming with good quality,laptop,84187,85854,,,ranking,best
customer reviews mechanical keyboard below 15580 gaming,keyboard,0,15580,Panasonic,silver,reviews,reviews
budget display in gray below 50769 wireless,monitor,0,50769,Razer,gray,value,value
best overall notebook in navy below 108111,laptop,0,108111,,navy,ranking,best
value for money smartphone in navy under ₹59035,phone,0,59035,,navy,value,value
budget keyboard in silver starting from 7694-15521 durable,keyboard,7694,15521,Huawei,silver,value,value
please recommended speaker ASUS starting from 2787-7866,speaker,2787,7866,ASUS,,ranking,best
top rated notebook below 106403 lightweight,laptop,0,106403,,,reviews,reviews
please suggest fitness watch under ₹59552,watch,0,59552,,,ranking,best
please worth it android phone between ₹33096 and ₹36061,phone,33096,36061,Razer,purple,value,value
please best mouse Samsung under ₹12653 lightweight,mouse,0,12653,Samsung,,ranking,best
budget macbook between ₹87227 and ₹99828 gaming,laptop,87227,99828,Seagate,,value,value
please highest rated external drive between ₹7707 and ₹30842 latest with good quality,storage,7707,30842,,,reviews,reviews
good reviews watch Dell in yellow starting from 11259-43670 for office with good quality,watch,11259,43670,Dell,yellow,reviews,reviews
please best mouse ₹2775-10853 new,mouse,2775,10853,,,ranking,best
top rated display starting from 22808-50594 lightweight,monitor,22808,50594,,blue,reviews,reviews
please budget iphone ₹9434-67482 durable,phone,9434,67482,,,value,value
budget mobile ₹31691-63722 new,phone,31691,63722,,black,value,value
best overall keyboard under ₹5622 durable,keyboard,0,5622,,,ranking,best
good reviews android phone between ₹16515 and ₹60306,phone,16515,60306,Sennheiser,,reviews,reviews
please customer reviews screen between ₹32081 and ₹69627 gaming,monitor,32081,69627,,brown,reviews,reviews
recommended ultrabook ₹44081-163240,laptop,44081,163240,,gray,ranking,best
highest rated ultrabook between ₹31607 and ₹107279 new,laptop,31607,107279,,,reviews,reviews
customer reviews screen in purple below 35284 gaming,monitor,0,35284,,purple,reviews,reviews
best reviews camera OnePlus under ₹180171 gaming with good quality,camera,0,180171,OnePlus,,reviews,reviews
affordable dslr in green starting from 41625-166906 durable,camera,41625,166906,,green,value,value
worth it external drive SteelSeries under ₹35606 for students,storage,0,35606,SteelSeries,,value,value
value for money mirrorless camera ₹89353-168811,camera,89353,168811,,,value,value
customer reviews bluetooth speaker Razer starting from 9277-40167 lightweight,speaker,9277,40167,Razer,brown,reviews,reviews
best overall phone Huawei below 43409 premium,phone,0,43409,Huawei,orange,ranking,best
please top rated fitness watch Marshall in green below 4920 premium,watch,0,4920,Marshall,green,reviews,reviews
worth it sneakers in orange under ₹8013 lightweight,shoe,0,8013,Western Digital,orange,value,value
best reviews bluetooth speaker Sennheiser below 37262 durable,speaker,0,37262,Sennheiser,yellow,reviews,reviews
value for money screen starting from 30380-36613 wireless,monitor,30380,36613,,,value,value
highest rated wireless headphones starting from 3656-28284,headphone,3656,28284,,,reviews,reviews
recommended keyboard ₹6787-19214 durable,keyboard,6787,19214,,,ranking,best
recommended earphones Logitech under ₹37149 durable with good quality,headphone,0,37149,Logitech,,ranking,best
customer reviews monitor under ₹50453 lightweight,monitor,0,50453,OnePlus,,reviews,reviews
best mechanical keyboard in brown ₹4982-16759 wireless,keyboard,4982,16759,,brown,ranking,best
please good reviews macbook below 57138,laptop,0,57138,,,reviews,reviews
value for money camera under ₹234529 latest,camera,0,234529,,,value,value
affordable keyboard ₹547-8974 gaming,keyboard,547,8974,,,value,value
suggest android phone Motorola in green below 20421 new,phone,0,20421,Motorola,green,ranking,best
worth it external drive Nike starting from 14712-29553 for students,storage,14712,29553,Nike,,value,value
good reviews keyboard in black starting from 4431-16315 wireless,keyboard,4431,16315,,black,reviews,reviews
please budget mirrorless camera Asics between ₹49530 and ₹61868 gaming,camera,49530,61868,Asics,,value,value
best headphone Bose under ₹46271 with good quality,headphone,0,46271,Bose,gold,ranking,best
budget wireless headphones between ₹11540 and ₹38453 lightweight,headphone,11540,38453,,,value,value
customer reviews external drive SteelSeries under ₹25378,storage,0,25378,SteelSeries,,reviews,reviews
best reviews notebook in silver ₹66681-116570,laptop,66681,116570,Xiaomi,silver,reviews,reviews
please customer reviews gaming mouse Microsoft between ₹6294 and ₹7018,mouse,6294,7018,Microsoft,navy,reviews,reviews
best headphones Apple under ₹8245 with good quality,headphone,0,8245,Apple,,ranking,best
top rated mechanical keyboard Reebok starting from 6553-13162,keyboard,6553,13162,Reebok,,reviews,reviews
worth it mouse ₹6046-13708 with good quality,mouse,6046,13708,,,value,value
top rated headphone starting from 14324-18881 for students,headphone,14324,18881,,black,reviews,reviews
please pick for me earbuds below 31915 new with good quality,headphone,0,31915,Reebok,gold,ranking,best
please customer reviews keyboard starting from 6235-11685 latest,keyboard,6235,11685,,,reviews,reviews
top rated sneakers between ₹2549 and ₹11840 lightweight with good quality,shoe,2549,11840,Corsair,white,reviews,reviews
please recommended wireless headphones in black ₹6913-37897 new,headphone,6913,37897,,black,ranking,best
customer reviews bluetooth speaker in brown starting from 8539-29920 gaming with good quality,speaker,8539,29920,,brown,reviews,reviews
pick for me footwear under ₹14303 premium,shoe,0,14303,,purple,ranking,best
please value for money laptop in blue ₹44405-53217 for students with good quality,laptop,44405,53217,,blue,value,value
best bluetooth speaker in gray below 16577 lightweight,speaker,0,16577,,gray,ranking,best
worth it gaming mouse below 16594 lightweight with good quality,mouse,0,16594,,gold,value,value
please customer reviews macbook in red starting from 65766-194985 for office,laptop,65766,194985,,red,reviews,reviews
please recommended fitness watch Panasonic in red between ₹13933 and ₹15170,watch,13933,15170,Panasonic,red,ranking,best
value for money mechanical keyboard below 16220 wireless,keyboard,0,16220,,orange,value,value
best mouse starting from 2488-6108,mouse,2488,6108,,brown,ranking,best
cheap notebook Marshall under ₹98425 wireless,laptop,0,98425,Marshall,,value,value
value for money mechanical keyboard Marshall between ₹5440 and ₹10308,keyboard,5440,10308,Marshall,,value,value
please recommended watch Audio-Technica in silver starting from 9929-10710 for students with good quality,watch,9929,10710,Audio-Technica,silver,ranking,best
please suggest storage in green starting from 5746-26762,storage,5746,26762,,green,ranking,best
please recommended smartwatch Bose between ₹24175 and ₹25313,watch,24175,25313,Bose,,ranking,best
best camera Reebok between ₹91172 and ₹180748 gaming,camera,91172,180748,Reebok,,ranking,best
best reviews mirrorless camera HP ₹15791-37501 wireless,camera,15791,37501,HP,yellow,reviews,reviews
please customer reviews storage in white starting from 10549-24658 wireless with good quality,storage,10549,24658,,white,reviews,reviews
suggest camera Sennheiser in white ₹35963-165166 durable,camera,35963,165166,Sennheiser,white,ranking,best
recommended shoe Marshall starting from 1589-7714 durable,shoe,1589,7714,Marshall,,ranking,best
please pick for me mechanical keyboard Apple under ₹8028 premium,keyboard,0,8028,Apple,,ranking,best
please budget boots below 19762 latest,shoe,0,19762,,,value,value
affordable mirrorless camera Razer under ₹142476,camera,0,142476,Razer,gray,value,value
please worth it wireless headphones below 37137 latest,headphone,0,37137,,,value,value
pick for me keyboard between ₹6465 and ₹13704 gaming,keyboard,6465,13704,,,ranking,best
best reviews headphone Western Digital ₹18955-46310 gaming,headphone,18955,46310,Western Digital,,reviews,reviews
good reviews fitness watch below 17151 durable,watch,0,17151,,,reviews,reviews
best overall watch in orange between ₹14484 and ₹79754 wireless,watch,14484,79754,,orange,ranking,best
best overall mirrorless camera Huawei in silver starting from 96274-168472,camera,96274,168472,Huawei,silver,ranking,best
suggest laptop between ₹25546 and ₹182739 new with good quality,laptop,25546,182739,Western Digital,,ranking,best
please budget ultrabook between ₹55352 and ₹131055 with good quality,laptop,55352,131055,Nike,,value,value
affordable bluetooth speaker below 12188 gaming,speaker,0,12188,,,value,value
please highest rated mechanical keyboard in gray starting from 4133-9163,keyboard,4133,9163,,gray,reviews,reviews
top rated mouse starting from 2006-18387 premium,mouse,2006,18387,,,reviews,reviews
please affordable keyboard ₹4235-13658 gaming,keyboard,4235,13658,,,value,value
please good reviews watch below 75334 latest,watch,0,75334,,green,reviews,reviews
good reviews tablet Garmin in blue starting from 20276-99668 with good quality,tablet,20276,99668,Garmin,blue,reviews,reviews
please highest rated keyboard below 11803 for office with good quality,keyboard,0,11803,,,reviews,reviews
affordable mechanical keyboard between ₹5054 and ₹13637,keyboard,5054,13637,,,value,value
best reviews display between ₹29696 and ₹48975 gaming,monitor,29696,48975,Bose,,reviews,reviews
best reviews dslr Reebok between ₹56716 and ₹97295 with good quality,camera,56716,97295,Reebok,,reviews,reviews
good reviews gaming mouse Reebok ₹6298-13064 new with good quality,mouse,6298,13064,Reebok,,reviews,reviews
good reviews sneakers in brown starting from 5496-7958 for office,shoe,5496,7958,,brown,reviews,reviews
pick for me shoes between ₹2758 and ₹18199,shoe,2758,18199,POCO,,ranking,best
best fitness watch Western Digital in yellow below 44065 with good quality,watch,0,44065,Western Digital,yellow,ranking,best
good reviews earbuds Marshall ₹15803-34672 premium,headphone,15803,34672,Marshall,,reviews,reviews
pick for me smartwatch Apple starting from 17011-73984 with good quality,watch,17011,73984,Apple,,ranking,best
top rated storage under ₹37122 for office,storage,0,37122,Marshall,,reviews,reviews
best overall mouse below 19982,mouse,0,19982,SteelSeries,,ranking,best
customer reviews mechanical keyboard in red under ₹15312 latest with good quality,keyboard,0,15312,,red,reviews,reviews
affordable gaming mouse in purple under ₹7237 lightweight with good quality,mouse,0,7237,,purple,value,value
recommended bluetooth speaker between ₹1557 and ₹48003 premium,speaker,1557,48003,,,ranking,best
budget watch in brown starting from 3273-3820 lightweight,watch,3273,3820,,brown,value,value
affordable bluetooth speaker Garmin ₹9696-17057 durable,speaker,9696,17057,Garmin,,value,value
please best reviews camera between ₹33680 and ₹230884,camera,33680,230884,Seagate,,reviews,reviews
best mouse Fujifilm below 18848 for office,mouse,0,18848,Fujifilm,,ranking,best
customer reviews speaker Lenovo starting from 19265-38199 wireless,speaker,19265,38199,Lenovo,,reviews,reviews
affordable android tablet in purple starting from 37164-49218 gaming with good quality,tablet,37164,49218,,purple,value,value
best overall monitor under ₹69689 latest with good quality,monitor,0,69689,,,ranking,best
suggest mirrorless camera under ₹117534 lightweight,camera,0,117534,,,ranking,best
best reviews headphones under ₹36435 durable,headphone,0,36435,Xiaomi,,reviews,reviews
affordable iphone below 58686,phone,0,58686,,,value,value
please value for money earbuds Reebok ₹14216-45236,headphone,14216,45236,Reebok,,value,value
worth it gaming mouse POCO ₹5629-15524 for students,mouse,5629,15524,POCO,,value,value
cheap earphones in brown below 36390 gaming with good quality,headphone,0,36390,Fujifilm,brown,value,value
budget bluetooth speaker below 49655,speaker,0,49655,,,value,value
affordable ipad under ₹48531 lightweight with good quality,tablet,0,48531,,,value,value
customer reviews ssd ₹13628-18084 lightweight,storage,13628,18084,,,reviews,reviews
worth it speaker starting from 9500-43344,speaker,9500,43344,,,value,value
pick for me ipad starting from 20385-109846 for students with good quality,tablet,20385,109846,Samsung,,ranking,best
please recommended shoe in silver starting from 1289-4508 lightweight,shoe,1289,4508,,silver,ranking,best
best reviews display ₹31327-48240,monitor,31327,48240,,,reviews,reviews
worth it mouse JBL below 13312 for office,mouse,0,13312,JBL,,value,value
best reviews tablet Puma below 99229 durable,tablet,0,99229,Puma,,reviews,reviews
highest rated ipad Realme starting from 25173-112687 lightweight,tablet,25173,112687,Realme,,reviews,reviews
top rated bluetooth speaker under ₹36452 premium,speaker,0,36452,,white,reviews,reviews
affordable ultrabook below 183125 gaming,laptop,0,183125,,yellow,value,value
please customer reviews macbook starting from 34683-132871 durable with good quality,laptop,34683,132871,,,reviews,reviews
cheap laptop in blue starting from 32518-98299 with good quality,laptop,32518,98299,,blue,value,value
worth it android tablet Fossil under ₹84464 lightweight,tablet,0,84464,Fossil,,value,value
please highest rated mirrorless camera ₹60871-225485 for students,camera,60871,225485,,,reviews,reviews
cheap watch Seagate between ₹24501 and ₹72381 for students,watch,24501,72381,Seagate,,value,value
top rated wireless headphones under ₹8727 premium,headphone,0,8727,,,reviews,reviews
pick for me macbook below 143650 with good quality,laptop,0,143650,,,ranking,best
please budget macbook Apple in purple under ₹86433 gaming,laptop,0,86433,Apple,purple,value,value
recommended ultrabook starting from 76342-104921 lightweight with good quality,laptop,76342,104921,,,ranking,best
please worth it storage Garmin ₹14333-28303 with good quality,storage,14333,28303,Garmin,,value,value
value for money smartwatch under ₹58571 wireless,watch,0,58571,,,value,value
pick for me tablet Google ₹50213-94890 lightweight with good quality,tablet,50213,94890,Google,,ranking,best
please cheap android phone under ₹19774 for students,phone,0,19774,,black,value,value
pick for me storage Nike ₹16313-36000 wireless,storage,16313,36000,Nike,,ranking,best
best overall display New Balance below 50884 lightweight,monitor,0,50884,New Balance,,ranking,best
pick for me shoes under ₹17860 gaming,shoe,0,17860,,orange,ranking,best
best overall camera New Balance in red under ₹229716 durable,camera,0,229716,New Balance,red,ranking,best
please highest rated external drive under ₹35312 wireless with good quality,storage,0,35312,,,reviews,reviews
please value for money earbuds Razer under ₹24395 premium,headphone,0,24395,Razer,,value,value
please best reviews hdd between ₹10232 and ₹37510 lightweight with good quality,storage,10232,37510,,gold,reviews,reviews
recommended smartphone starting from 10317-75380 new with good quality,phone,10317,75380,,black,ranking,best
budget bluetooth speaker below 32402 durable,speaker,0,32402,,,value,value
please suggest android phone Garmin below 67789 with good quality,phone,0,67789,Garmin,,ranking,best
worth it shoes between ₹4382 and ₹11986,shoe,4382,11986,,red,value,value
good reviews computer JBL in gray below 66225 for office with good quality,laptop,0,66225,JBL,gray,reviews,reviews
highest rated computer Asics starting from 81675-112159 lightweight,laptop,81675,112159,Asics,,reviews,reviews
worth it mechanical keyboard Garmin between ₹7413 and ₹13214 durable,keyboard,7413,13214,Garmin,,value,value
highest rated mirrorless camera under ₹242946 for office,camera,0,242946,,,reviews,reviews
value for money keyboard Huawei in gold ₹2705-5398 gaming,keyboard,2705,5398,Huawei,gold,value,value
please customer reviews smartwatch Audio-Technica under ₹36230 gaming,watch,0,36230,Audio-Technica,yellow,reviews,reviews
pick for me dslr Fossil between ₹48595 and ₹221853 latest,camera,48595,221853,Fossil,,ranking,best
please cheap camera between ₹17321 and ₹83142 for office,camera,17321,83142,,,value,value
affordable wireless headphones between ₹17130 and ₹26241 gaming,headphone,17130,26241,,brown,value,value
best running shoes starting from 7376-19976 new,shoe,7376,19976,,,ranking,best
best overall iphone Bose ₹26401-55319 wireless,phone,26401,55319,Bose,gray,ranking,best
please budget keyboard in orange starting from 7010-9374 with good quality,keyboard,7010,9374,,orange,value,value
customer reviews hdd below 16299,storage,0,16299,,,reviews,reviews
suggest mechanical keyboard below 15198 for students,keyboard,0,15198,,,ranking,best
best overall smartwatch Reebok under ₹61998 with good quality,watch,0,61998,Reebok,,ranking,best
budget external drive Audio-Technica between ₹10664 and ₹11119,storage,10664,11119,Audio-Technica,,value,value
please highest rated earbuds in orange between ₹19465 and ₹37951 gaming,headphone,19465,37951,Reebok,orange,reviews,reviews
please pick for me screen between ₹7396 and ₹75683 gaming with good quality,monitor,7396,75683,,orange,ranking,best
best reviews footwear under ₹10233,shoe,0,10233,,,reviews,reviews
best reviews watch ₹20102-69408 premium,watch,20102,69408,,,reviews,reviews
best gaming mouse Canon in silver below 4120,mouse,0,4120,Canon,silver,ranking,best
recommended fitness watch POCO starting from 10512-28281 durable,watch,10512,28281,POCO,,ranking,best
customer reviews headphone Realme ₹17190-43214 premium,headphone,17190,43214,Realme,,reviews,reviews
please value for money android tablet Dell between ₹49751 and ₹65306,tablet,49751,65306,Dell,,value,value
affordable earbuds ₹20130-48988 premium,headphone,20130,48988,,,value,value
budget notebook Corsair under ₹158228 with good quality,laptop,0,158228,Corsair,yellow,value,value
suggest monitor below 77064 for office,monitor,0,77064,Fitbit,,ranking,best
worth it monitor under ₹47395 wireless with good quality,monitor,0,47395,,,value,value
budget laptop between ₹43796 and ₹162892 lightweight,laptop,43796,162892,,,value,value
please worth it mouse starting from 7328-17390 with good quality,mouse,7328,17390,,green,value,value
please good reviews earphones below 49341 with good quality,headphone,0,49341,,,reviews,reviews
please best laptop Sennheiser in silver under ₹188704 premium,laptop,0,188704,Sennheiser,silver,ranking,best
please affordable shoe in gray between ₹4825 and ₹10663 wireless with good quality,shoe,4825,10663,,gray,value,value
best overall speaker Fujifilm in white ₹13920-46557 with good quality,speaker,13920,46557,Fujifilm,white,ranking,best
pick for me earphones starting from 4009-34000 lightweight with good quality,headphone,4009,34000,,,ranking,best
please worth it mouse ₹6166-15279,mouse,6166,15279,,,value,value
suggest screen Audio-Technica between ₹10238 and ₹16432 wireless with good quality,monitor,10238,16432,Audio-Technica,,ranking,best
pick for me headphones Motorola under ₹20211,headphone,0,20211,Motorola,,ranking,best
suggest speaker between ₹14961 and ₹22032 for office,speaker,14961,22032,,,ranking,best
worth it earbuds Samsung in orange between ₹5926 and ₹21972 latest,headphone,5926,21972,Samsung,orange,value,value
worth it screen in orange below 35993 with good quality,monitor,0,35993,,orange,value,value
worth it mouse under ₹11437 new with good quality,mouse,0,11437,,,value,value
customer reviews external drive below 32225 gaming with good quality,storage,0,32225,,,reviews,reviews
worth it bluetooth speaker starting from 17564-35287 with good quality,speaker,17564,35287,,,value,value
please suggest iphone Western Digital in silver under ₹29934 durable,phone,0,29934,Western Digital,silver,ranking,best
please budget keyboard Nike starting from 1125-15594,keyboard,1125,15594,Nike,silver,value,value
worth it phone Xiaomi under ₹21393,phone,0,21393,Xiaomi,blue,value,value
highest rated android tablet ₹34508-78784 durable with good quality,tablet,34508,78784,,navy,reviews,reviews
please good reviews keyboard ₹5551-6127,keyboard,5551,6127,,,reviews,reviews
recommended notebook Corsair in gray below 197191,laptop,0,197191,Corsair,gray,ranking,best
budget sneakers below 17475 durable,shoe,0,17475,,,value,value
best overall display between ₹8635 and ₹10333,monitor,8635,10333,,,ranking,best
best overall screen in navy below 12602 lightweight,monitor,0,12602,,navy,ranking,best
pick for me notebook in green starting from 75955-100008 new,laptop,75955,100008,,green,ranking,best
please pick for me ipad in navy between ₹33958 and ₹119400 for students,tablet,33958,119400,,navy,ranking,best
budget monitor ₹7610-23604 premium,monitor,7610,23604,,silver,value,value
pick for me camera starting from 36307-229973 gaming,camera,36307,229973,MSI,,ranking,best
recommended running shoes in red ₹3793-12014 wireless,shoe,3793,12014,,red,ranking,best
please best phone Panasonic ₹28382-34371 for office,phone,28382,34371,Panasonic,,ranking,best
affordable speaker Samsung between ₹6312 and ₹35672 for students,speaker,6312,35672,Samsung,,value,value
best reviews mouse Huawei below 9406 latest,mouse,0,9406,Huawei,,reviews,reviews
pick for me iphone in gray below 73603,phone,0,73603,,gray,ranking,best
suggest notebook below 116505 durable,laptop,0,116505,Google,gold,ranking,best
please suggest screen in red ₹15481-57960 new with good quality,monitor,15481,57960,,red,ranking,best
please suggest ultrabook between ₹53993 and ₹70955,laptop,53993,70955,Acer,,ranking,best
budget mobile Adidas below 23243 lightweight,phone,0,23243,Adidas,,value,value
recommended ssd Western Digital below 33971 with good quality,storage,0,33971,Western Digital,,ranking,best
good reviews screen ₹21160-33090 premium with good quality,monitor,21160,33090,Razer,black,reviews,reviews
please customer reviews shoe in brown under ₹3254 premium,shoe,0,3254,,brown,reviews,reviews
please value for money macbook Microsoft ₹40221-95734 premium,laptop,40221,95734,Microsoft,brown,value,value
best watch in yellow below 65508,watch,0,65508,,yellow,ranking,best
please cheap external drive Panasonic starting from 5446-6100 for students,storage,5446,6100,Panasonic,,value,value
value for money ipad Reebok starting from 44645-49825 for office,tablet,44645,49825,Reebok,,value,value
value for money mirrorless camera under ₹98740 gaming,camera,0,98740,,orange,value,value
good reviews fitness watch in white below 74391,watch,0,74391,,white,reviews,reviews
value for money computer starting from 78940-90296,laptop,78940,90296,,,value,value
please best overall smartwatch starting from 11987-42182 new with good quality,watch,11987,42182,Dell,,ranking,best
worth it ultrabook ₹70297-170594 for students,laptop,70297,170594,Fossil,green,value,value
highest rated tablet in red ₹9430-39054 durable,tablet,9430,39054,POCO,red,reviews,reviews
highest rated tablet under ₹50060 lightweight,tablet,0,50060,,gray,reviews,reviews
cheap screen Acer in yellow below 58757 premium,monitor,0,58757,Acer,yellow,value,value
worth it phone in black below 69471,phone,0,69471,HP,black,value,value
value for money camera Garmin ₹51729-156691 latest,camera,51729,156691,Garmin,,value,value
please pick for me speaker starting from 15071-43286 latest,speaker,15071,43286,,,ranking,best
value for money hdd Realme starting from 4985-13828 wireless with good quality,storage,4985,13828,Realme,,value,value
please top rated phone in blue starting from 30755-68492 new with good quality,phone,30755,68492,Lenovo,blue,reviews,reviews
value for money running shoes between ₹1375 and ₹6985 for students,shoe,1375,6985,,blue,value,value
please cheap bluetooth speaker Dell between ₹13760 and ₹35979,speaker,13760,35979,Dell,,value,value
please good reviews boots MSI below 12116 for students,shoe,0,12116,MSI,,reviews,reviews
worth it boots Adidas starting from 1676-3439 gaming,shoe,1676,3439,Adidas,,value,value
budget dslr Corsair ₹13278-59001 wireless,camera,13278,59001,Corsair,,value,value
please customer reviews earbuds between ₹17576 and ₹21412 for office,headphone,17576,21412,MSI,,reviews,reviews
please pick for me mouse Lenovo below 18237 for students with good quality,mouse,0,18237,Lenovo,,ranking,best
recommended watch JBL between ₹18889 and ₹22830 gaming with good quality,watch,18889,22830,JBL,purple,ranking,best
budget macbook Fujifilm between ₹85117 and ₹150819 new,laptop,85117,150819,Fujifilm,red,value,value
recommended fitness watch Canon starting from 2472-9949 for office,watch,2472,9949,Canon,navy,ranking,best
worth it monitor starting from 31575-61800 durable,monitor,31575,61800,,,value,value
suggest hdd Nikon between ₹6925 and ₹33221 for office,storage,6925,33221,Nikon,,ranking,best
recommended storage starting from 11038-38419 new,storage,11038,38419,,,ranking,best
please recommended laptop in black starting from 61720-70332 latest,laptop,61720,70332,,black,ranking,best
suggest smartwatch starting from 10821-46262 premium,watch,10821,46262,Fossil,,ranking,best
please good reviews computer ASUS between ₹33550 and ₹70441 new,laptop,33550,70441,ASUS,,reviews,reviews
worth it hdd in purple ₹12448-35735 wireless,storage,12448,35735,,purple,value,value
customer reviews keyboard ₹1738-14226,keyboard,1738,14226,,,reviews,reviews
highest rated mobile under ₹63750 wireless,phone,0,63750,,,reviews,reviews
affordable macbook starting from 79879-113092 new with good quality,laptop,79879,113092,,,value,value
value for money boots under ₹3501,shoe,0,3501,Canon,navy,value,value
budget earbuds Realme ₹4076-17445 for students,headphone,4076,17445,Realme,,value,value
please cheap dslr Acer in purple between ₹64341 and ₹163572,camera,64341,163572,Acer,purple,value,value
affordable phone Xiaomi ₹8013-13127 wireless,phone,8013,13127,Xiaomi,red,value,value
budget keyboard OnePlus between ₹3294 and ₹10322,keyboard,3294,10322,OnePlus,gray,value,value
value for money display in white below 73683 lightweight with good quality,monitor,0,73683,,white,value,value
value for money mirrorless camera under ₹195735 premium,camera,0,195735,,,value,value
best reviews macbook in purple between ₹62505 and ₹158231 wireless,laptop,62505,158231,,purple,reviews,reviews
please cheap mouse starting from 2942-16795,mouse,2942,16795,,blue,value,value
best reviews watch Audio-Technica in silver between ₹11562 and ₹43423 new,watch,11562,43423,Audio-Technica,silver,reviews,reviews
please suggest keyboard Marshall between ₹2076 and ₹6024,keyboard,2076,6024,Marshall,,ranking,best
value for money storage starting from 15196-31630,storage,15196,31630,,,value,value
please best earbuds Dell between ₹17441 and ₹47653,headphone,17441,47653,Dell,gray,ranking,best
recommended keyboard Marshall in yellow under ₹19417,keyboard,0,19417,Marshall,yellow,ranking,best
please suggest hdd below 26468 new,storage,0,26468,,purple,ranking,best
please good reviews hdd ₹10046-36902,storage,10046,36902,,red,reviews,reviews
please cheap camera ₹79880-245351,camera,79880,245351,,,value,value
please good reviews gaming mouse in silver between ₹4276 and ₹13803 lightweight,mouse,4276,13803,,silver,reviews,reviews
pick for me bluetooth speaker Adidas below 30566 new,speaker,0,30566,Adidas,,ranking,best
best overall storage Reebok between ₹6151 and ₹7465 lightweight with good quality,storage,6151,7465,Reebok,,ranking,best
recommended running shoes below 12344 premium,shoe,0,12344,,,ranking,best
customer reviews earbuds JBL starting from 16180-21618 for office,headphone,16180,21618,JBL,,reviews,reviews
budget screen Garmin starting from 25113-56881 premium,monitor,25113,56881,Garmin,,value,value
suggest monitor starting from 25143-78724 premium,monitor,25143,78724,,,ranking,best
please cheap footwear Kingston under ₹15941 wireless,shoe,0,15941,Kingston,,value,value
budget boots below 16267 latest,shoe,0,16267,Motorola,red,value,value
budget ssd under ₹29592 for office,storage,0,29592,,navy,value,value
budget external drive Lenovo starting from 6603-17668 lightweight,storage,6603,17668,Lenovo,,value,value
suggest laptop in red under ₹151757 gaming,laptop,0,151757,,red,ranking,best
recommended gaming mouse starting from 1800-14369,mouse,1800,14369,,,ranking,best
affordable watch in gray starting from 26459-51876 for office,watch,26459,51876,,gray,value,value
please best reviews keyboard Lenovo under ₹9859 for students,keyboard,0,9859,Lenovo,,reviews,reviews
recommended watch Sennheiser in blue starting from 14057-71922,watch,14057,71922,Sennheiser,blue,ranking,best
good reviews mirrorless camera OnePlus under ₹155616,camera,0,155616,OnePlus,,reviews,reviews
suggest mirrorless camera Nikon starting from 14095-30974 for office,camera,14095,30974,Nikon,,ranking,best
suggest footwear Sennheiser in gray under ₹12935 for students,shoe,0,12935,Sennheiser,gray,ranking,best
budget ipad in white under ₹59173 lightweight,tablet,0,59173,,white,value,value
budget ssd between ₹4544 and ₹32784 for students,storage,4544,32784,Sennheiser,,value,value
value for money android tablet under ₹51075 with good quality,tablet,0,51075,,,value,value
please best reviews headphones in navy starting from 19657-22687 durable,headphone,19657,22687,Microsoft,navy,reviews,reviews
value for money gaming mouse ₹7458-10110 premium,mouse,7458,10110,,,value,value
please best smartwatch in black below 17984 wireless,watch,0,17984,Corsair,black,ranking,best
best overall dslr below 163522,camera,0,163522,,,ranking,best
please affordable fitness watch starting from 12441-77607 lightweight with good quality,watch,12441,77607,,,value,value
budget camera in silver between ₹46196 and ₹211542 for students,camera,46196,211542,Acer,silver,value,value
highest rated storage below 30997 premium,storage,0,30997,,,reviews,reviews
value for money laptop ₹46978-191616 with good quality,laptop,46978,191616,,,value,value
pick for me screen in orange under ₹57862 new,monitor,0,57862,,orange,ranking,best
best overall fitness watch below 40546 wireless,watch,0,40546,,,ranking,best
cheap gaming mouse in yellow below 13613 latest,mouse,0,13613,Corsair,yellow,value,value
worth it display ₹16837-54514 premium,monitor,16837,54514,,black,value,value
please recommended mechanical keyboard Motorola under ₹12355 for students with good quality,keyboard,0,12355,Motorola,,ranking,best
top rated gaming mouse Xiaomi in orange ₹7422-14746 for office,mouse,7422,14746,Xiaomi,orange,reviews,reviews
recommended ssd Realme ₹4343-17367 for students,storage,4343,17367,Realme,,ranking,best
please best overall monitor ₹10706-23020 gaming,monitor,10706,23020,,,ranking,best
value for money earphones Crucial under ₹35556 with good quality,headphone,0,35556,Crucial,,value,value
highest rated shoes Fossil between ₹7567 and ₹18578,shoe,7567,18578,Fossil,,reviews,reviews
please affordable iphone ₹24548-51013,phone,24548,51013,,,value,value
recommended monitor in yellow between ₹29282 and ₹34513,monitor,29282,34513,,yellow,ranking,best
worth it mouse in yellow ₹1000-2914 durable,mouse,1000,2914,,yellow,value,value
suggest storage in brown starting from 16122-29590 for students with good quality,storage,16122,29590,,brown,ranking,best
please best overall running shoes between ₹4071 and ₹5830 for students with good quality,shoe,4071,5830,,,ranking,best
please best overall macbook below 195409 durable with good quality,laptop,0,195409,,,ranking,best
highest rated headphones below 25803,headphone,0,25803,Sony,,reviews,reviews
best overall fitness watch in white under ₹48633 lightweight,watch,0,48633,,white,ranking,best
worth it smartphone between ₹30786 and ₹66579,phone,30786,66579,,,value,value
